# Ortsverzeichnis DE/AT/CH — Quelle: GeoNames (CC BY 4.0), erzeugt mit scripts/build-orte.mjs
2950159	Berlin		DE	Berlin	ort		3426354	52.52437	13.41053
2911298	Hamburg		DE	Hamburg	ort		1739117	53.55073	9.99302
2761369	Wien	Vienna	AT	Wien	ort		1691468	48.20849	16.37208
2867714	München	Munich	DE	Bayern	ort		1260391	48.13743	11.57549
2886242	Köln		DE	Nordrhein-Westfalen	ort		963395	50.93333	6.95000
2925533	Frankfurt am Main		DE	Hessen	ort		650000	50.11552	8.68417
2928810	Essen		DE	Nordrhein-Westfalen	ort		593085	51.45657	7.01228
2825297	Stuttgart		DE	Baden-Württemberg	ort		589793	48.78232	9.17702
2935517	Dortmund		DE	Nordrhein-Westfalen	ort		588462	51.51494	7.46600
2934246	Düsseldorf		DE	Nordrhein-Westfalen	ort		573057	51.22172	6.77616
2944388	Bremen		DE	Bremen	ort		546501	53.07582	8.80717
2910831	Hannover		DE	Niedersachsen	ort		515140	52.37052	9.73322
2879139	Leipzig		DE	Sachsen	ort		504971	51.33962	12.37129
2934691	Duisburg		DE	Nordrhein-Westfalen	ort		504358	51.43247	6.76516
2861650	Nürnberg		DE	Bayern	ort		499237	49.45421	11.07752
2935022	Dresden		DE	Sachsen	ort		486854	51.05089	13.73832
2911285	Wandsbek		DE	Hamburg	stadtteil	Hamburg	411422	53.58334	10.08305
2947416	Bochum		DE	Nordrhein-Westfalen	ort		385729	51.48165	7.21648
6941055	Bochum-Hordel		DE	Nordrhein-Westfalen	stadtteil	Bochum	380000	51.50168	7.17560
2805753	Wuppertal		DE	Nordrhein-Westfalen	ort		360797	51.25627	7.14816
2657896	Zürich		CH	Zürich	ort		341730	47.36667	8.55000
2949186	Bielefeld		DE	Nordrhein-Westfalen	ort		331906	52.03333	8.53333
2946447	Bonn		DE	Nordrhein-Westfalen	ort		313125	50.73438	7.09549
2873891	Mannheim		DE	Baden-Württemberg	ort		307960	49.48910	8.46694
2911287	Marienthal		DE	Hamburg	stadtteil	Hamburg	287101	53.56667	10.08333
2892794	Karlsruhe		DE	Baden-Württemberg	ort		283799	49.00937	8.40444
8354626	Hamburg-Nord		DE	Hamburg	stadtteil	Hamburg	280000	53.58935	9.98400
2809346	Wiesbaden		DE	Hessen	ort		272432	50.08258	8.24932
2867543	Münster		DE	Nordrhein-Westfalen	ort		270184	51.96236	7.62571
2921466	Gelsenkirchen		DE	Nordrhein-Westfalen	ort		270028	51.50508	7.09654
3247449	Aachen		DE	Nordrhein-Westfalen	ort		265208	50.77664	6.08342
2869894	Mönchengladbach		DE	Nordrhein-Westfalen	ort		261742	51.18539	6.44172
2954172	Augsburg		DE	Bayern	ort		259196	48.37154	10.89851
2911293	Eimsbüttel		DE	Hamburg	stadtteil	Hamburg	251907	53.57416	9.95679
2911296	Altona		DE	Hamburg	stadtteil	Hamburg	250192	53.55000	9.93333
2940132	Chemnitz		DE	Sachsen	ort		247220	50.83570	12.92922
2945024	Braunschweig		DE	Niedersachsen	ort		244715	52.26594	10.52673
2884509	Krefeld		DE	Nordrhein-Westfalen	ort		237984	51.33645	6.55381
2911522	Halle (Saale)		DE	Sachsen-Anhalt	ort		234107	51.48158	11.97947
2911288	Hamburg-Mitte		DE	Hamburg	stadtteil	Hamburg	233144	53.55000	10.01667
2891122	Kiel		DE	Schleswig-Holstein	ort		232758	54.32133	10.13489
2874545	Magdeburg		DE	Sachsen-Anhalt	ort		229826	52.12773	11.62916
2864072	Neue Neustadt		DE	Sachsen-Anhalt	stadtteil	Magdeburg	226851	52.15000	11.63333
2778067	Graz		AT	Steiermark	ort		222326	47.06667	15.45000
2860410	Oberhausen		DE	Nordrhein-Westfalen	ort		219176	51.47805	6.86250
2925177	Freiburg		DE	Baden-Württemberg	ort		215966	47.99590	7.85222
2875601	Lübeck		DE	Schleswig-Holstein	ort		212207	53.86893	10.68729
2772400	Linz		AT	Oberösterreich	ort		204846	48.30639	14.28611
2929670	Erfurt		DE	Thüringen	ort		203254	50.97870	11.03283
2910685	Harburg		DE	Hamburg	stadtteil	Hamburg	202571	53.46057	9.98388
8063098	Favoriten		AT	Wien	stadtteil	Wien	201882	48.16116	16.38233
2912621	Hagen		DE	Nordrhein-Westfalen	ort		198972	51.36081	7.47168
2844588	Rostock		DE	Mecklenburg-Vorpommern	ort		198293	54.08870	12.14049
2892518	Kassel		DE	Hessen	ort		194501	51.31667	9.50000
11903636	Donaustadt		AT	Wien	stadtteil	Wien	187007	48.23330	16.46002
2911240	Hamm		DE	Nordrhein-Westfalen	ort		185327	51.68033	7.82089
2874225	Mainz		DE	Rheinland-Pfalz	ort		184997	49.98419	8.27910
2660646	Genève		CH	Genf	ort		183981	46.20222	6.14569
2842647	Saarbrücken		DE	Saarland	ort		181227	49.23262	7.00982
2905891	Herne		DE	Nordrhein-Westfalen	ort		172108	51.53880	7.22572
2867838	Mülheim		DE	Nordrhein-Westfalen	ort		171000	51.43218	6.87967
2864695	Neukölln		DE	Berlin	stadtteil	Berlin	167248	52.47719	13.43126
2856883	Osnabrück		DE	Niedersachsen	ort		166462	52.27264	8.04980
2661604	Basel		CH	Basel-Stadt	ort		164488	47.55839	7.57327
2831580	Solingen		DE	Nordrhein-Westfalen	ort		164359	51.17343	7.08450
2875376	Ludwigshafen am Rhein		DE	Rheinland-Pfalz	ort		163196	49.48121	8.44641
2779469	Floridsdorf		AT	Wien	stadtteil	Wien	162779	48.25000	16.40000
2878234	Leverkusen		DE	Nordrhein-Westfalen	ort		162738	51.03030	6.98432
2857458	Oldenburg		DE	Niedersachsen	ort		159218	53.14118	8.21467
2766824	Salzburg		AT	Salzburg	ort		153377	47.79941	13.04399
2864118	Neuss		DE	Nordrhein-Westfalen	ort		152457	51.19807	6.68504
2852217	Prenzlauer Berg		DE	Berlin	stadtteil	Berlin	148878	52.53878	13.42443
2884161	Kreuzberg		DE	Berlin	stadtteil	Berlin	147532	52.49973	13.40338
2852458	Potsdam		DE	Brandenburg	ort		145292	52.39886	13.06566
2907911	Heidelberg		DE	Baden-Württemberg	ort		143345	49.40768	8.69079
2855745	Paderborn		DE	Nordrhein-Westfalen	ort		142161	51.71905	8.75439
2938913	Darmstadt		DE	Hessen	ort		140385	49.87167	8.65027
2805615	Würzburg		DE	Bayern	ort		133731	49.79391	9.95121
2775220	Innsbruck		AT	Tirol	ort		132493	47.26266	11.39454
2849483	Regensburg		DE	Bayern	ort		129151	49.01513	12.10161
2806654	Wolfsburg		DE	Niedersachsen	ort		123064	52.42452	10.78150
2849647	Recklinghausen		DE	Nordrhein-Westfalen	ort		122438	51.61379	7.19738
2918632	Göttingen		DE	Niedersachsen	ort		122149	51.53443	9.93228
2661552	Bern		CH	Bern	ort		121631	46.94809	7.44744
2907669	Heilbronn		DE	Baden-Württemberg	ort		120733	49.13995	9.22054
2895992	Ingolstadt		DE	Bayern	ort		120658	48.76508	11.42372
2820256	Ulm		DE	Baden-Württemberg	ort		120451	48.39841	9.99155
2945756	Bottrop		DE	Nordrhein-Westfalen	ort		119909	51.52392	6.92850
2940187	Charlottenburg		DE	Berlin	stadtteil	Berlin	119857	52.51667	13.28333
7290243	Bergedorf		DE	Hamburg	stadtteil	Hamburg	119665	53.48462	10.22904
2853969	Pforzheim		DE	Baden-Württemberg	ort		119313	48.88436	8.69892
2857807	Offenbach		DE	Hessen	ort		119192	50.10061	8.76647
2924573	Friedrichshain		DE	Berlin	stadtteil	Berlin	117829	52.51559	13.45482
2944368	Bremerhaven		DE	Bremen	ort		117446	53.53615	8.59298
2848273	Remscheid		DE	Nordrhein-Westfalen	ort		117118	51.17983	7.19250
2659994	Lausanne		CH	Waadt	ort		116751	46.51600	6.63282
2836788	Schöneberg		DE	Berlin	stadtteil	Berlin	115976	52.46667	13.35000
2862375	Nippes		DE	Nordrhein-Westfalen	stadtteil	Köln	113487	50.96545	6.95314
2847736	Reutlingen		DE	Baden-Württemberg	ort		112627	48.49144	9.20427
2923544	Fürth		DE	Bayern	ort		112025	49.47593	10.98856
2870221	Moers		DE	Nordrhein-Westfalen	ort		107816	51.45342	6.63260
2886946	Koblenz		DE	Rheinland-Pfalz	ort		107319	50.35357	7.57883
2832495	Siegen		DE	Nordrhein-Westfalen	ort		107242	50.87481	8.02431
2950349	Bergisch Gladbach		DE	Nordrhein-Westfalen	ort		106184	50.98560	7.13298
2895044	Jena		DE	Thüringen	ort		104712	50.92878	11.58990
2921232	Gera		DE	Thüringen	ort		104659	50.88029	12.08187
2769359	Ottakring		AT	Wien	stadtteil	Wien	104627	48.21667	16.30000
2873074	Marzahn		DE	Berlin	stadtteil	Berlin	103768	52.54525	13.56983
2904789	Hildesheim		DE	Niedersachsen	ort		103052	52.15077	9.95112
2929567	Erlangen		DE	Bayern	ort		102675	49.59099	11.00783
2765028	Simmering		AT	Wien	stadtteil	Wien	101420	48.18333	16.43333
2807363	Witten		DE	Nordrhein-Westfalen	ort		101247	51.44362	7.35258
2842150	Salzgitter		DE	Niedersachsen	ort		101079	52.15705	10.41540
2821164	Trier		DE	Rheinland-Pfalz	ort		100129	49.75565	6.63935
2803560	Zwickau		DE	Sachsen	ort		98796	50.72724	12.48839
2894003	Kaiserslautern		DE	Rheinland-Pfalz	ort		98732	49.44300	7.77161
2895669	Iserlohn		DE	Nordrhein-Westfalen	ort		97910	51.37547	7.70281
2771706	Meidling		AT	Wien	stadtteil	Wien	97624	48.16667	16.33333
2834282	Schwerin		DE	Mecklenburg-Vorpommern	ort		96641	53.62937	11.41316
2913366	Gütersloh		DE	Nordrhein-Westfalen	ort		96180	51.90693	8.37853
2808473	Wilmersdorf		DE	Berlin	stadtteil	Berlin	94113	52.48333	13.31667
2934486	Düren		DE	Nordrhein-Westfalen	ort		93440	50.80434	6.49299
2928751	Esslingen		DE	Baden-Württemberg	ort		92390	48.73961	9.30473
2657970	Winterthur		CH	Zürich	ort		91908	47.50564	8.72413
2850174	Ratingen		DE	Nordrhein-Westfalen	ort		91606	51.29724	6.84929
2873263	Marl		DE	Nordrhein-Westfalen	ort		91398	51.65671	7.09038
2875107	Lünen		DE	Nordrhein-Westfalen	ort		91009	51.61634	7.52872
2774326	Klagenfurt am Wörthersee		AT	Kärnten	ort		90610	46.62472	14.30528
2911007	Hanau am Main		DE	Hessen	ort		88648	50.13423	8.91418
2817724	Velbert		DE	Nordrhein-Westfalen	ort		87669	51.33537	7.04348
2875392	Ludwigsburg		DE	Baden-Württemberg	ort		87603	48.89731	9.19161
2926271	Flensburg		DE	Schleswig-Holstein	ort		85838	54.78431	9.43961
2920789	Gesundbrunnen		DE	Berlin	stadtteil	Berlin	84789	52.55035	13.39139
2939811	Cottbus		DE	Brandenburg	ort		84754	51.75769	14.32888
2808720	Wilhelmshaven		DE	Niedersachsen	ort		84393	53.52998	8.11253
2820860	Tübingen		DE	Baden-Württemberg	ort		83416	48.52266	9.05222
2871039	Minden		DE	Nordrhein-Westfalen	ort		82879	52.28953	8.91455
2817220	Villingen-Schwenningen		DE	Baden-Württemberg	ort		81770	48.06226	8.49358
2885679	Konstanz		DE	Baden-Württemberg	ort		81275	47.66033	9.17582
6545310	Mitte		DE	Berlin	stadtteil	Berlin	81205	52.52003	13.40489
2806142	Worms		DE	Rheinland-Pfalz	ort		81099	49.63278	8.35916
2878018	Lichterfelde		DE	Berlin	stadtteil	Berlin	80149	52.43330	13.30762
2935530	Dorsten		DE	Nordrhein-Westfalen	ort		79981	51.66166	6.96514
2875457	Lüdenscheid		DE	Nordrhein-Westfalen	ort		79386	51.21977	7.62730
2873759	Marburg an der Lahn		DE	Hessen	ort		78895	50.80904	8.77069
2864475	Neumünster		DE	Schleswig-Holstein	ort		78383	54.07477	9.98195
2813472	Wedding		DE	Berlin	stadtteil	Berlin	78290	52.54734	13.35594
2940231	Castrop-Rauxel		DE	Nordrhein-Westfalen	ort		77924	51.55657	7.31155
2947022	Bogenhausen		DE	Bayern	stadtteil	München	77542	48.15221	11.61585
2937959	Dessau		DE	Sachsen-Anhalt	ort		77315	51.83864	12.24555
2920236	Gladbeck		DE	Nordrhein-Westfalen	ort		76940	51.57077	6.98593
2955471	Arnsberg		DE	Nordrhein-Westfalen	ort		76612	51.38333	8.08333
2847645	Rheine		DE	Nordrhein-Westfalen	ort		76491	52.28509	7.44055
2817311	Viersen		DE	Nordrhein-Westfalen	ort		76153	51.25435	6.39441
2938323	Delmenhorst		DE	Niedersachsen	ort		75893	53.05110	8.63091
2848756	Reinickendorf		DE	Berlin	stadtteil	Berlin	75414	52.56667	13.33333
2951825	Bayreuth		DE	Bayern	ort		75061	49.94782	11.57893
2906809	Hellersdorf		DE	Berlin	stadtteil	Berlin	74847	52.53319	13.60880
2821029	Troisdorf		DE	Nordrhein-Westfalen	ort		74749	50.80901	7.14968
2920512	Gießen		DE	Hessen	ort		74411	50.58727	8.67554
2947421	Bocholt		DE	Nordrhein-Westfalen	ort		73943	51.83879	6.61531
2937936	Detmold		DE	Nordrhein-Westfalen	ort		73680	51.93855	8.87318
2829109	Steglitz		DE	Berlin	stadtteil	Berlin	72464	52.45606	13.33200
2862026	Norderstedt		DE	Schleswig-Holstein	ort		71439	53.68590	9.98041
2875115	Lüneburg		DE	Niedersachsen	ort		71260	53.25090	10.41409
2940213	Celle		DE	Niedersachsen	ort		71010	52.62264	10.08047
2870310	Moabit		DE	Berlin	stadtteil	Berlin	70911	52.52635	13.33903
2936871	Dinslaken		DE	Nordrhein-Westfalen	ort		70573	51.56227	6.74340
2658822	St. Gallen	Sankt Gallen	CH	St. Gallen	ort		70572	47.42391	9.37477
2952984	Bamberg		DE	Bayern	ort		70047	49.89873	10.90067
2955272	Aschaffenburg		DE	Bayern	ort		68551	49.97704	9.15214
2866135	Neubrandenburg		DE	Mecklenburg-Vorpommern	ort		68082	53.56414	13.27532
2876865	Lippstadt		DE	Nordrhein-Westfalen	ort		67219	51.67369	8.34482
2959927	Aalen		DE	Baden-Württemberg	ort		67085	48.83777	10.09330
2863840	Neuwied		DE	Rheinland-Pfalz	ort		66805	50.43360	7.47057
2820087	Unna		DE	Nordrhein-Westfalen	ort		66734	51.53795	7.68969
2853292	Plauen		DE	Sachsen	ort		66412	50.49730	12.13782
2905560	Herten		DE	Nordrhein-Westfalen	ort		65306	51.59638	7.14387
2906121	Herford		DE	Nordrhein-Westfalen	ort		64879	52.11457	8.67343
2917540	Grevenbroich		DE	Nordrhein-Westfalen	ort		64779	51.09102	6.58270
2812482	Weimar		DE	Thüringen	ort		64727	50.98030	11.32903
2891524	Kerpen		DE	Nordrhein-Westfalen	ort		64226	50.86991	6.69691
2923822	Fulda		DE	Hessen	ort		63760	50.55162	9.67518
2935825	Dormagen		DE	Nordrhein-Westfalen	ort		63582	51.09683	6.83167
2950438	Bergheim		DE	Nordrhein-Westfalen	ort		63558	50.95572	6.63986
2922586	Garbsen		DE	Niedersachsen	ort		63355	52.41371	9.58990
2659836	Lugano		CH	Tessin	ort		63000	46.01008	8.96004
2810678	Wesel		DE	Nordrhein-Westfalen	ort		61685	51.66690	6.62037
2891621	Kempten (Allgäu)		DE	Bayern	ort		61399	47.72674	10.31389
2835482	Schwäbisch Gmünd		DE	Baden-Württemberg	ort		61338	48.79947	9.79809
2831948	Sindelfingen		DE	Baden-Württemberg	ort		61311	48.70000	9.01667
2881485	Landshut		DE	Bayern	ort		60488	48.52961	12.16179
2844988	Rosenheim		DE	Bayern	ort		60167	47.85637	12.12247
2885656	Köpenick		DE	Berlin	stadtteil	Berlin	60128	52.44550	13.57455
2945358	Brandenburg an der Havel		DE	Brandenburg	ort		59826	52.41667	12.55000
2842884	Rüsselsheim		DE	Hessen	ort		59730	49.98955	8.42251
2885657	Berlin Köpenick		DE	Berlin	stadtteil	Berlin	59561	52.44254	13.58228
2881085	Langenfeld		DE	Nordrhein-Westfalen	ort		59378	51.10821	6.94831
2857798	Offenburg		DE	Baden-Württemberg	ort		59238	48.47377	7.94495
2826287	Stralsund		DE	Mecklenburg-Vorpommern	ort		58976	54.30911	13.08180
2762372	Villach		AT	Kärnten	ort		58882	46.61028	13.85583
2826595	Stolberg		DE	Nordrhein-Westfalen	ort		58874	50.77368	6.22595
2911271	Hameln		DE	Niedersachsen	ort		58666	52.10397	9.35623
2805059	Zehlendorf		DE	Berlin	stadtteil	Potsdam	58469	52.43333	13.25000
2871983	Menden		DE	Nordrhein-Westfalen	ort		58451	51.44337	7.77825
2924585	Friedrichshafen		DE	Baden-Württemberg	ort		58403	47.65689	9.47554
2919054	Göppingen		DE	Baden-Württemberg	ort		58040	48.70354	9.65209
2918987	Görlitz		DE	Sachsen	ort		57751	51.15518	14.98853
2776488	Hernals		AT	Wien	stadtteil	Wien	57546	48.23333	16.26667
2855598	Pankow		DE	Berlin	stadtteil	Berlin	57113	52.56926	13.40186
2659811	Luzern		CH	Luzern	ort		57066	47.05048	8.30635
2909230	Hattingen		DE	Nordrhein-Westfalen	ort		56866	51.39894	7.18557
2823538	Tempelhof		DE	Berlin	stadtteil	Berlin	56669	52.46667	13.40000
2904795	Hilden		DE	Nordrhein-Westfalen	ort		56565	51.16818	6.93093
2841648	Sankt Augustin		DE	Nordrhein-Westfalen	ort		56094	50.77538	7.19700
2928963	Eschweiler		DE	Nordrhein-Westfalen	ort		55778	50.81854	6.27184
2959223	Ahlen		DE	Nordrhein-Westfalen	ort		55280	51.76338	7.88870
2953358	Bad Salzuflen		DE	Nordrhein-Westfalen	ort		54899	52.08620	8.74434
2928396	Euskirchen		DE	Nordrhein-Westfalen	ort		54889	50.66057	6.78722
2872504	Meerbusch		DE	Nordrhein-Westfalen	ort		54826	51.25268	6.68807
2806914	Wolfenbüttel		DE	Niedersachsen	ort		54740	52.16442	10.54095
2897216	Hürth		DE	Nordrhein-Westfalen	ort		54678	50.87079	6.86761
2776421	Hietzing		AT	Wien	stadtteil	Wien	54265	48.18623	16.29650
6295533	Zürich (Kreis 11)		CH	Zürich	stadtteil	Zürich	54260	47.42326	8.52166
2953504	Baden-Baden		DE	Baden-Württemberg	ort		54239	48.76060	8.23975
2834498	Schweinfurt		DE	Bayern	ort		54012	50.04937	10.22175
2864054	Neustadt		DE	Rheinland-Pfalz	ort		53984	49.35009	8.13886
2851746	Pulheim		DE	Nordrhein-Westfalen	ort		53762	50.99965	6.80632
8334622	Neu-Hohenschönhausen		DE	Berlin	stadtteil	Berlin	53374	52.56681	13.51255
2913761	Gummersbach		DE	Nordrhein-Westfalen	ort		53131	51.02608	7.56473
2815330	Waiblingen		DE	Baden-Württemberg	ort		52945	48.83241	9.31641
2861934	Nordhorn		DE	Niedersachsen	ort		52803	52.43081	7.06833
2917788	Greifswald		DE	Mecklenburg-Vorpommern	ort		52731	54.09311	13.38786
2939658	Cuxhaven		DE	Niedersachsen	ort		52677	53.86828	8.69902
2809889	Wetzlar		DE	Hessen	ort		52656	50.56109	8.50495
2950344	Bergkamen		DE	Nordrhein-Westfalen	ort		52329	51.61633	7.64451
2953436	Bad Homburg vor der Höhe		DE	Hessen	ort		51859	50.22683	8.61816
2808559	Willich		DE	Nordrhein-Westfalen	ort		51843	51.26371	6.54734
2925535	Frankfurt (Oder)		DE	Brandenburg	ort		51691	52.34714	14.55062
2930596	Emden		DE	Niedersachsen	ort		51526	53.36745	7.20778
2863941	Neu-Ulm		DE	Bayern	ort		51389	48.39279	10.01112
2877088	Lingen		DE	Niedersachsen	ort		51310	52.52143	7.31845
2807748	Winterhude		DE	Hamburg	stadtteil	Hamburg	51297	53.60000	10.00000
2929671	Erftstadt		DE	Nordrhein-Westfalen	ort		51207	50.81481	6.79387
2866110	Neubrück		DE	Nordrhein-Westfalen	ort		51109	51.13434	6.63857
2896817	Ibbenbüren		DE	Nordrhein-Westfalen	ort		50577	52.27964	7.71457
2855328	Passau		DE	Bayern	ort		50560	48.56650	13.43122
2881062	Langenhagen		DE	Niedersachsen	ort		50439	52.44758	9.73741
2834265	Schwerte		DE	Nordrhein-Westfalen	ort		50399	51.44387	7.56750
2830582	Speyer		DE	Rheinland-Pfalz	ort		50343	49.32083	8.43111
2907851	Heidenheim an der Brenz		DE	Baden-Württemberg	ort		50067	48.67798	10.15162
7290255	Berlin Treptow		DE	Berlin	stadtteil	Berlin	50000	52.49376	13.44469
2855047	Peine		DE	Niedersachsen	ort		49953	52.31928	10.23520
2873606	Mariendorf		DE	Berlin	stadtteil	Berlin	49917	52.43780	13.38109
2864435	Neunkirchen		DE	Saarland	ort		49843	49.34449	7.18045
2953386	Bad Oeynhausen		DE	Nordrhein-Westfalen	ort		49513	52.20699	8.80365
2878044	Lichtenrade		DE	Berlin	stadtteil	Berlin	49489	52.39844	13.40637
2780741	Dornbirn		AT	Vorarlberg	ort		49278	47.41427	9.74195
2902768	Hof		DE	Bayern	ort		49239	50.31297	11.91261
2924599	Friedrichsfelde		DE	Berlin	stadtteil	Berlin	49109	52.50575	13.50812
2887835	Kleve		DE	Nordrhein-Westfalen	ort		49072	51.78826	6.13865
2849802	Ravensburg		DE	Baden-Württemberg	ort		48825	47.78198	9.61062
2925259	Frechen		DE	Nordrhein-Westfalen	ort		48733	50.91485	6.81180
2930821	Elmshorn		DE	Schleswig-Holstein	ort		48703	53.75396	9.65339
2661513	Biel/Bienne		CH	Bern	ort		48614	47.13713	7.24608
2946111	Bornheim		DE	Nordrhein-Westfalen	ort		48523	50.76313	6.99089
2831708	Soest		DE	Nordrhein-Westfalen	ort		48037	51.57558	8.10619
2850257	Rastatt		DE	Baden-Württemberg	ort		47906	48.85851	8.20965
2929600	Erkrath		DE	Nordrhein-Westfalen	ort		47815	51.22235	6.90831
2813187	Weißensee		DE	Berlin	stadtteil	Berlin	47693	52.55632	13.46649
6930414	Stuttgart-Ost		DE	Baden-Württemberg	stadtteil	Stuttgart	47500	48.78363	9.21032
2934662	Dülmen		DE	Nordrhein-Westfalen	ort		47495	51.83149	7.28075
2925550	Frankenthal		DE	Rheinland-Pfalz	ort		47438	49.53414	8.35357
2905455	Herzogenrath		DE	Nordrhein-Westfalen	ort		47381	50.86874	6.09317
2875881	Lörrach		DE	Baden-Württemberg	ort		47002	47.61497	7.66457
2958595	Albstadt		DE	Baden-Württemberg	ort		46664	48.21644	9.02596
2918752	Gotha		DE	Thüringen	ort		46615	50.94823	10.70193
2872079	Melle		DE	Niedersachsen	ort		46514	52.20197	8.33826
2958141	Alsdorf		DE	Nordrhein-Westfalen	ort		46340	50.87673	6.16399
2947444	Böblingen		DE	Baden-Württemberg	ort		46282	48.68212	9.01171
2917138	Gronau		DE	Nordrhein-Westfalen	ort		46161	52.21099	7.02238
2847690	Rheda-Wiedenbrück		DE	Nordrhein-Westfalen	ort		46123	51.84967	8.30017
6295532	Zürich (Kreis 3)		CH	Zürich	stadtteil	Zürich	46018	47.35785	8.50296
2864058	Neustadt am Rübenberge		DE	Niedersachsen	ort		45942	52.50462	9.45871
2893438	Kamen		DE	Nordrhein-Westfalen	ort		45927	51.59231	7.66380
2878695	Leonberg		DE	Baden-Württemberg	ort		45711	48.80000	9.01667
2831924	Singen		DE	Baden-Württemberg	ort		45696	47.75935	8.84030
2829901	Stade		DE	Niedersachsen	ort		45634	53.59337	9.47629
2832561	Langenhorn		DE	Hamburg	stadtteil	Norderstedt	45586	53.66667	10.01667
2906376	Hennef		DE	Nordrhein-Westfalen	ort		45409	50.77555	7.28308
2941694	Bünde		DE	Nordrhein-Westfalen	ort		45403	52.19837	8.58644
2872347	Meiderich		DE	Nordrhein-Westfalen	stadtteil	Duisburg	45297	51.46667	6.76667
2807465	Wismar		DE	Mecklenburg-Vorpommern	ort		45255	53.89314	11.45286
6295534	Zürich (Kreis 9)		CH	Zürich	stadtteil	Zürich	44878	47.38245	8.47993
2761353	Wiener Neustadt		AT	Niederösterreich	ort		44820	47.80485	16.23196
2956656	Amberg		DE	Bayern	ort		44737	49.44287	11.86267
2929622	Erkelenz		DE	Nordrhein-Westfalen	ort		44650	51.07947	6.31531
2899449	Homburg		DE	Saarland	ort		44607	49.32637	7.33867
2826099	Straubing		DE	Bayern	ort		44580	48.88126	12.57385
7289614	Halle Neustadt		DE	Sachsen-Anhalt	ort		44515	51.47924	11.91605
2943320	Brühl		DE	Nordrhein-Westfalen	ort		44137	50.82928	6.90499
2927268	Fellbach		DE	Baden-Württemberg	ort		43935	48.80912	9.27697
2879367	Lehrte		DE	Niedersachsen	ort		43920	52.37193	9.97919
2861982	Nordhausen		DE	Thüringen	ort		43912	51.50180	10.79570
2881885	Lahr		DE	Baden-Württemberg	ort		43863	48.34042	7.86886
2931574	Eisenach		DE	Thüringen	ort		43846	50.98070	10.31522
2898304	Hoyerswerda		DE	Sachsen	ort		43681	51.43787	14.23549
2925192	Freiberg		DE	Sachsen	ort		43670	50.91089	13.33881
2853574	Pirmasens		DE	Rheinland-Pfalz	ort		43582	49.20145	7.60529
2918840	Goslar		DE	Niedersachsen	ort		43560	51.90425	10.42766
3336891	Filderstadt		DE	Baden-Württemberg	ort		43550	48.65698	9.22049
2824948	Suhl		DE	Thüringen	ort		43509	50.60911	10.69401
2812174	Weinheim		DE	Baden-Württemberg	ort		43325	49.54887	8.66697
3336893	Rodgau		DE	Hessen	ort		43315	50.02627	8.88588
2953416	Bad Kreuznach		DE	Rheinland-Pfalz	ort		43213	49.84140	7.86713
2869791	Monheim am Rhein		DE	Nordrhein-Westfalen	ort		43038	51.09162	6.89217
2920478	Gifhorn		DE	Niedersachsen	ort		43000	52.47774	10.55110
2943560	Bruchsal		DE	Baden-Württemberg	ort		42785	49.12426	8.59804
2843729	Rottenburg		DE	Baden-Württemberg	ort		42721	48.47629	8.93528
8334624	Alt-Hohenschönhausen		DE	Berlin	stadtteil	Berlin	42609	52.54608	13.50130
2925034	Freising		DE	Bayern	ort		42570	48.40351	11.74876
2829962	Staaken		DE	Berlin	stadtteil	Potsdam	42566	52.53661	13.15057
2813040	Weiden		DE	Bayern	ort		42550	49.67682	12.15613
2892080	Kaufbeuren		DE	Bayern	ort		42505	47.88238	10.62192
2858738	Oberursel		DE	Hessen	ort		42448	50.20731	8.57747
2866333	Nettetal		DE	Nordrhein-Westfalen	ort		42417	51.31667	6.28333
2658377	Thun		CH	Bern	ort		42136	46.75118	7.62166
2894375	Kaarst		DE	Nordrhein-Westfalen	ort		42112	51.22929	6.61883
2805761	Wunstorf		DE	Niedersachsen	ort		42080	52.42377	9.43585
2933882	Eberswalde		DE	Brandenburg	ort		41980	52.83492	13.81951
2951881	Bautzen		DE	Sachsen	ort		41972	51.18035	14.43494
2878943	Lemgo		DE	Nordrhein-Westfalen	ort		41943	52.02786	8.89901
2939951	Coburg		DE	Bayern	ort		41901	50.25937	10.96384
2949012	Bietigheim-Bissingen		DE	Baden-Württemberg	ort		41769	48.94407	9.11755
8593865	Mülheim		DE	Nordrhein-Westfalen	stadtteil	Köln	41711	50.96639	7.00384
2881646	Landau in der Pfalz		DE	Rheinland-Pfalz	ort		41612	49.19844	8.11692
2907201	Heinsberg		DE	Nordrhein-Westfalen	ort		41505	51.06358	6.09980
2833564	Seevetal		DE	Niedersachsen	ort		41266	53.40000	9.96667
2880498	Lankwitz		DE	Berlin	stadtteil	Berlin	41242	52.43623	13.34590
2885734	Königswinter		DE	Nordrhein-Westfalen	ort		41164	50.68376	7.18675
2871992	Memmingen		DE	Bayern	ort		41135	47.98372	10.18527
2816630	Völklingen		DE	Saarland	ort		41132	49.25162	6.85873
2946228	Borken		DE	Nordrhein-Westfalen	ort		40876	51.84382	6.85774
2843350	Rudow		DE	Berlin	stadtteil	Berlin	40802	52.42407	13.48529
2857129	Oranienburg		DE	Brandenburg	ort		40793	52.75577	13.24197
2853658	Pinneberg		DE	Schleswig-Holstein	ort		40577	53.66732	9.78936
2935220	Dreieich		DE	Hessen	ort		40367	50.01997	8.69611
2853572	Pirna		DE	Sachsen	ort		40322	50.95843	13.93702
2954006	Aurich		DE	Niedersachsen	ort		40319	53.46919	7.48232
7932342	Barmbek-Nord		DE	Hamburg	stadtteil	Hamburg	40261	53.60520	10.03988
2861632	Nürtingen		DE	Baden-Württemberg	ort		40210	48.62565	9.34203
2890473	Kirchheim unter Teck		DE	Baden-Württemberg	ort		40206	48.64683	9.45378
2882087	Laatzen		DE	Niedersachsen	ort		40038	52.31506	9.79739
2898111	Hückelhoven		DE	Nordrhein-Westfalen	ort		39828	51.05550	6.22658
2939623	Dachau		DE	Bayern	ort		39740	48.26000	11.43402
2911665	Halberstadt		DE	Sachsen-Anhalt	ort		39729	51.89562	11.05622
2836320	Schorndorf		DE	Baden-Württemberg	ort		39697	48.80537	9.52721
2864549	Neumarkt in der Oberpfalz		DE	Bayern	ort		39557	49.28028	11.46278
2871535	Mettmann		DE	Nordrhein-Westfalen	ort		39550	51.25040	6.97536
2876187	Löhne		DE	Nordrhein-Westfalen	ort		39521	52.18848	8.69220
2893264	Kamp-Lintfort		DE	Nordrhein-Westfalen	ort		39490	51.50467	6.54587
2944027	Britz		DE	Berlin	stadtteil	Berlin	39488	52.44293	13.43388
2950978	Bensheim		DE	Hessen	ort		39439	49.68369	8.61839
2832521	Siegburg		DE	Nordrhein-Westfalen	ort		39135	50.80019	7.20769
7118093	Gallus		DE	Hessen	stadtteil	Frankfurt am Main	39130	50.10038	8.62950
2925017	Freital		DE	Sachsen	ort		39027	51.00166	13.64880
2928615	Ettlingen		DE	Baden-Württemberg	ort		38942	48.94094	8.40763
2817065	Voerde		DE	Nordrhein-Westfalen	ort		38759	51.59703	6.68630
2814127	Warendorf		DE	Nordrhein-Westfalen	ort		38707	51.95109	7.98756
2841590	Sankt Ingbert		DE	Saarland	ort		38697	49.27697	7.11672
2957773	Altenburg		DE	Thüringen	ort		38568	50.98763	12.43684
2835537	Schwabach		DE	Bayern	ort		38554	49.33047	11.02346
2810538	Westend		DE	Berlin	stadtteil	Berlin	38501	52.51708	13.27636
2942122	Buckow		DE	Berlin	stadtteil	Berlin	38474	52.43200	13.46018
2842632	Saarlouis		DE	Saarland	ort		38333	49.31366	6.75154
2764359	Steyr		AT	Oberösterreich	ort		38331	48.04274	14.42127
2874230	Maintal		DE	Hessen	ort		38313	50.15000	8.83333
2940451	Buxtehude		DE	Niedersachsen	ort		38192	53.46716	9.68636
2959279	Ahaus		DE	Nordrhein-Westfalen	ort		38165	52.07936	7.01344
2867996	Mühlhausen		DE	Thüringen	ort		38108	51.20896	10.45275
2834629	Schwedt (Oder)		DE	Brandenburg	ort		38001	53.05963	14.28154
8593856	Neustadt/Süd		DE	Nordrhein-Westfalen	stadtteil	Köln	37939	50.92509	6.94762
2951654	Beckum		DE	Nordrhein-Westfalen	ort		37814	51.75571	8.04075
2911395	Haltern am See		DE	Nordrhein-Westfalen	ort		37788	51.74297	7.18163
2902533	Hofheim am Taunus		DE	Hessen	ort		37750	50.09019	8.44930
2827479	Stendal		DE	Sachsen-Anhalt	ort		37722	52.60690	11.85867
2808662	Wilhelmstadt		DE	Berlin	stadtteil	Berlin	37624	52.52462	13.17707
2906595	Hemer		DE	Nordrhein-Westfalen	ort		37502	51.38707	7.77019
2927930	Falkensee		DE	Brandenburg	ort		37468	52.56014	13.09270
2942323	Buchholz in der Nordheide		DE	Niedersachsen	ort		37404	53.32641	9.86812
2660119	Köniz		CH	Bern	ort		37196	46.92436	7.41457
2846939	Riesa		DE	Sachsen	ort		37156	51.30777	13.29168
2805644	Würselen		DE	Nordrhein-Westfalen	ort		37074	50.81809	6.13470
2921039	Germering		DE	Bayern	ort		36834	48.13392	11.37650
2660076	La Chaux-de-Fonds		CH	Neuenburg	ort		36825	47.09993	6.82586
2810855	Wermelskirchen		DE	Nordrhein-Westfalen	ort		36816	51.13970	7.21583
2879185	Leinfelden-Echterdingen		DE	Baden-Württemberg	ort		36672	48.69406	9.16809
2939945	Coesfeld		DE	Nordrhein-Westfalen	ort		36631	51.94349	7.16809
2835481	Schwäbisch Hall		DE	Baden-Württemberg	ort		36543	49.11127	9.73908
2863223	Niederkassel		DE	Nordrhein-Westfalen	ort		36480	50.81503	7.03777
2852577	Porta Westfalica		DE	Nordrhein-Westfalen	ort		36364	52.22961	8.91612
2938784	Datteln		DE	Nordrhein-Westfalen	ort		36338	51.65598	7.34530
2891643	Kempen		DE	Nordrhein-Westfalen	ort		36312	51.36432	6.41858
6295539	Zürich (Kreis 10)		CH	Zürich	stadtteil	Zürich	36216	47.40773	8.50050
2881956	Lage		DE	Nordrhein-Westfalen	ort		36097	51.99223	8.79301
2875023	Lurup		DE	Hamburg	stadtteil	Hamburg	36053	53.59266	9.87697
3337408	Gropiusstadt		DE	Berlin	stadtteil	Berlin	36052	52.42500	13.46667
2953568	Backnang		DE	Baden-Württemberg	ort		35778	48.94743	9.43718
8334621	Falkenhagener Feld		DE	Berlin	stadtteil	Berlin	35742	52.55191	13.16802
2855334	Pasing		DE	Bayern	stadtteil	München	35728	48.14146	11.45599
2810612	Wesseling		DE	Nordrhein-Westfalen	ort		35665	50.82709	6.97470
2930449	Emsdetten		DE	Nordrhein-Westfalen	ort		35582	52.17340	7.52781
2881279	Langen		DE	Hessen	ort		35416	49.98955	8.66852
2864820	Neu Isenburg		DE	Hessen	ort		35293	50.04832	8.69406
2873356	Märkisches Viertel		DE	Berlin	stadtteil	Berlin	35230	52.59841	13.35766
2803620	Zweibrücken		DE	Rheinland-Pfalz	ort		35221	49.24686	7.36977
2831872	Sinsheim		DE	Baden-Württemberg	ort		35219	49.25290	8.87867
2917544	Greven		DE	Nordrhein-Westfalen	ort		35080	52.09364	7.59396
2775479	Hötting		AT	Tirol	stadtteil	Innsbruck	35043	47.26815	11.36868
2820456	Uelzen		DE	Niedersachsen	ort		34996	52.96572	10.56111
2950096	Bernau bei Berlin		DE	Brandenburg	ort		34866	52.67982	13.58708
2820693	Tuttlingen		DE	Baden-Württemberg	ort		34847	47.98464	8.81770
2871736	Merseburg		DE	Sachsen-Anhalt	ort		34780	51.35478	11.98923
2659099	Rapperswil		CH	St. Gallen	ort		34776	47.22557	8.82228
2828105	Steinfurt		DE	Nordrhein-Westfalen	ort		34601	52.15045	7.33664
7290252	Spandau		DE	Berlin	stadtteil	Berlin	34506	52.55110	13.19921
2810808	Wernigerode		DE	Sachsen-Anhalt	ort		34463	51.83652	10.78216
2953089	Balingen		DE	Baden-Württemberg	ort		34414	48.27525	8.85464
2836809	Schönebeck		DE	Sachsen-Anhalt	ort		34301	52.01682	11.73070
2823708	Tegel		DE	Berlin	stadtteil	Berlin	34287	52.57601	13.29389
2871845	Meppen		DE	Niedersachsen	ort		34198	52.69064	7.29097
2855525	Papenburg		DE	Niedersachsen	ort		34117	53.07738	7.40444
2921528	Geldern		DE	Nordrhein-Westfalen	ort		34013	51.51908	6.32363
2891951	Kehl		DE	Baden-Württemberg	ort		34009	48.57297	7.81523
2817783	Vegesack		DE	Bremen	stadtteil	Delmenhorst	34000	53.16667	8.61667
2894553	Jülich		DE	Nordrhein-Westfalen	ort		33911	50.92149	6.36267
2879697	Leer		DE	Niedersachsen	ort		33886	53.23157	7.46100
2658761	Schaffhausen		CH	Schaffhausen	ort		33863	47.69732	8.63493
6295548	Zürich (Kreis 7)		CH	Zürich	stadtteil	Zürich	33820	47.37328	8.58038
2877648	Limburg an der Lahn		DE	Hessen	ort		33820	50.38360	8.05030
2919625	Goch		DE	Nordrhein-Westfalen	ort		33706	51.67873	6.15895
3336892	Ostfildern		DE	Baden-Württemberg	ort		33598	48.72704	9.24954
2923588	Fürstenwalde		DE	Brandenburg	ort		33539	52.36067	14.06185
2923625	Fürstenfeldbruck		DE	Bayern	ort		33533	48.17904	11.25470
2929715	Erding		DE	Bayern	ort		33519	48.30603	11.90686
2779674	Feldkirch		AT	Vorarlberg	ort		33420	47.23306	9.60000
2885397	Korschenbroich		DE	Nordrhein-Westfalen	ort		33406	51.19139	6.51352
7932386	Farmsen-Berne		DE	Hamburg	stadtteil	Hamburg	33315	53.60639	10.11972
2937040	Dietzenbach		DE	Hessen	ort		33256	50.00976	8.77783
2895569	Itzehoe		DE	Schleswig-Holstein	ort		33047	53.92099	9.51529
11594317	Burglesum		DE	Bremen	stadtteil	Bremen	33000	53.16532	8.68873
11903637	Jakomini		AT	Steiermark	stadtteil	Graz	32912	47.05441	15.44984
2833641	Seelze		DE	Niedersachsen	ort		32899	52.39635	9.59727
2878102	Lichtenberg		DE	Berlin	stadtteil	Berlin	32888	52.51395	13.49975
2660718	Fribourg		CH	Freiburg	ort		32827	46.80237	7.15128
2856075	Ottensen		DE	Hamburg	stadtteil	Hamburg	32757	53.55000	9.91667
3272460	Mörfelden-Walldorf		DE	Hessen	ort		32753	49.99472	8.58361
2898321	Höxter		DE	Nordrhein-Westfalen	ort		32713	51.77501	9.38155
2920757	Gevelsberg		DE	Nordrhein-Westfalen	ort		32664	51.31971	7.33920
2807845	Winsen		DE	Niedersachsen	ort		32662	53.35753	10.21282
2851077	Radebeul		DE	Sachsen	ort		32643	51.10654	13.66047
2862620	Nienburg		DE	Niedersachsen	ort		32629	52.64610	9.22086
2817324	Viernheim		DE	Hessen	ort		32620	49.54033	8.57820
2930043	Ennepetal		DE	Nordrhein-Westfalen	ort		32607	51.29848	7.36290
2768442	Pradl		AT	Tirol	stadtteil	Innsbruck	32588	47.26539	11.41520
2921242	Georgsmarienhütte		DE	Niedersachsen	ort		32580	52.20296	8.04480
2847639	Rheinfelden		DE	Baden-Württemberg	ort		32535	47.56013	7.78715
2885732	Königs Wusterhausen		DE	Brandenburg	ort		32513	52.30141	13.63300
2825422	Stuhr		DE	Niedersachsen	ort		32507	53.03333	8.75000
2661169	Chur		CH	Graubünden	ort		32429	46.84986	9.53287
2949423	Biberach an der Riß		DE	Baden-Württemberg	ort		32333	48.09345	9.79053
2939797	Crailsheim		DE	Baden-Württemberg	ort		32262	49.13444	10.07193
2871668	Meschede		DE	Nordrhein-Westfalen	ort		32224	51.35020	8.28332
2847662	Rheinberg		DE	Nordrhein-Westfalen	ort		32188	51.54649	6.59525
2810878	Werl		DE	Nordrhein-Westfalen	ort		32149	51.55493	7.91403
2950073	Bernburg		DE	Sachsen-Anhalt	ort		32113	51.79464	11.74010
2931481	Eisenhüttenstadt		DE	Brandenburg	ort		32052	52.15000	14.65000
2813464	Wedel		DE	Schleswig-Holstein	ort		31995	53.58374	9.69835
2864276	Neuruppin		DE	Brandenburg	ort		31901	52.92815	12.80311
2955936	Ansbach		DE	Bayern	ort		31839	49.30481	10.59310
2884050	Kreuztal		DE	Nordrhein-Westfalen	ort		31772	50.96775	7.98848
2881695	Lampertheim		DE	Hessen	ort		31635	49.59786	8.47250
2896753	Idar-Oberstein		DE	Rheinland-Pfalz	ort		31610	49.71443	7.30776
8334625	Fennpfuhl		DE	Berlin	stadtteil	Berlin	31529	52.52921	13.47267
2856500	Osterholz-Scharmbeck		DE	Niedersachsen	ort		31405	53.22698	8.79528
2945474	Bramsche		DE	Niedersachsen	ort		31394	52.40881	7.97288
2876218	Lohmar		DE	Nordrhein-Westfalen	ort		31339	50.83868	7.21399
2905826	Herrenberg		DE	Baden-Württemberg	ort		31338	48.59523	8.86648
2659496	Neuchâtel		CH	Neuenburg	ort		31270	46.99179	6.93100
2913433	Güstrow		DE	Mecklenburg-Vorpommern	ort		31217	53.79720	12.17337
2939969	Cloppenburg		DE	Niedersachsen	ort		31177	52.84754	8.04500
11903638	Lend		AT	Steiermark	stadtteil	Graz	31147	47.08256	15.41589
2922731	Ganderkesee		DE	Niedersachsen	ort		31141	53.03333	8.53333
2871675	Merzig		DE	Saarland	ort		31118	49.44331	6.63874
2938540	Deggendorf		DE	Bayern	ort		31081	48.84085	12.96068
2885408	Kornwestheim		DE	Baden-Württemberg	ort		31040	48.86158	9.18569
2861814	Northeim		DE	Niedersachsen	ort		30894	51.70662	9.99997
2810833	Werne		DE	Nordrhein-Westfalen	ort		30810	51.66446	7.63421
2953321	Bad Vilbel		DE	Hessen	ort		30736	50.17866	8.73756
2953439	Bad Hersfeld		DE	Hessen	ort		30725	50.87197	9.70891
2925910	Forchheim		DE	Bayern	ort		30442	49.71754	11.05877
2857904	Oer-Erkenschwick		DE	Nordrhein-Westfalen	ort		30409	51.64198	7.26451
2873589	Marienfelde		DE	Berlin	stadtteil	Berlin	30338	52.41868	13.36723
2821899	Tönisvorst		DE	Nordrhein-Westfalen	ort		30296	51.32092	6.49412
2953395	Bad Nauheim		DE	Hessen	ort		30291	50.36463	8.73859
2834372	Schwelm		DE	Nordrhein-Westfalen	ort		30235	51.28635	7.29388
2814362	Waltrop		DE	Nordrhein-Westfalen	ort		30220	51.62125	7.40238
2941405	Burgdorf		DE	Niedersachsen	ort		30218	52.44628	10.00640
2959083	Ahrensburg		DE	Schleswig-Holstein	ort		30103	53.67515	10.22593
7274677	Eidelstedt		DE	Hamburg	stadtteil	Hamburg	30100	53.60697	9.90538
2850954	Radolfzell		DE	Baden-Württemberg	ort		30096	47.74194	8.97098
2658154	Vernier		CH	Genf	ort		30086	46.21702	6.08497
2959681	Achim		DE	Niedersachsen	ort		30013	53.01416	9.02630
7303020	Wittenberg		DE	Sachsen-Anhalt	ort		30000	51.86610	12.64973
6295550	Zürich (Kreis 6)		CH	Zürich	stadtteil	Zürich	29951	47.39223	8.54381
2938389	Delbrück		DE	Nordrhein-Westfalen	ort		29884	51.76503	8.56223
2830035	Springe		DE	Niedersachsen	ort		29828	52.20845	9.55416
2811899	Weißenfels		DE	Sachsen-Anhalt	ort		29792	51.20148	11.96843
2817812	Vechta		DE	Niedersachsen	ort		29729	52.72632	8.28598
2866906	Naumburg		DE	Sachsen-Anhalt	ort		29722	51.14987	11.80979
2813390	Wegberg		DE	Nordrhein-Westfalen	ort		29622	51.14221	6.28436
2824655	Sundern		DE	Nordrhein-Westfalen	ort		29609	51.32810	8.00369
2956206	Andernach		DE	Rheinland-Pfalz	ort		29599	50.43109	7.40425
2812636	Weil am Rhein		DE	Baden-Württemberg	ort		29548	47.59331	7.62082
2823799	Taunusstein		DE	Hessen	ort		29501	50.14993	8.15206
2923362	Gaggenau		DE	Baden-Württemberg	ort		29496	48.80000	8.33333
2922102	Geesthacht		DE	Schleswig-Holstein	ort		29487	53.43575	10.37790
2781503	Bregenz		AT	Vorarlberg	ort		29471	47.50311	9.74710
2804922	Zeitz		DE	Sachsen-Anhalt	ort		29469	51.04962	12.13690
2913195	Haan		DE	Nordrhein-Westfalen	ort		29431	51.19382	7.01330
11903642	Gries		AT	Steiermark	stadtteil	Graz	29363	47.06236	15.42421
2857943	Oelde		DE	Nordrhein-Westfalen	ort		29297	51.82890	8.14724
2930509	Emmerich		DE	Nordrhein-Westfalen	ort		29289	51.83933	6.24792
6295540	Zürich (Kreis 2)		CH	Zürich	stadtteil	Zürich	29215	47.33756	8.52110
2941976	Bühl		DE	Baden-Württemberg	ort		29193	48.69676	8.13523
2924803	Friedberg		DE	Bayern	ort		29189	48.35693	10.98461
2809984	Wetter (Ruhr)		DE	Nordrhein-Westfalen	ort		29146	51.38747	7.39277
2807360	Wittenau		DE	Berlin	stadtteil	Berlin	29054	52.59319	13.32127
2833073	Senftenberg		DE	Brandenburg	ort		28988	51.52517	14.00164
11258605	Düsseldorf-Pempelfort		DE	Nordrhein-Westfalen	stadtteil	Düsseldorf	28941	51.23812	6.78678
2817927	Vaihingen an der Enz		DE	Baden-Württemberg	ort		28867	48.93563	8.96045
2885237	Köthen		DE	Sachsen-Anhalt	ort		28710	51.75185	11.97093
2846843	Rietberg		DE	Nordrhein-Westfalen	ort		28672	51.80924	8.42841
2814005	Warstein		DE	Nordrhein-Westfalen	ort		28532	51.44488	8.34851
2872155	Meissen		DE	Sachsen	ort		28492	51.16158	13.47370
2866070	Neuburg an der Donau		DE	Bayern	ort		28370	48.73218	11.18709
2921837	Geilenkirchen		DE	Nordrhein-Westfalen	ort		28334	50.96745	6.11763
2848245	Rendsburg		DE	Schleswig-Holstein	ort		28323	54.30663	9.66313
2862888	Niederschönhausen		DE	Berlin	stadtteil	Berlin	28313	52.58483	13.40272
6295513	Zürich (Kreis 9) / Altstetten		CH	Zürich	stadtteil	Zürich	28307	47.38946	8.48533
2835297	Schwandorf in Bayern		DE	Bayern	ort		28235	49.32534	12.10980
2853209	Plettenberg		DE	Nordrhein-Westfalen	ort		28206	51.20949	7.87261
6295523	Zürich (Kreis 12)		CH	Zürich	stadtteil	Zürich	28189	47.40372	8.57608
2951923	Baunatal		DE	Hessen	ort		28173	51.25182	9.40747
8593855	Neustadt/Nord		DE	Nordrhein-Westfalen	stadtteil	Köln	28146	50.94900	6.94790
2944200	Bretten		DE	Baden-Württemberg	ort		28144	49.03685	8.70745
2878784	Lennestadt		DE	Nordrhein-Westfalen	ort		28102	51.11721	8.06707
2891258	Kevelaer		DE	Nordrhein-Westfalen	ort		28064	51.58243	6.24603
2927043	Stuttgart Feuerbach		DE	Baden-Württemberg	stadtteil	Stuttgart	28046	48.80867	9.15719
2658576	Sitten		CH	Wallis	ort		28045	46.22739	7.35559
2842688	Saalfeld		DE	Thüringen	ort		28023	50.64826	11.36536
2921653	Geislingen an der Steige		DE	Baden-Württemberg	ort		27962	48.62423	9.82736
2931804	Einbeck		DE	Niedersachsen	ort		27931	51.82018	9.86961
2846523	Rinteln		DE	Niedersachsen	ort		27843	52.18604	9.07917
2953302	Baesweiler		DE	Nordrhein-Westfalen	ort		27834	50.90964	6.18874
2953391	Bad Neuenahr-Ahrweiler		DE	Rheinland-Pfalz	ort		27823	50.54322	7.11130
2807872	Winnenden		DE	Baden-Württemberg	ort		27783	48.87563	9.39819
2862104	Nordenham		DE	Niedersachsen	ort		27714	53.48610	8.48093
2907585	Heiligenhaus		DE	Nordrhein-Westfalen	ort		27700	51.32662	6.97106
6944296	St. Pauli		DE	Hamburg	stadtteil	Hamburg	27612	53.55700	9.96400
2882588	Kulmbach		DE	Bayern	ort		27565	50.10068	11.45032
2953310	Bad Zwischenahn		DE	Niedersachsen	ort		27550	53.18333	8.00000
2833170	Selm		DE	Nordrhein-Westfalen	ort		27540	51.69689	7.46809
2872611	Mechernich		DE	Nordrhein-Westfalen	ort		27537	50.59304	6.65224
6691072	Altstadt Sud		DE	Nordrhein-Westfalen	stadtteil	Köln	27515	50.93331	6.95954
2879315	Leichlingen		DE	Nordrhein-Westfalen	ort		27497	51.10628	7.01873
2885908	Königsbrunn		DE	Bayern	ort		27494	48.27506	10.89178
2924802	Friedberg		DE	Hessen	ort		27484	50.33739	8.75591
2911051	Hamminkeln		DE	Nordrhein-Westfalen	ort		27433	51.73262	6.59031
2866758	Neckarsulm		DE	Baden-Württemberg	ort		27413	49.18912	9.22527
2930523	Emmendingen		DE	Baden-Württemberg	ort		27383	48.12096	7.85359
6691640	Lancy		CH	Genf	stadtteil	Genève	27291	46.18981	6.11441
2661666	Zürich (Kreis 4) / Aussersihl		CH	Zürich	stadtteil	Zürich	27273	47.37752	8.52127
2855859	Overath		DE	Nordrhein-Westfalen	ort		27203	50.93275	7.28389
2879241	Leimen		DE	Baden-Württemberg	ort		27190	49.34737	8.68733
2850213	Rathenow		DE	Brandenburg	ort		27115	52.60659	12.33696
2854655	Petershagen		DE	Nordrhein-Westfalen	ort		27090	52.37513	8.96538
2877673	Limbach-Oberfrohna		DE	Sachsen	ort		27056	50.85882	12.76165
2896514	Ilmenau		DE	Thüringen	ort		27055	50.68322	10.91858
2814270	Wangen		DE	Baden-Württemberg	ort		27045	47.68950	9.83247
2944079	Brilon		DE	Nordrhein-Westfalen	ort		27030	51.39462	8.57146
2881509	Landsberg am Lech		DE	Bayern	ort		27017	48.04819	10.88282
2924770	Friedenau		DE	Berlin	stadtteil	Berlin	26972	52.47133	13.32813
2874455	Mahlsdorf		DE	Berlin	stadtteil	Berlin	26954	52.50935	13.61373
2911710	Hakenfelde		DE	Berlin	stadtteil	Berlin	26940	52.55877	13.20831
2817599	Verden		DE	Niedersachsen	ort		26924	52.92343	9.23491
2841463	Sankt Wendel		DE	Saarland	ort		26904	49.46633	7.16814
2660911	Emmen		CH	Luzern	ort		26889	47.07819	8.27331
2844862	Rösrath		DE	Nordrhein-Westfalen	ort		26868	50.89559	7.18175
2891832	Kelkheim (Taunus)		DE	Hessen	ort		26814	50.13703	8.45020
2826082	Strausberg		DE	Brandenburg	ort		26649	52.57859	13.88741
2867985	Mühlheim am Main		DE	Hessen	ort		26485	50.11667	8.83333
2920020	Glauchau		DE	Sachsen	ort		26473	50.81987	12.54493
2957185	Altglienicke		DE	Berlin	stadtteil	Berlin	26426	52.41116	13.53550
2880144	Lauf an der Pegnitz		DE	Bayern	ort		26403	49.51386	11.28247
2829998	Sprockhövel		DE	Nordrhein-Westfalen	ort		26400	51.34669	7.24343
2928874	Espelkamp		DE	Nordrhein-Westfalen	ort		26378	52.38251	8.62127
2868788	Mühlacker		DE	Baden-Württemberg	ort		26375	48.94754	8.83675
2875626	Lübbecke		DE	Nordrhein-Westfalen	ort		26310	52.30699	8.61423
2809517	Wiehl		DE	Nordrhein-Westfalen	ort		26291	50.94950	7.55062
2782067	Baden		AT	Niederösterreich	ort		26286	48.00543	16.23264
2847666	Rheinbach		DE	Nordrhein-Westfalen	ort		26262	50.62562	6.94911
2812145	Weinstadt-Endersbach		DE	Baden-Württemberg	ort		26166	48.81311	9.36387
2838053	Schmallenberg		DE	Nordrhein-Westfalen	ort		26132	51.15473	8.28505
2906331	Hennigsdorf		DE	Brandenburg	ort		26122	52.63598	13.20419
2867993	Stuttgart Mühlhausen		DE	Baden-Württemberg	stadtteil	Waiblingen	26111	48.84232	9.23028
2932924	Ehingen		DE	Baden-Württemberg	ort		26097	48.28259	9.72749
2922530	Garmisch-Partenkirchen		DE	Bayern	ort		26022	47.49209	11.09576
2899101	Horb am Neckar		DE	Baden-Württemberg	ort		25960	48.44423	8.69130
2804008	Zittau		DE	Sachsen	ort		25785	50.89772	14.80764
2804034	Zirndorf		DE	Bayern	ort		25734	49.44240	10.95414
2857306	Olpe		DE	Nordrhein-Westfalen	ort		25686	51.02899	7.85139
2955439	Arnstadt		DE	Thüringen	ort		25678	50.84048	10.95198
2809138	Wiesloch		DE	Baden-Württemberg	ort		25630	49.29504	8.69846
2906152	Herdecke		DE	Nordrhein-Westfalen	ort		25618	51.39999	7.43584
2818766	Unterschleißheim		DE	Bayern	ort		25567	48.28038	11.57684
2820621	Übach-Palenberg		DE	Nordrhein-Westfalen	ort		25544	50.91775	6.12336
2872582	Meckenheim		DE	Nordrhein-Westfalen	ort		25515	50.62388	7.02942
2906676	Helmstedt		DE	Niedersachsen	ort		25515	52.22790	11.00985
2843636	Rottweil		DE	Baden-Württemberg	ort		25510	48.16783	8.62719
2843355	Rudolstadt		DE	Thüringen	ort		25476	50.72043	11.34046
2906268	Heppenheim an der Bergstrasse		DE	Hessen	ort		25442	49.64145	8.63206
2953435	Bad Honnef		DE	Nordrhein-Westfalen	ort		25348	50.64336	7.22780
2917412	Griesheim		DE	Hessen	ort		25287	49.86085	8.57250
2930889	Ellwangen		DE	Baden-Württemberg	ort		25276	48.96164	10.13173
2848845	Reinbek		DE	Schleswig-Holstein	ort		25261	53.51703	10.24880
2806919	Wolfen		DE	Sachsen-Anhalt	ort		25251	51.66122	12.26873
2817873	Varel		DE	Niedersachsen	ort		25212	53.39693	8.13621
2866375	Netphen		DE	Nordrhein-Westfalen	ort		25163	50.91667	8.10000
2940512	Butzbach		DE	Hessen	ort		25156	50.43395	8.67122
2876185	Lohne		DE	Niedersachsen	ort		25111	52.66625	8.23750
2869120	Mosbach		DE	Baden-Württemberg	ort		25106	49.35357	9.15106
2862118	Norden		DE	Niedersachsen	ort		25093	53.59552	7.20639
2853924	Pfungstadt		DE	Hessen	ort		25084	49.80557	8.60307
2844265	Roth		DE	Bayern	ort		25083	49.24762	11.09111
2867613	Hannoversch Münden		DE	Niedersachsen	ort		25073	51.41505	9.65046
2909240	Hattersheim		DE	Hessen	ort		25035	50.06906	8.48632
2660104	Kriens		CH	Luzern	ort		25010	47.03110	8.28547
2896020	Ingelheim am Rhein		DE	Rheinland-Pfalz	ort		24998	49.97078	8.05883
2938376	Delitzsch		DE	Sachsen	ort		24998	51.52546	12.34284
2949073	Biesdorf		DE	Berlin	stadtteil	Berlin	24988	52.50906	13.55340
2941501	Burg bei Magdeburg		DE	Sachsen-Anhalt	ort		24958	52.27152	11.85493
2951648	Bedburg		DE	Nordrhein-Westfalen	ort		24937	50.99258	6.57128
2955168	Aschersleben		DE	Sachsen-Anhalt	ort		24892	51.75742	11.46084
2810716	Wertheim		DE	Baden-Württemberg	ort		24869	49.75900	9.50852
2955770	Apolda		DE	Thüringen	ort		24793	51.02624	11.51638
2954932	Attendorn		DE	Nordrhein-Westfalen	ort		24773	51.12645	7.90333
11903639	Geidorf		AT	Steiermark	stadtteil	Graz	24767	47.08393	15.44400
2814874	Waldkraiburg		DE	Bayern	ort		24676	48.20854	12.39893
2948825	Bingen am Rhein		DE	Rheinland-Pfalz	ort		24657	49.96675	7.89920
2863240	Nieder-Ingelheim		DE	Rheinland-Pfalz	stadtteil	Mainz	24596	49.97756	8.07246
2842131	Salzkotten		DE	Nordrhein-Westfalen	ort		24561	51.67170	8.60092
2877550	Lindau		DE	Bayern	ort		24518	47.54612	9.68431
2885536	Korbach		DE	Hessen	ort		24481	51.27561	8.87300
2959686	Achern		DE	Baden-Württemberg	ort		24478	48.63115	8.07607
2936985	Dillenburg		DE	Hessen	ort		24461	50.74114	8.28699
2858763	Obertshausen		DE	Hessen	ort		24459	50.07139	8.85123
2814462	Walsrode		DE	Niedersachsen	ort		24448	52.86147	9.59260
2924625	Friedrichsdorf		DE	Hessen	ort		24435	50.24962	8.64281
2810969	Werdau		DE	Sachsen	ort		24424	50.73604	12.37534
7284571	Eisleben Lutherstadt		DE	Sachsen-Anhalt	ort		24346	51.52754	11.54835
2953385	Bad Oldesloe		DE	Schleswig-Holstein	ort		24322	53.81167	10.37417
2814153	Warburg		DE	Nordrhein-Westfalen	ort		24317	51.49011	9.14641
2824461	Syke		DE	Niedersachsen	ort		24274	52.91345	8.82209
2811644	Weiterstadt		DE	Hessen	ort		24253	49.90390	8.58874
2910278	Harsewinkel		DE	Nordrhein-Westfalen	ort		24207	51.96224	8.22766
2814632	Wallenhorst		DE	Niedersachsen	ort		24201	52.35000	8.01667
2875379	Ludwigsfelde		DE	Brandenburg	ort		24164	52.30322	13.25405
2936705	Ditzingen		DE	Baden-Württemberg	ort		24149	48.82672	9.06703
2917737	Greiz		DE	Thüringen	ort		24147	50.65778	12.19918
2838634	Schleswig		DE	Schleswig-Holstein	ort		24114	54.52156	9.55860
2850995	Radevormwald		DE	Nordrhein-Westfalen	ort		24100	51.20219	7.36027
2875417	Lüdinghausen		DE	Nordrhein-Westfalen	ort		24094	51.76830	7.44379
2761669	Weinzierl bei Krems		AT	Niederösterreich	stadtteil		24092	48.40000	15.60000
2817576	Verl		DE	Nordrhein-Westfalen	ort		24002	51.88333	8.51667
2873352	Markkleeberg		DE	Sachsen	ort		24000	51.27550	12.36906
2857472	Olching		DE	Bayern	ort		23978	48.20000	11.33333
2831250	Sonneberg		DE	Thüringen	ort		23908	50.35920	11.17463
2924894	Freudenstadt		DE	Baden-Württemberg	ort		23868	48.46695	8.41371
2812204	Weingarten		DE	Baden-Württemberg	ort		23802	47.81009	9.63863
2940383	Calw		DE	Baden-Württemberg	ort		23740	48.71419	8.74031
2807594	Wipperfürth		DE	Nordrhein-Westfalen	ort		23723	51.11610	7.39865
2657941	Yverdon-les-Bains		CH	Waadt	ort		23702	46.77852	6.64115
2915613	Groß-Gerau		DE	Hessen	ort		23641	49.92139	8.48255
6691076	Neuehrenfeld		DE	Nordrhein-Westfalen	stadtteil	Köln	23621	50.95753	6.93611
2827552	Stellingen		DE	Hamburg	stadtteil	Hamburg	23472	53.59220	9.92870
2657908	Zug		CH	Zug	ort		23435	47.17242	8.51745
2845222	Ronnenberg		DE	Niedersachsen	ort		23416	52.31939	9.65544
2933627	Eckernförde		DE	Schleswig-Holstein	ort		23383	54.46854	9.83824
2921139	Geretsried		DE	Bayern	ort		23364	47.85775	11.48054
2841693	Sangerhausen		DE	Sachsen-Anhalt	ort		23347	51.47221	11.29533
2905457	Herzogenaurach		DE	Bayern	ort		23319	49.56798	10.88565
2658216	Uster		CH	Zürich	ort		23279	47.34713	8.72091
2947739	Blieskastel		DE	Saarland	ort		23212	49.23724	7.25617
2854386	Pfaffenhofen an der Ilm		DE	Bayern	ort		23192	48.53053	11.50500
2841374	Sasel		DE	Hamburg	stadtteil	Norderstedt	23131	53.65385	10.11184
2956005	Annaberg-Buchholz		DE	Sachsen	ort		23092	50.57953	13.00627
2829457	Starnberg		DE	Bayern	ort		23086	48.00193	11.34416
2829777	Stadthagen		DE	Niedersachsen	ort		23076	52.32333	9.20311
2833475	Sehnde		DE	Niedersachsen	ort		23060	52.31394	9.96820
2857185	Opladen		DE	Nordrhein-Westfalen	ort		23000	51.06863	7.00387
2924206	Fröndenberg		DE	Nordrhein-Westfalen	ort		22964	51.47563	7.76946
2829422	Staßfurt		DE	Sachsen-Anhalt	ort		22960	51.85186	11.58508
2953449	Bad Harzburg		DE	Niedersachsen	ort		22954	51.88268	10.56157
2867164	Nagold		DE	Baden-Württemberg	ort		22912	48.54980	8.72366
2934728	Duderstadt		DE	Niedersachsen	ort		22910	51.51312	10.25951
2659601	Montreux		CH	Waadt	ort		22897	46.43301	6.91143
2925832	Forst		DE	Brandenburg	ort		22843	51.73544	14.63971
2772173	Lustenau		AT	Vorarlberg	ort		22821	47.42642	9.65851
2851465	Quedlinburg		DE	Sachsen-Anhalt	ort		22814	51.78843	11.15006
2896736	Idstein		DE	Hessen	ort		22810	50.21773	8.26679
8593861	Kalk		DE	Nordrhein-Westfalen	stadtteil	Köln	22802	50.94013	7.00605
2857565	Öhringen		DE	Baden-Württemberg	ort		22765	49.19884	9.50720
2877142	Lindlar		DE	Nordrhein-Westfalen	ort		22723	51.01959	7.37758
2878840	Lengerich		DE	Nordrhein-Westfalen	ort		22697	52.18661	7.86043
2895664	Isernhagen Farster Bauerschaft		DE	Niedersachsen	ort		22601	52.47093	9.84179
2834240	Schwetzingen		DE	Baden-Württemberg	ort		22593	49.38217	8.58230
2894637	Jüchen		DE	Nordrhein-Westfalen	ort		22562	51.10000	6.50000
2910514	Haren		DE	Niedersachsen	ort		22545	52.79262	7.24142
2849548	Rees		DE	Nordrhein-Westfalen	ort		22544	51.76263	6.39778
2849156	Reichenbach/Vogtland		DE	Sachsen	ort		22530	50.62279	12.30344
2953402	Bad Mergentheim		DE	Baden-Württemberg	ort		22472	49.49250	9.77361
2939747	Crimmitschau		DE	Sachsen	ort		22442	50.81644	12.39045
2815824	Vreden		DE	Nordrhein-Westfalen	ort		22412	52.03792	6.82800
2814791	Waldshut-Tiengen		DE	Baden-Württemberg	ort		22404	47.62323	8.21717
2810945	Werder		DE	Brandenburg	ort		22384	52.37874	12.93400
2852673	Poppenbüttel		DE	Hamburg	stadtteil	Norderstedt	22375	53.65917	10.08472
7290401	Niederrad		DE	Hessen	stadtteil	Frankfurt am Main	22370	50.08309	8.62852
2878270	Leutkirch		DE	Baden-Württemberg	ort		22362	47.82672	10.02050
2805910	Wülfrath		DE	Nordrhein-Westfalen	ort		22355	51.28195	7.03821
2939820	Coswig		DE	Sachsen	ort		22304	51.13204	13.58312
2864005	Neustrelitz		DE	Mecklenburg-Vorpommern	ort		22291	53.36130	13.07292
2892811	Karlshorst		DE	Berlin	stadtteil	Berlin	22285	52.48419	13.53185
2833080	Senden		DE	Bayern	ort		22275	48.32441	10.04442
2941570	Büren		DE	Nordrhein-Westfalen	ort		22263	51.55109	8.55956
2844437	Rotenburg		DE	Niedersachsen	ort		22139	53.11125	9.41082
2871486	Metzingen		DE	Baden-Württemberg	ort		22112	48.53695	9.28330
2811698	Weißwasser		DE	Sachsen	ort		22099	51.50403	14.64017
2872237	Meinerzhagen		DE	Nordrhein-Westfalen	ort		21982	51.10740	7.64838
2660727	Frauenfeld		CH	Thurgau	ort		21979	47.55776	8.89893
2930778	Elsdorf		DE	Nordrhein-Westfalen	ort		21967	50.93739	6.56828
2831486	Soltau		DE	Niedersachsen	ort		21945	52.98638	9.84338
2873211	Marsberg		DE	Nordrhein-Westfalen	ort		21914	51.46171	8.84949
2766429	Sankt Pölten		AT	Niederösterreich	ort		21911	48.20000	15.63333
2833592	Seesen		DE	Niedersachsen	ort		21909	51.89095	10.17847
2810188	Westerstede		DE	Niedersachsen	ort		21902	53.25682	7.92737
2901588	Hohen Neuendorf		DE	Brandenburg	ort		21893	52.67631	13.27775
2921473	Gelnhausen		DE	Hessen	ort		21881	50.20164	9.18742
2958516	Alfter		DE	Nordrhein-Westfalen	ort		21814	50.73333	7.01667
2831276	Sondershausen		DE	Thüringen	ort		21802	51.36973	10.87011
2914929	Groß-Umstadt		DE	Hessen	ort		21758	49.86899	8.93210
2829804	Stadtallendorf		DE	Hessen	ort		21720	50.82261	9.01294
2892980	Karben		DE	Hessen	ort		21642	50.23019	8.77155
2953379	Bad Pyrmont		DE	Niedersachsen	ort		21629	51.98589	9.25246
2875484	Luckenwalde		DE	Brandenburg	ort		21616	52.09029	13.16772
2913922	Guben		DE	Brandenburg	ort		21608	51.94987	14.71447
2936267	Donaueschingen		DE	Baden-Württemberg	ort		21604	47.95514	8.49707
2805385	Xanten		DE	Nordrhein-Westfalen	ort		21587	51.65877	6.45297
2879832	Lebach		DE	Saarland	ort		21583	49.41122	6.90988
2872225	Meiningen		DE	Thüringen	ort		21580	50.56787	10.41521
2942073	Büdingen		DE	Hessen	ort		21579	50.29013	9.11140
2936977	Dillingen		DE	Saarland	ort		21526	49.35557	6.72781
2820577	Überlingen		DE	Baden-Württemberg	ort		21507	47.76977	9.17136
2808461	Wilnsdorf		DE	Nordrhein-Westfalen	ort		21505	50.81667	8.10000
2814131	Waren		DE	Mecklenburg-Vorpommern	ort		21470	53.52040	12.67985
2812515	Weilheim		DE	Bayern	ort		21401	47.84147	11.15484
2890158	Kitzingen		DE	Bayern	ort		21387	49.73973	10.15072
3272941	Riedstadt		DE	Hessen	ort		21362	49.83411	8.49621
2954602	Auerbach		DE	Sachsen	ort		21358	50.51155	12.40083
2836282	Schortens		DE	Niedersachsen	ort		21357	53.53333	7.95000
2953339	Bad Soden am Taunus		DE	Hessen	ort		21357	50.14080	8.50449
2807218	Wittmund		DE	Niedersachsen	ort		21355	53.57674	7.77839
2936658	Döbeln		DE	Sachsen	ort		21338	51.12210	13.11027
2878074	Lichtenfels		DE	Bayern	ort		21336	50.14567	11.05928
2953424	Bad Kissingen		DE	Bayern	ort		21328	50.20228	10.07784
2831088	Sonthofen		DE	Bayern	ort		21285	47.51821	10.28262
2821517	Traunreut		DE	Bayern	ort		21244	47.96269	12.59231
2928967	Eschwege		DE	Hessen	ort		21191	51.18386	10.05329
2929831	Eppingen		DE	Baden-Württemberg	ort		21179	49.13645	8.91229
2906199	Herborn		DE	Hessen	ort		21133	50.68135	8.30369
2911520	Halle		DE	Nordrhein-Westfalen	ort		21071	52.06007	8.36083
2842112	Salzwedel		DE	Sachsen-Anhalt	ort		21058	52.85435	11.15250
2851584	Püttlingen		DE	Saarland	ort		21052	49.28550	6.88723
2958975	Aichach		DE	Bayern	ort		21042	48.45755	11.13413
2817818	Vaterstetten		DE	Bayern	ort		21007	48.10537	11.76825
2899601	Holzminden		DE	Niedersachsen	ort		20998	51.82798	9.44550
2817537	Versmold		DE	Nordrhein-Westfalen	ort		20996	52.04009	8.15272
6295498	Zürich (Kreis 3) / Sihlfeld		CH	Zürich	stadtteil	Zürich	20977	47.37382	8.51164
2921034	Germersheim		DE	Rheinland-Pfalz	ort		20972	49.22306	8.36389
2852218	Prenzlau		DE	Brandenburg	ort		20899	53.31625	13.86261
2661015	Dietikon		CH	Zürich	ort		20893	47.40165	8.40015
2943573	Bruchköbel		DE	Hessen	ort		20892	50.17853	8.92315
2957886	Altena		DE	Nordrhein-Westfalen	ort		20862	51.29472	7.67337
2831403	Sömmerda		DE	Thüringen	ort		20853	51.15914	11.11524
2819465	Unterhaching		DE	Bayern	ort		20852	48.06598	11.61564
2897132	Husum		DE	Schleswig-Holstein	ort		20841	54.48580	9.05239
2930216	Engelskirchen		DE	Nordrhein-Westfalen	ort		20786	50.98854	7.41391
2824801	Sulzbach-Rosenberg		DE	Bayern	ort		20780	49.50126	11.74598
2909313	Haßloch		DE	Rheinland-Pfalz	ort		20779	49.36278	8.25806
2904886	Hiddenhausen		DE	Nordrhein-Westfalen	ort		20771	52.16667	8.61667
2953545	Bad Berleburg		DE	Nordrhein-Westfalen	ort		20757	51.05224	8.39227
2930030	Ennigerloh		DE	Nordrhein-Westfalen	ort		20713	51.83843	8.03093
2942159	Bückeburg		DE	Niedersachsen	ort		20700	52.26065	9.04939
2933364	Edewecht		DE	Niedersachsen	ort		20658	53.12699	7.98406
2902852	Hockenheim		DE	Baden-Württemberg	ort		20614	49.32334	8.55194
2829758	Stadtlohn		DE	Nordrhein-Westfalen	ort		20602	51.99399	6.91918
2920834	Geseke		DE	Nordrhein-Westfalen	ort		20602	51.64091	8.51090
2908032	Heide		DE	Schleswig-Holstein	ort		20599	54.19579	9.09880
2931414	Eislingen		DE	Baden-Württemberg	ort		20585	48.69515	9.70676
2953374	Bad Rappenau		DE	Baden-Württemberg	ort		20581	49.23848	9.10180
2950294	Bergneustadt		DE	Nordrhein-Westfalen	ort		20567	51.02496	7.65599
2771335	Mödling		AT	Niederösterreich	ort		20555	48.08605	16.28921
2661653	Baar		CH	Zug	ort		20546	47.19625	8.52954
2780361	Eggenberg		AT	Steiermark	stadtteil	Graz	20511	47.07000	15.39871
2861733	Nottuln		DE	Nordrhein-Westfalen	ort		20427	51.93333	7.35000
2843106	Rummelsburg		DE	Berlin	stadtteil	Berlin	20414	52.50146	13.49340
2851343	Quickborn		DE	Schleswig-Holstein	ort		20410	53.72831	9.90934
2929134	Eschborn		DE	Hessen	ort		20383	50.14328	8.57111
6558039	Rheinstetten		DE	Baden-Württemberg	ort		20378	48.96850	8.30704
2860080	Oberkirch		DE	Baden-Württemberg	ort		20375	48.53241	8.07864
2810919	Werdohl		DE	Nordrhein-Westfalen	ort		20366	51.26011	7.76608
2833079	Senden		DE	Nordrhein-Westfalen	ort		20363	51.85645	7.48327
2766447	Sankt Peter		AT	Kärnten	stadtteil	Klagenfurt am Wörthersee	20320	46.62978	14.34016
2924360	Friesoythe		DE	Niedersachsen	ort		20311	53.02260	7.85764
2911584	Haldensleben I		DE	Sachsen-Anhalt	ort		20294	52.28906	11.40982
2838009	Schmargendorf		DE	Berlin	stadtteil	Berlin	20262	52.47517	13.29071
2920891	Gersthofen		DE	Bayern	ort		20254	48.42432	10.87273
2911964	Haiger		DE	Hessen	ort		20218	50.74162	8.20778
2817105	Vlotho		DE	Nordrhein-Westfalen	ort		20214	52.16530	8.85996
2803723	Zulpich		DE	Nordrhein-Westfalen	ort		20208	50.69447	6.65414
2920620	Giengen an der Brenz		DE	Baden-Württemberg	ort		20201	48.62219	10.24312
2815487	Waghäusel		DE	Baden-Württemberg	ort		20178	49.24991	8.51257
2807344	Wittenberge		DE	Brandenburg	ort		20171	53.00543	11.75032
2814883	Waldkirch		DE	Baden-Württemberg	ort		20155	48.09585	7.96371
2863795	Neu Wulmstorf		DE	Niedersachsen	ort		20150	53.46667	9.80000
2905290	Hessisch Oldendorf		DE	Niedersachsen	ort		20129	52.17269	9.24913
2882318	Kürten		DE	Nordrhein-Westfalen	ort		20103	51.05000	7.26667
2863712	Nidderau		DE	Hessen	ort		20090	50.23805	8.86704
2850253	Rastede		DE	Niedersachsen	ort		20046	53.25000	8.20000
6295504	Zürich (Kreis 6) / Unterstrass		CH	Zürich	stadtteil	Zürich	20045	47.39530	8.53721
2815678	Wachtberg		DE	Nordrhein-Westfalen	ort		20032	50.63333	7.10000
2926120	Flörsheim		DE	Hessen	ort		20023	50.01311	8.42779
2835260	Schwanewede		DE	Niedersachsen	ort		20015	53.23333	8.60000
2869019	Mössingen		DE	Baden-Württemberg	ort		20010	48.40567	9.05419
2904985	Heusweiler		DE	Saarland	ort		20006	49.33632	6.93036
2766522	Sankt Martin		AT	Kärnten	stadtteil	Klagenfurt am Wörthersee	20000	46.61667	14.28333
3206590	Riehen		CH	Basel-Stadt	ort		20000	47.57884	7.64683
2811278	Wenden		DE	Nordrhein-Westfalen	ort		19924	50.96667	7.86667
2898603	Hörstel		DE	Nordrhein-Westfalen	ort		19894	52.29763	7.58382
2814305	Wandlitz		DE	Brandenburg	ort		19888	52.74196	13.45799
2660971	Dübendorf		CH	Zürich	ort		19882	47.39724	8.61872
2828050	Steinhagen		DE	Nordrhein-Westfalen	ort		19869	52.00000	8.40000
2930182	Enger		DE	Nordrhein-Westfalen	ort		19852	52.14063	8.55772
2953320	Bad Waldsee		DE	Baden-Württemberg	ort		19840	47.92027	9.75490
2659667	Meyrin		CH	Genf	ort		19772	46.23424	6.08025
2931361	Eitorf		DE	Nordrhein-Westfalen	ort		19761	50.76667	7.45000
2893544	Kaltenkirchen		DE	Schleswig-Holstein	ort		19747	53.83292	9.95810
2913555	Günzburg		DE	Bayern	ort		19737	48.45599	10.27695
2953347	Bad Schwartau		DE	Schleswig-Holstein	ort		19722	53.91887	10.69691
2833242	Seligenstadt		DE	Hessen	ort		19569	50.04320	8.97394
2953525	Bad Driburg		DE	Nordrhein-Westfalen	ort		19553	51.73297	9.01969
2815137	Waldbröl		DE	Nordrhein-Westfalen	ort		19533	50.87576	7.61688
2823567	Teltow		DE	Brandenburg	ort		19530	52.40310	13.26014
2861914	Nördlingen		DE	Bayern	ort		19492	48.85122	10.48868
2858245	Ochtrup		DE	Nordrhein-Westfalen	ort		19441	52.20802	7.18988
2835342	Schwalmtal		DE	Nordrhein-Westfalen	ort		19435	51.21667	6.26667
2942341	Französisch Buchholz		DE	Berlin	stadtteil	Berlin	19429	52.60242	13.43019
2872649	Mayen		DE	Rheinland-Pfalz	ort		19414	50.32797	7.22277
2908495	Hechingen		DE	Baden-Württemberg	ort		19400	48.35149	8.96317
2946478	Bönen		DE	Nordrhein-Westfalen	ort		19393	51.60000	7.76667
2823590	Telgte		DE	Nordrhein-Westfalen	ort		19389	51.97995	7.78293
2836413	Schopfheim		DE	Baden-Württemberg	ort		19386	47.65105	7.82089
2851782	Puchheim		DE	Bayern	ort		19357	48.15000	11.35000
2661265	Carouge		CH	Genf	ort		19344	46.18096	6.13921
2828994	Steilshoop		DE	Hamburg	stadtteil	Hamburg	19343	53.61028	10.05917
2812625	Weil der Stadt		DE	Baden-Württemberg	ort		19338	48.74953	8.87176
2835345	Schwalmstadt		DE	Hessen	ort		19279	50.93333	9.21667
2925629	Frankenberg		DE	Hessen	ort		19276	51.05890	8.80077
2944354	Bremervörde		DE	Niedersachsen	ort		19268	53.48458	9.14306
2922230	Gauting		DE	Bayern	ort		19216	48.06919	11.37703
2940942	Burscheid		DE	Nordrhein-Westfalen	ort		19215	51.08468	7.11393
2839335	Schifferstadt		DE	Rheinland-Pfalz	ort		19209	49.38417	8.37750
2855935	Ottobrunn		DE	Bayern	ort		19204	48.06489	11.66327
2837291	Schneverdingen		DE	Niedersachsen	ort		19199	53.11685	9.79524
2855441	Parchim		DE	Mecklenburg-Vorpommern	ort		19161	53.42631	11.84875
2847689	Rhede		DE	Nordrhein-Westfalen	ort		19140	51.83537	6.69602
2958533	Alfeld		DE	Niedersachsen	ort		19138	51.98382	9.81989
2949470	Bexbach		DE	Saarland	ort		19115	49.34615	7.25527
2917221	Gröbenzell		DE	Bayern	ort		19110	48.20000	11.36667
2953398	Bad Münstereifel		DE	Nordrhein-Westfalen	ort		19051	50.55667	6.76424
2921061	Gerlingen		DE	Baden-Württemberg	ort		19050	48.79954	9.06316
11903641	Andritz		AT	Steiermark	stadtteil	Graz	19020	47.11387	15.42348
2880077	Laupheim		DE	Baden-Württemberg	ort		19012	48.22786	9.87874
2904992	Heusenstamm		DE	Hessen	ort		19012	50.05553	8.80076
2880221	Lauchhammer		DE	Brandenburg	ort		18990	51.48813	13.76623
2956715	Alzenau in Unterfranken		DE	Bayern	ort		18932	50.08880	9.06455
2926670	Finsterwalde		DE	Brandenburg	ort		18922	51.63388	13.70662
2859103	Oberschöneweide		DE	Berlin	stadtteil	Berlin	18919	52.46106	13.52108
2942634	Buchen in Odenwald		DE	Baden-Württemberg	ort		18890	49.52416	9.32293
2881276	Langen		DE	Niedersachsen	ort		18863	53.60554	8.59509
2892705	Karow		DE	Berlin	stadtteil	Berlin	18817	52.60904	13.48117
2946172	Borna		DE	Sachsen	ort		18806	51.12416	12.49639
2936909	Dingolfing		DE	Bayern	ort		18805	48.64244	12.49283
2881889	Lahnstein		DE	Rheinland-Pfalz	ort		18749	50.30000	7.61667
2851079	Radeberg		DE	Sachsen	ort		18747	51.11112	13.91199
2821807	Torgau		DE	Sachsen	ort		18746	51.56016	12.99617
2936974	Dillingen an der Donau		DE	Bayern	ort		18734	48.58153	10.49527
2953400	Bad Münder am Deister		DE	Niedersachsen	ort		18726	52.19551	9.46421
2841386	Sarstedt		DE	Niedersachsen	ort		18718	52.23495	9.85411
2835382	Schwalbach		DE	Saarland	ort		18708	49.30000	6.81667
2953522	Bad Dürkheim		DE	Rheinland-Pfalz	ort		18698	49.46180	8.17236
2892051	Kaulsdorf		DE	Berlin	stadtteil	Berlin	18675	52.51732	13.58871
3207197	Vellmar		DE	Hessen	ort		18623	51.35806	9.47974
2924915	Freudenberg		DE	Nordrhein-Westfalen	ort		18601	50.89741	7.87415
11951298	Sachsenheim		DE	Baden-Württemberg	ort		18594	48.96000	9.06472
2836203	Schramberg		DE	Baden-Württemberg	ort		18565	48.22399	8.38583
2954695	Aue		DE	Sachsen	ort		18554	50.59034	12.70657
2834978	Schwarzenberg		DE	Sachsen	ort		18523	50.53791	12.78522
2873291	Marktoberdorf		DE	Bayern	ort		18505	47.77964	10.61713
2896538	Illingen		DE	Saarland	ort		18488	49.37362	7.04758
2839050	Schkeuditz		DE	Sachsen	ort		18487	51.39678	12.22141
2906530	Hemmingen		DE	Niedersachsen	ort		18470	52.31425	9.72359
2869994	Mölln		DE	Schleswig-Holstein	ort		18469	53.61702	10.68742
2815559	Wadgassen		DE	Saarland	ort		18464	49.26667	6.78333
2926716	Finnentrop		DE	Nordrhein-Westfalen	ort		18427	51.16800	7.97300
2821515	Traunstein		DE	Bayern	ort		18422	47.86825	12.64335
2884245	Kreuzau		DE	Nordrhein-Westfalen	ort		18400	50.74699	6.49069
2876755	Löbau		DE	Sachsen	ort		18374	51.09954	14.66738
2824841	Sulzbach		DE	Saarland	ort		18364	49.29882	7.05696
2936253	Donauwörth		DE	Bayern	ort		18364	48.71804	10.77930
2877709	Lilienthal		DE	Niedersachsen	ort		18293	53.14193	8.90338
2893437	Kamenz		DE	Sachsen	ort		18270	51.26798	14.09374
2853928	Pfullingen		DE	Baden-Württemberg	ort		18269	48.46458	9.22796
2941279	Burghausen		DE	Bayern	ort		18263	48.16925	12.83139
2865376	Neufahrn bei Freising		DE	Bayern	ort		18255	48.31588	11.66316
2894755	Johannisthal		DE	Berlin	stadtteil	Berlin	18254	52.44653	13.50660
2883784	Kronach		DE	Bayern	ort		18248	50.23963	11.33308
2863716	Nidda		DE	Hessen	ort		18241	50.41330	9.00638
2956710	Alzey		DE	Rheinland-Pfalz	ort		18241	49.74657	8.11513
2873289	Marktredwitz		DE	Bayern	ort		18204	50.00443	12.08593
2658011	Wettingen		CH	Aargau	ort		18191	47.47049	8.31636
2661810	Allschwil		CH	Basel-Landschaft	ort		18189	47.55074	7.53599
2891014	Kierspe		DE	Nordrhein-Westfalen	ort		18188	51.13403	7.59075
2953413	Bad Langensalza		DE	Thüringen	ort		18183	51.10771	10.64600
2761164	Wilten		AT	Tirol	stadtteil	Innsbruck	18142	47.25829	11.38808
2823368	Tettnang		DE	Baden-Württemberg	ort		18135	47.66857	9.59132
2808893	Wildeshausen		DE	Niedersachsen	ort		18114	52.89446	8.43375
2867770	Müllheim		DE	Baden-Württemberg	ort		18097	47.80820	7.63035
2885412	Korntal		DE	Baden-Württemberg	ort		18081	48.83218	9.12140
2929865	Eppelborn		DE	Saarland	ort		18079	49.40000	6.96667
2953317	Bad Wildungen		DE	Hessen	ort		18037	51.11963	9.12475
2917325	Grimma		DE	Sachsen	ort		17991	51.23367	12.71959
6545288	Charlottenburg-Nord		DE	Berlin	stadtteil	Berlin	17942	52.53048	13.29371
2886446	Kolbermoor		DE	Bayern	ort		17941	47.84965	12.06696
2659310	Zürich (Kreis 11) / Oerlikon		CH	Zürich	stadtteil	Zürich	17922	47.40823	8.54258
6691073	Altstadt Nord		DE	Nordrhein-Westfalen	stadtteil	Köln	17922	50.93893	6.95752
2818067	Uetersen		DE	Schleswig-Holstein	ort		17921	53.68769	9.66394
2892874	Karlsfeld		DE	Bayern	ort		17920	48.22697	11.47573
2841125	Saulgau		DE	Baden-Württemberg	ort		17911	48.01676	9.50064
2856930	Oschersleben		DE	Sachsen-Anhalt	ort		17900	52.03039	11.22898
2888523	Kleinmachnow		DE	Brandenburg	ort		17892	52.40786	13.22514
2807240	Wittlich		DE	Rheinland-Pfalz	ort		17887	49.98596	6.89308
2831852	Sinzig		DE	Rheinland-Pfalz	ort		17880	50.54384	7.24639
2885672	Konz		DE	Rheinland-Pfalz	ort		17879	49.70045	6.57652
2658656	Zürich (Kreis 11) / Seebach		CH	Zürich	stadtteil	Zürich	17851	47.42181	8.54779
2848762	Reinheim		DE	Hessen	ort		17841	49.82923	8.83572
2899538	Holzwickede		DE	Nordrhein-Westfalen	ort		17821	51.50000	7.63333
2659070	Renens		CH	Waadt	ort		17811	46.53989	6.58810
2945542	Brakel		DE	Nordrhein-Westfalen	ort		17808	51.71750	9.18596
2811909	Weißenburg in Bayern		DE	Bayern	ort		17801	49.03095	10.97221
2823812	Taufkirchen		DE	Bayern	ort		17791	48.04860	11.61701
2958128	Alsfeld		DE	Hessen	ort		17771	50.75185	9.27082
2867542	Munster		DE	Niedersachsen	ort		17746	52.98569	10.08756
8642860	Gartenstadt		DE	Rheinland-Pfalz	stadtteil	Ludwigshafen am Rhein	17745	49.45937	8.40377
2883754	Kronberg		DE	Hessen	ort		17730	50.18424	8.52320
2838059	Schmalkalden		DE	Thüringen	ort		17710	50.72136	10.44386
2953558	Bad Aibling		DE	Bayern	ort		17672	47.86380	12.01055
2660108	Kreuzlingen		CH	Thurgau	ort		17655	47.65051	9.17504
2660221	Jona		CH	St. Gallen	ort		17655	47.22983	8.83884
2911384	Halver		DE	Nordrhein-Westfalen	ort		17650	51.18612	7.49817
2823533	Templin		DE	Brandenburg	ort		17634	53.11865	13.50220
2868506	Mühldorf		DE	Bayern	ort		17622	48.24670	12.52155
2931871	Eilenburg		DE	Sachsen	ort		17609	51.45984	12.63338
2837954	Schmelz		DE	Saarland	ort		17596	49.43333	6.85000
2907551	Heiligensee		DE	Berlin	stadtteil	Berlin	17587	52.61449	13.24501
2913192	Haar		DE	Bayern	ort		17560	48.10881	11.72653
12035575	Kronberg Tal		DE	Hessen	ort		17550	50.17929	8.50370
2924577	Friedrichshagen		DE	Berlin	stadtteil	Berlin	17529	52.45052	13.62463
2951111	Bendorf		DE	Rheinland-Pfalz	ort		17495	50.42289	7.57924
2875623	Lübbenau		DE	Brandenburg	ort		17461	51.86217	13.95168
2848175	Renningen		DE	Baden-Württemberg	ort		17442	48.76974	8.93871
2953324	Bad Tölz		DE	Bayern	ort		17434	47.76111	11.55890
2861677	Nümbrecht		DE	Nordrhein-Westfalen	ort		17427	50.90427	7.54063
2857900	Oerlinghausen		DE	Nordrhein-Westfalen	ort		17403	51.95453	8.66220
2897674	Hummelsbüttel		DE	Hamburg	stadtteil	Norderstedt	17365	53.64773	10.04149
2869449	Moosburg		DE	Bayern	ort		17363	48.47089	11.93811
2807201	Wittstock		DE	Brandenburg	ort		17361	53.16118	12.48287
2872519	Meerane		DE	Sachsen	ort		17325	50.84688	12.46473
2940204	Cham		DE	Bayern	ort		17314	49.22565	12.65501
2861402	Oberasbach		DE	Bayern	ort		17306	49.42275	10.95766
2659296	Onex		CH	Genf	ort		17302	46.18396	6.10237
2815565	Wadern		DE	Saarland	ort		17282	49.54122	6.88774
2871284	Michelstadt		DE	Hessen	ort		17279	49.67569	9.00373
2806081	Wörth am Rhein		DE	Rheinland-Pfalz	ort		17272	49.04888	8.25959
2838201	Schlüchtern		DE	Hessen	ort		17260	50.34891	9.52532
6295484	Zürich (Kreis 11) / Affoltern		CH	Zürich	stadtteil	Zürich	17241	47.41814	8.51220
2907545	Heilbad Heiligenstadt		DE	Thüringen	ort		17230	51.37819	10.13744
2806768	Wolfratshausen		DE	Bayern	ort		17191	47.91289	11.42166
2951935	Baumschulenweg		DE	Berlin	stadtteil	Berlin	17186	52.46583	13.48523
2947641	Blomberg		DE	Nordrhein-Westfalen	ort		17183	51.94331	9.09067
2847524	Ribnitz-Damgarten		DE	Mecklenburg-Vorpommern	ort		17152	54.24220	12.45666
2803870	Zossen		DE	Brandenburg	ort		17138	52.21600	13.44909
2833296	Selb		DE	Bayern	ort		17132	50.17058	12.13054
2660306	Zürich (Kreis 10) / Höngg		CH	Zürich	stadtteil	Zürich	17117	47.40313	8.49710
2920842	Gescher		DE	Nordrhein-Westfalen	ort		17115	51.95400	7.00481
2660549	Gossau		CH	St. Gallen	ort		17043	47.41551	9.25482
2903175	Hochheim am Main		DE	Hessen	ort		17027	50.01436	8.35218
2928381	Eutin		DE	Schleswig-Holstein	ort		16984	54.14054	10.60751
2659522	Muttenz		CH	Basel-Landschaft	ort		16927	47.52271	7.64511
2953371	Bad Reichenhall		DE	Bayern	ort		16910	47.72947	12.87819
2920433	Gilching		DE	Bayern	ort		16859	48.10755	11.29360
2761524	Wels		AT	Oberösterreich	ort		16857	48.16667	14.03333
2955421	Bad Arolsen		DE	Hessen	ort		16854	51.37982	9.01445
2925630	Frankenberg		DE	Sachsen	ort		16850	50.91297	13.04011
2930646	Eltville		DE	Hessen	ort		16845	50.02858	8.11754
2826909	Stockach		DE	Baden-Württemberg	ort		16844	47.85105	9.00910
2657996	Wil		CH	St. Gallen	ort		16808	47.46152	9.04552
2659422	Nyon		CH	Waadt	ort		16797	46.38318	6.23955
2837470	Schneeberg		DE	Sachsen	ort		16784	50.59465	12.64139
2937317	Diepholz		DE	Niedersachsen	ort		16783	52.60783	8.37005
2907887	Heidenau		DE	Sachsen	ort		16756	50.97221	13.86741
2864053	Neustadt bei Coburg		DE	Bayern	ort		16715	50.32975	11.12058
2817202	Vilshofen		DE	Bayern	ort		16695	48.62695	13.19222
2947449	Bobingen		DE	Bayern	ort		16682	48.27091	10.83390
2875831	Losheim		DE	Saarland	ort		16660	49.50990	6.74549
2813786	Wassenberg		DE	Nordrhein-Westfalen	ort		16641	51.10009	6.15484
2870318	Mittweida		DE	Sachsen	ort		16619	50.98622	12.97537
2866930	Nauen		DE	Brandenburg	ort		16600	52.60701	12.87374
2832232	Sigmaringen		DE	Baden-Württemberg	ort		16592	48.08829	9.23033
2953770	Babenhausen		DE	Hessen	ort		16575	49.96519	8.95129
2916630	Großenhain		DE	Sachsen	ort		16573	51.28951	13.53350
2661567	Bellinzona		CH	Tessin	ort		16572	46.19278	9.01703
2924302	Frohnau		DE	Berlin	stadtteil	Berlin	16571	52.63336	13.29024
2904725	Hille		DE	Nordrhein-Westfalen	ort		16567	52.33333	8.75000
2826861	Stockelsdorf		DE	Schleswig-Holstein	ort		16562	53.89220	10.64713
2953363	Bad Säckingen		DE	Baden-Württemberg	ort		16549	47.55371	7.94612
2901420	Hohenstein-Ernstthal		DE	Sachsen	ort		16542	50.80064	12.71287
2896546	Illertissen		DE	Bayern	ort		16522	48.22336	10.10347
6295512	Zürich (Kreis 9) / Albisrieden		CH	Zürich	stadtteil	Zürich	16480	47.37398	8.49007
2913537	Gunzenhausen		DE	Bayern	ort		16477	49.11663	10.75971
2904808	Hilchenbach		DE	Nordrhein-Westfalen	ort		16467	50.99687	8.11062
2775260	Innere Stadt		AT	Wien	stadtteil	Wien	16450	48.20906	16.37135
2902559	Hofgeismar		DE	Hessen	ort		16444	51.49607	9.38500
2885800	Königslutter am Elm		DE	Niedersachsen	ort		16419	52.25116	10.81683
2659297	Olten		CH	Solothurn	ort		16411	47.34999	7.90329
2953357	Bad Salzungen		DE	Thüringen	ort		16410	50.81342	10.23610
3337504	Seeheim-Jugenheim		DE	Hessen	ort		16395	49.76500	8.65194
2875645	Loxstedt		DE	Niedersachsen	ort		16382	53.46667	8.65000
2890504	Kirchhain		DE	Hessen	ort		16381	50.82720	8.92806
2898098	Hückeswagen		DE	Nordrhein-Westfalen	ort		16369	51.14979	7.34471
6295536	Oberwinterthur (Kreis 2)		CH	Zürich	stadtteil	Winterthur	16356	47.51692	8.76863
2915196	Großostheim		DE	Bayern	ort		16346	49.91985	9.07596
2890425	Kirchlengern		DE	Nordrhein-Westfalen	ort		16338	52.20000	8.63333
2897436	Hünfeld		DE	Hessen	ort		16323	50.67966	9.76727
2812522	Weilerswist		DE	Nordrhein-Westfalen	ort		16321	50.75292	6.84585
2775742	Hohenems		AT	Vorarlberg	ort		16317	47.36667	9.68306
2764279	Stockerau		AT	Niederösterreich	ort		16292	48.38333	16.21667
2903237	Hochfeld		DE	Nordrhein-Westfalen	stadtteil	Duisburg	16292	51.41943	6.75462
2660127	Kloten		CH	Zürich	ort		16289	47.45152	8.58491
2848335	Remagen		DE	Rheinland-Pfalz	ort		16280	50.57879	7.22703
2764178	Straßgang		AT	Steiermark	ort		16268	47.03333	15.40000
2659127	Pully		CH	Waadt	ort		16263	46.51027	6.66183
2953197	Baiersbronn		DE	Baden-Württemberg	ort		16248	48.50318	8.37699
2811292	Wendelstein		DE	Bayern	ort		16220	49.35230	11.15069
2817813	Vechelde		DE	Niedersachsen	ort		16219	52.26038	10.36491
2878673	Leopoldshöhe		DE	Nordrhein-Westfalen	ort		16219	52.01246	8.69834
2946366	Boppard		DE	Rheinland-Pfalz	ort		16215	50.23085	7.58992
2911408	Halstenbek		DE	Schleswig-Holstein	ort		16212	53.63333	9.85000
2919880	Glinde		DE	Schleswig-Holstein	ort		16210	53.54410	10.20048
2862423	Nikolassee		DE	Berlin	stadtteil	Potsdam	16194	52.43440	13.20095
2952252	Bassum		DE	Niedersachsen	ort		16191	52.85059	8.72791
6295520	Stadt Winterthur (Kreis 1)		CH	Zürich	ort		16182	47.49494	8.71954
2864034	Neustadt in Holstein		DE	Schleswig-Holstein	ort		16176	54.10707	10.81450
2865716	Neuenhagen		DE	Brandenburg	ort		16170	52.52985	13.68914
2945545	Brake (Unterweser)		DE	Niedersachsen	ort		16150	53.33333	8.48333
2836084	Schrobenhausen		DE	Bayern	ort		16143	48.56067	11.26071
2850887	Rahden		DE	Nordrhein-Westfalen	ort		16140	52.43367	8.61263
2876147	Lohr am Main		DE	Bayern	ort		16127	49.98922	9.57223
2882440	Künzell		DE	Hessen	ort		16124	50.54420	9.71792
2659873	Littau		CH	Luzern	ort		16121	47.05000	8.26274
2661646	Baden		CH	Aargau	ort		16118	47.47333	8.30592
2905904	Hermsdorf		DE	Berlin	stadtteil	Berlin	16113	52.61421	13.30587
2943336	Brüggen		DE	Nordrhein-Westfalen	ort		16105	51.24053	6.18376
2929247	Erwitte		DE	Nordrhein-Westfalen	ort		16081	51.61270	8.33840
2854923	Penzberg		DE	Bayern	ort		16079	47.75293	11.37700
6295495	Zürich (Kreis 2) / Wollishofen		CH	Zürich	stadtteil	Zürich	16073	47.34010	8.53134
2953389	Bad Neustadt an der Saale		DE	Bayern	ort		16064	50.32174	10.20673
2807184	Witzenhausen		DE	Hessen	ort		16055	51.34103	9.85540
2953341	Bad Segeberg		DE	Schleswig-Holstein	ort		16052	53.94313	10.30215
2920329	Ginsheim-Gustavsburg		DE	Hessen	ort		16043	49.97110	8.34532
2939167	Damme		DE	Niedersachsen	ort		16024	52.52157	8.19793
2814146	Wardenburg		DE	Niedersachsen	ort		16019	53.06667	8.20000
2917816	Grefrath		DE	Nordrhein-Westfalen	ort		16016	51.33630	6.34072
2856944	Oschatz		DE	Sachsen	ort		16000	51.30001	13.10984
2951679	Beckingen		DE	Saarland	ort		15983	49.40000	6.70000
2660305	Horgen		CH	Zürich	ort		15973	47.25983	8.59778
2948071	Blankenburg		DE	Sachsen-Anhalt	ort		15963	51.79025	10.95509
2898364	Hövelhof		DE	Nordrhein-Westfalen	ort		15962	51.81667	8.65000
2818094	Uslar		DE	Niedersachsen	ort		15951	51.65690	9.63501
2905206	Hettstedt		DE	Sachsen-Anhalt	ort		15949	51.65030	11.51146
2660512	Grenchen		CH	Solothurn	ort		15927	47.19210	7.39586
2850235	Ratekau		DE	Schleswig-Holstein	ort		15921	53.95000	10.73333
2933959	Ebersbach an der Fils		DE	Baden-Württemberg	ort		15919	48.71600	9.52360
2925080	Freilassing		DE	Bayern	ort		15909	47.84085	12.98114
2819974	Unterkrozingen		DE	Baden-Württemberg	stadtteil	Freiburg	15908	47.91933	7.69045
11903640	Sankt Leonhard		AT	Steiermark	stadtteil	Graz	15853	47.06924	15.45784
2943408	Bruckmühl		DE	Bayern	ort		15851	47.87859	11.91098
2857291	Olsberg		DE	Nordrhein-Westfalen	ort		15814	51.35613	8.48899
2658145	Vevey		CH	Waadt	ort		15812	46.46299	6.84345
2839316	Schiffweiler		DE	Saarland	ort		15780	49.36667	7.13333
2852280	Preetz		DE	Schleswig-Holstein	ort		15768	54.23540	10.27795
2658606	Sierre		CH	Wallis	ort		15752	46.29192	7.53559
2939440	Dahlem		DE	Berlin	stadtteil	Berlin	15737	52.45810	13.28702
2953464	Bad Essen		DE	Niedersachsen	ort		15732	52.31667	8.33333
2811204	Wendlingen am Neckar		DE	Baden-Württemberg	ort		15728	48.67124	9.37632
2891834	Kelheim		DE	Bayern	ort		15723	48.91725	11.88618
6295475	Zürich (Kreis 10) / Wipkingen		CH	Zürich	stadtteil	Zürich	15718	47.39503	8.52529
2813433	Weener		DE	Niedersachsen	ort		15718	53.16332	7.35052
2761436	Wetzelsdorf		AT	Steiermark	stadtteil	Graz	15687	47.05293	15.39923
2804748	Zerbst		DE	Sachsen-Anhalt	ort		15680	51.96620	12.08517
2885760	Königstein im Taunus		DE	Hessen	ort		15661	50.17943	8.47132
2847033	Riegelsberg		DE	Saarland	ort		15647	49.30000	6.93333
2832023	Simmerath		DE	Nordrhein-Westfalen	ort		15646	50.60000	6.30000
2887716	Klingenstein		DE	Baden-Württemberg	ort		15643	48.41849	9.90812
2830637	Spenge		DE	Nordrhein-Westfalen	ort		15625	52.14021	8.48475
2934020	Eberbach		DE	Baden-Württemberg	ort		15624	49.46680	8.99016
2858103	Odenthal		DE	Nordrhein-Westfalen	ort		15619	51.03333	7.11667
2773913	Klosterneuburg		AT	Niederösterreich	ort		15614	48.30521	16.32522
2948164	Bitterfeld-Wolfen		DE	Sachsen-Anhalt	ort		15608	51.62355	12.32395
2873776	Marbach am Neckar		DE	Baden-Württemberg	ort		15604	48.93964	9.25995
2898079	Hude		DE	Niedersachsen	ort		15567	53.10766	8.46322
2782555	Amstetten		AT	Niederösterreich	ort		15559	48.12290	14.87206
6295542	Zürich (Kreis 8)		CH	Zürich	stadtteil	Zürich	15519	47.35480	8.56097
2953552	Bad Bentheim		DE	Niedersachsen	ort		15508	52.30066	7.15763
2855917	Ottweiler		DE	Saarland	ort		15503	49.40133	7.16424
2661881	Aarau		CH	Aargau	ort		15501	47.39254	8.04422
2863199	Niederkrüchten		DE	Nordrhein-Westfalen	ort		15487	51.20000	6.21667
2956093	Angermünde		DE	Brandenburg	ort		15453	53.01499	13.99924
2660365	Herisau		CH	Appenzell Ausserrhoden	ort		15438	47.38615	9.27916
6295531	Seen (Kreis 3)		CH	Zürich	ort		15434	47.47646	8.76996
6691078	Bilderstoeckchen		DE	Nordrhein-Westfalen	stadtteil	Köln	15430	50.96983	6.92997
2859380	Ober-Ramstadt		DE	Hessen	ort		15367	49.83078	8.74887
2940938	Bürstadt		DE	Hessen	ort		15348	49.64266	8.45936
2939995	Clausthal-Zellerfeld		DE	Niedersachsen	ort		15345	51.80949	10.33821
2826304	Straelen		DE	Nordrhein-Westfalen	ort		15325	51.44190	6.26639
2958024	Altdorf		DE	Bayern	ort		15312	49.38560	11.35730
2922582	Garching bei München		DE	Bayern	ort		15303	48.24896	11.65101
2959441	Adlershof		DE	Berlin	stadtteil	Berlin	15294	52.43548	13.54825
2855794	Oyten		DE	Niedersachsen	ort		15286	53.05000	9.01667
3274966	Lauda-Königshofen		DE	Baden-Württemberg	ort		15278	49.56526	9.70816
2866280	Neu-Anspach		DE	Hessen	ort		15276	50.31667	8.50000
2892786	Karlstadt		DE	Bayern	ort		15272	49.96034	9.77239
2949475	Beverungen		DE	Nordrhein-Westfalen	ort		15266	51.66801	9.37417
2935042	Drensteinfurt		DE	Nordrhein-Westfalen	ort		15260	51.79535	7.73815
2937790	Deutz		DE	Nordrhein-Westfalen	stadtteil	Köln	15238	50.93463	6.97495
2925189	Freiberg am Neckar		DE	Baden-Württemberg	ort		15235	48.93196	9.20240
2805597	Wurzen		DE	Sachsen	ort		15233	51.37070	12.73939
2868936	Much		DE	Nordrhein-Westfalen	ort		15231	50.90383	7.40306
2661861	Adliswil		CH	Zürich	ort		15230	47.30997	8.52462
2763810	Telfs		AT	Tirol	ort		15229	47.30707	11.06817
2899676	Holzkirchen		DE	Bayern	ort		15199	47.87663	11.70181
2658494	Steffisburg		CH	Bern	ort		15191	46.77807	7.63249
2933101	Eggenstein-Leopoldshafen		DE	Baden-Württemberg	ort		15189	49.09006	8.39879
2766446	Sankt Peter		AT	Steiermark	stadtteil	Graz	15187	47.05000	15.46667
2882091	Bad Laasphe		DE	Nordrhein-Westfalen	ort		15184	50.93139	8.42502
2955224	Ascheberg		DE	Nordrhein-Westfalen	ort		15184	51.78333	7.61667
2953405	Bad Lippspringe		DE	Nordrhein-Westfalen	ort		15175	51.78333	8.81683
2937591	Dieburg		DE	Hessen	ort		15168	49.89738	8.84613
2897732	Humboldtkolonie		DE	Nordrhein-Westfalen	stadtteil	Köln	15108	50.93182	6.99469
2659613	Monthey		CH	Wallis	ort		15106	46.25451	6.95406
2945591	Brackenheim		DE	Baden-Württemberg	ort		15083	49.07787	9.06601
2882439	Künzelsau		DE	Baden-Württemberg	ort		15070	49.28180	9.68352
2769110	Perchtoldsdorf		AT	Niederösterreich	ort		15047	48.11935	16.26607
2820973	Trossingen		DE	Baden-Württemberg	ort		15040	48.07667	8.64409
2849476	Regenstauf		DE	Bayern	ort		14999	49.12014	12.13027
2922008	Gehrden		DE	Niedersachsen	ort		14955	52.31362	9.60033
2905496	Herzberg am Harz		DE	Niedersachsen	ort		14948	51.65546	10.33938
2857650	Ohlsdorf		DE	Hamburg	stadtteil	Norderstedt	14942	53.62594	10.03145
2941595	Burbach		DE	Nordrhein-Westfalen	ort		14942	50.75105	8.07939
2658007	Zürich (Kreis 3) / Alt-Wiedikon		CH	Zürich	stadtteil	Zürich	14931	47.36201	8.51497
2899478	Homberg		DE	Hessen	ort		14903	51.02994	9.40261
2659147	Pratteln		CH	Basel-Landschaft	ort		14877	47.52071	7.69356
2658564	Solothurn		CH	Solothurn	ort		14853	47.20791	7.53714
2814670	Walldorf		DE	Baden-Württemberg	ort		14842	49.30637	8.64236
2951793	Bebra		DE	Hessen	ort		14839	50.97445	9.79562
2835013	Schwarzenbek		DE	Schleswig-Holstein	ort		14832	53.50303	10.48055
2924326	Fritzlar		DE	Hessen	ort		14814	51.13181	9.27557
2805075	Zehdenick		DE	Brandenburg	ort		14809	52.97852	13.33165
2661321	Burgdorf		CH	Bern	ort		14788	47.05901	7.62786
2809544	Wiefelstede		DE	Niedersachsen	ort		14775	53.25000	8.11667
2950620	Bergen auf Rügen		DE	Mecklenburg-Vorpommern	ort		14771	54.41823	13.43349
2659748	Martigny-Ville		CH	Wallis	ort		14768	46.10276	7.07245
2880547	Langwedel		DE	Niedersachsen	ort		14755	52.97864	9.18542
2859654	Oberndorf		DE	Baden-Württemberg	ort		14740	48.29050	8.57221
2911825	Hain-Gründau		DE	Hessen	ort		14723	50.24284	9.14287
2875625	Lübben		DE	Brandenburg	ort		14713	51.93814	13.88826
2829790	Stadtbergen		DE	Bayern	ort		14705	48.36641	10.84636
2956018	Anklam		DE	Mecklenburg-Vorpommern	ort		14694	53.85637	13.68965
2920997	Gernsbach		DE	Baden-Württemberg	ort		14649	48.77034	8.34306
2853065	Pocking		DE	Bayern	ort		14646	48.40149	13.31315
2807788	Winterberg		DE	Nordrhein-Westfalen	ort		14601	51.19248	8.53468
2895643	Ismaning		DE	Bayern	ort		14596	48.23333	11.68333
2830452	Spiesen-Elversberg		DE	Saarland	ort		14570	49.31667	7.13333
2823836	Taucha		DE	Sachsen	ort		14552	51.38333	12.48333
2851337	Quierschied		DE	Saarland	ort		14545	49.31667	7.05000
2659869	Locarno		CH	Tessin	ort		14509	46.17086	8.79953
2863046	Niedernhausen		DE	Hessen	ort		14494	50.16307	8.31338
2879929	Lauterbach		DE	Hessen	ort		14487	50.63558	9.39777
2867560	Münsingen		DE	Baden-Württemberg	ort		14479	48.41126	9.49704
2773549	Krems an der Donau		AT	Niederösterreich	ort		14473	48.40921	15.61415
2853180	Plochingen		DE	Baden-Württemberg	ort		14465	48.71067	9.41949
2772522	Liebenau		AT	Steiermark	stadtteil	Graz	14447	47.03333	15.46667
2896261	Immenstadt im Allgäu		DE	Bayern	ort		14431	47.55996	10.21394
2895638	Isny		DE	Baden-Württemberg	ort		14424	47.69260	10.03857
11670105	Kraichtal		DE	Baden-Württemberg	ort		14416	49.14623	8.73276
2873369	Markgröningen		DE	Baden-Württemberg	ort		14414	48.90493	9.08059
2948212	Bissendorf		DE	Niedersachsen	ort		14402	52.23333	8.16667
2873632	Marienberg		DE	Sachsen	ort		14383	50.65051	13.16122
2836089	Schriesheim		DE	Baden-Württemberg	ort		14379	49.47372	8.66360
2944800	Breisach am Rhein		DE	Baden-Württemberg	ort		14367	48.03279	7.58294
2862698	Niederzier		DE	Nordrhein-Westfalen	ort		14363	50.88333	6.46667
2953362	Bad Salzdetfurth		DE	Niedersachsen	ort		14349	52.05777	10.00580
2841835	Sandhausen		DE	Baden-Württemberg	ort		14336	49.34278	8.65917
2866774	Neckargemünd		DE	Baden-Württemberg	ort		14335	49.38899	8.79590
2867431	Murrhardt		DE	Baden-Württemberg	ort		14331	48.98191	9.57047
2953312	Bad Wurzach		DE	Baden-Württemberg	ort		14323	47.90799	9.89686
2888344	Klein Reken		DE	Nordrhein-Westfalen	ort		14306	51.78710	7.04367
2660721	Freienbach		CH	Schwyz	ort		14302	47.20534	8.75842
2855065	Pegnitz		DE	Bayern	ort		14279	49.75216	11.54187
2841351	Sassenberg		DE	Nordrhein-Westfalen	ort		14273	51.99223	8.04068
2844434	Rotenburg an der Fulda		DE	Hessen	ort		14271	50.99556	9.72838
2943321	Brühl		DE	Baden-Württemberg	ort		14262	49.39722	8.53361
2874048	Malsch		DE	Baden-Württemberg	ort		14243	48.88333	8.33333
2914432	Grünberg		DE	Hessen	ort		14233	50.59403	8.95866
2864425	Neunkirchen		DE	Nordrhein-Westfalen	ort		14225	50.80000	8.00000
2952406	Barsinghausen		DE	Niedersachsen	ort		14200	52.30000	9.45000
2940381	Bad Camberg		DE	Hessen	ort		14195	50.29695	8.26896
2835381	Schwalbach am Taunus		DE	Hessen	ort		14192	50.15000	8.53333
2846398	Ritterhude		DE	Niedersachsen	ort		14192	53.18289	8.73550
2929863	Eppelheim		DE	Baden-Württemberg	ort		14190	49.40190	8.63644
2912618	Hagen		DE	Niedersachsen	ort		14187	52.19629	7.98041
2660034	Langenthal		CH	Bern	ort		14184	47.21526	7.79607
2658665	Schwyz		CH	Schwyz	ort		14177	47.02076	8.65414
2881259	Langenau		DE	Baden-Württemberg	ort		14175	48.49616	10.11849
2838744	Schleiden		DE	Nordrhein-Westfalen	ort		14160	50.52896	6.47692
2839345	Schiffdorf		DE	Niedersachsen	ort		14143	53.53333	8.65000
2811072	Wennigsen		DE	Niedersachsen	ort		14137	52.27404	9.57287
2661499	Binningen		CH	Basel-Landschaft	ort		14130	47.54021	7.56932
2871045	Mindelheim		DE	Bayern	ort		14122	48.04578	10.49222
2659587	Morges		CH	Waadt	ort		14117	46.51127	6.49854
3206149	Altes Lager		DE	Baden-Württemberg	ort		14092	48.41755	9.53606
2921309	Genthin		DE	Sachsen-Anhalt	ort		14059	52.40668	12.15920
2820407	Uhingen		DE	Baden-Württemberg	ort		14031	48.70475	9.58570
2953313	Bad Wörishofen		DE	Bayern	ort		14028	48.00674	10.59666
2880726	Langerwehe		DE	Nordrhein-Westfalen	ort		14027	50.81667	6.35000
2890136	Kladow		DE	Berlin	stadtteil	Potsdam	14022	52.45423	13.14445
2867548	Münster		DE	Hessen	ort		14018	49.92278	8.86778
2933345	Edingen-Neckarhausen		DE	Baden-Württemberg	ort		14009	49.45722	8.60639
2872028	Melsungen		DE	Hessen	ort		14004	51.13029	9.55236
2864089	Neustadt in Sachsen		DE	Sachsen	ort		14000	51.02844	14.21785
2893837	Kalkar		DE	Nordrhein-Westfalen	ort		13997	51.73907	6.29101
2945726	Bovenden		DE	Niedersachsen	ort		13964	51.58836	9.92220
2874252	Mainburg		DE	Bayern	ort		13959	48.64182	11.78093
12110956	Prinzenpark		DE	Niedersachsen	stadtteil	Braunschweig	13956	52.26525	10.55013
2865641	Neuenkirchen		DE	Nordrhein-Westfalen	ort		13953	52.24472	7.37183
2953338	Bad Soden-Salmünster		DE	Hessen	ort		13953	50.27574	9.36705
2943049	Brunsbüttel		DE	Schleswig-Holstein	ort		13950	53.89620	9.10459
2894897	Jever		DE	Niedersachsen	ort		13937	53.57368	7.89806
2842621	Saarwellingen		DE	Saarland	ort		13930	49.35430	6.80487
2821480	Travemünde		DE	Schleswig-Holstein	stadtteil	Lübeck	13902	53.96304	10.87090
2828685	Stein		DE	Bayern	ort		13902	49.41581	11.01599
2844654	Roßlau		DE	Sachsen-Anhalt	stadtteil	Dessau	13900	51.88736	12.24192
2951175	Belm		DE	Niedersachsen	ort		13897	52.30000	8.13333
2923507	Füssen		DE	Bayern	ort		13893	47.57143	10.70171
2855243	Pattensen		DE	Niedersachsen	ort		13883	52.26448	9.76436
2657963	Wohlen		CH	Aargau	ort		13875	47.35066	8.27517
2914801	Groß-Zimmern		DE	Hessen	ort		13870	49.87410	8.82898
2891742	Kelsterbach		DE	Hessen	ort		13836	50.06135	8.52916
2877021	Linnich		DE	Nordrhein-Westfalen	ort		13827	50.98002	6.27049
2876282	Lohfelden		DE	Hessen	ort		13825	51.26667	9.53333
2760854	Wörgl		AT	Tirol	ort		13811	47.48906	12.06174
2812626	Weilburg		DE	Hessen	ort		13798	50.48438	8.26249
2827990	Steinheim		DE	Nordrhein-Westfalen	ort		13797	51.87066	9.09136
2949229	Biedenkopf		DE	Hessen	ort		13788	50.91125	8.53016
2852566	Porz am Rhein		DE	Nordrhein-Westfalen	ort		13785	50.88637	7.05830
2897844	Hüllhorst		DE	Nordrhein-Westfalen	ort		13776	52.28333	8.66667
2917698	Grenzach-Wyhlen		DE	Baden-Württemberg	ort		13776	47.55000	7.68333
2808436	Wilsdruff		DE	Sachsen	ort		13772	51.05199	13.53657
2955009	Aßlar		DE	Hessen	ort		13772	50.59163	8.46273
2929802	Erbach		DE	Hessen	ort		13771	49.66148	8.99402
2804654	Zeulenroda		DE	Thüringen	ort		13763	50.65278	11.98377
2873574	Marienheide		DE	Nordrhein-Westfalen	ort		13759	51.08317	7.53087
2879193	Leinefelde-Worbis		DE	Thüringen	ort		13740	51.38796	10.32620
2897283	Hünxe		DE	Nordrhein-Westfalen	ort		13732	51.63405	6.69741
2765390	Schwaz		AT	Tirol	ort		13728	47.35169	11.71014
3207410	Rödental		DE	Bayern	ort		13712	50.29516	11.04122
2848340	Rellingen		DE	Schleswig-Holstein	ort		13707	53.65000	9.81667
2916611	Großenkneten		DE	Niedersachsen	ort		13698	52.94377	8.25323
2839674	Schermbeck		DE	Nordrhein-Westfalen	ort		13682	51.68333	6.86667
2952633	Bargteheide		DE	Schleswig-Holstein	ort		13640	53.72856	10.26695
2841619	Sankt Georgen im Schwarzwald		DE	Baden-Württemberg	ort		13636	48.12716	8.33513
2852512	Pößneck		DE	Thüringen	ort		13624	50.69358	11.59229
2909794	Haselhorst		DE	Berlin	stadtteil	Berlin	13624	52.54409	13.23743
2850132	Ratzeburg		DE	Schleswig-Holstein	ort		13623	53.69965	10.77256
2849913	Raunheim		DE	Hessen	ort		13622	50.01320	8.45253
2878037	Lichtenstein		DE	Sachsen	ort		13612	50.75659	12.63025
2950622	Bergen		DE	Niedersachsen	ort		13609	52.80837	9.96374
2875760	Lotte		DE	Nordrhein-Westfalen	ort		13580	52.28333	7.91667
2909335	Haßfurt		DE	Bayern	ort		13562	50.03521	10.51560
2781680	Bludenz		AT	Vorarlberg	ort		13534	47.15476	9.82255
2878166	Lich		DE	Hessen	ort		13534	50.52085	8.81567
2946230	Borken		DE	Hessen	ort		13531	51.04501	9.28440
2818097	Usingen		DE	Hessen	ort		13511	50.33554	8.53688
2938190	Denzlingen		DE	Baden-Württemberg	ort		13511	48.06667	7.88333
2909268	Hatten		DE	Niedersachsen	ort		13499	53.05000	8.38333
2776874	Hard		AT	Vorarlberg	ort		13495	47.48306	9.68306
2661228	Cham		CH	Zug	ort		13495	47.18213	8.46358
2936103	Dorfen		DE	Bayern	ort		13487	48.27037	12.16056
2851962	Pritzwalk		DE	Brandenburg	ort		13485	53.14945	12.17405
2927054	Feucht		DE	Bayern	ort		13482	49.37597	11.21433
2927871	Bad Fallingbostel		DE	Niedersachsen	ort		13473	52.86641	9.69558
2852144	Preußisch Oldendorf		DE	Nordrhein-Westfalen	ort		13447	52.30589	8.49341
2914101	Grünstadt		DE	Rheinland-Pfalz	ort		13424	49.56302	8.16279
2903016	Höchstadt an der Aisch		DE	Bayern	ort		13418	49.70617	10.81329
2823141	Thale		DE	Sachsen-Anhalt	ort		13386	51.74861	11.04100
2811879	Weißenhorn		DE	Bayern	ort		13377	48.30501	10.16047
2929817	Eppstein		DE	Hessen	ort		13374	50.14277	8.39231
2940633	Büttelborn		DE	Hessen	ort		13338	49.90333	8.52333
2764958	Hall in Tirol		AT	Tirol	ort		13334	47.28333	11.51667
2929804	Erbach		DE	Baden-Württemberg	ort		13331	48.32841	9.88752
2833076	Sendenhorst		DE	Nordrhein-Westfalen	ort		13316	51.84303	7.82996
2821736	Tostedt		DE	Niedersachsen	ort		13315	53.28333	9.71667
2870911	Mittegroßefehn		DE	Niedersachsen	ort		13314	53.39165	7.56602
2658388	Thalwil		CH	Zürich	ort		13296	47.29175	8.56351
2823854	Tauberbischofsheim		DE	Baden-Württemberg	ort		13293	49.62472	9.66278
2894394	Jüterbog		DE	Brandenburg	ort		13292	51.99607	13.07979
2905293	Hessisch Lichtenau		DE	Hessen	ort		13291	51.19954	9.71857
2958105	Alsterdorf		DE	Hamburg	stadtteil	Hamburg	13271	53.61083	10.01306
2658082	Wädenswil		CH	Zürich	ort		13269	47.22683	8.66870
2806799	Wolfhagen		DE	Hessen	ort		13266	51.32611	9.17015
2836543	Schöningen		DE	Niedersachsen	ort		13265	52.13802	10.96745
2853930	Pfullendorf		DE	Baden-Württemberg	ort		13258	47.92610	9.25780
9973269	Solms		DE	Hessen	ort		13250	50.53620	8.40704
2835477	Schwabmünchen		DE	Bayern	ort		13232	48.17928	10.75675
2816761	Vöhringen		DE	Bayern	ort		13207	48.27839	10.08236
2898494	Hösbach		DE	Bayern	ort		13203	50.00646	9.20765
2778436	Gmunden		AT	Oberösterreich	ort		13191	47.91839	13.79933
2872585	Meckenbeuren		DE	Baden-Württemberg	ort		13183	47.70000	9.56667
2953537	Bad Bramstedt		DE	Schleswig-Holstein	ort		13177	53.91830	9.88424
2815563	Wadersloh		DE	Nordrhein-Westfalen	ort		13173	51.73333	8.25000
2661338	Bülach		CH	Zürich	ort		13172	47.52197	8.54049
2881291	Langelsheim		DE	Niedersachsen	ort		13169	51.93789	10.33264
2809134	Wiesmoor		DE	Niedersachsen	ort		13157	53.41667	7.73333
2822713	Tholey		DE	Saarland	ort		13157	49.48374	7.03691
2946923	Bohmte		DE	Niedersachsen	ort		13153	52.36667	8.31667
2660925	Einsiedeln		CH	Schwyz	ort		13148	47.12849	8.74735
2861866	Nordstemmen		DE	Niedersachsen	ort		13148	52.16196	9.78350
2821254	Treuchtlingen		DE	Bayern	ort		13141	48.95473	10.90833
2940977	Burladingen		DE	Baden-Württemberg	ort		13131	48.29111	9.11286
2932069	Eichstätt		DE	Bayern	ort		13125	48.88854	11.19675
2891343	Ketsch		DE	Baden-Württemberg	ort		13124	49.36778	8.53111
2906194	Herbrechtingen		DE	Baden-Württemberg	ort		13110	48.62173	10.17600
2854848	Perleberg		DE	Brandenburg	ort		13102	53.07583	11.85739
2875987	Löningen		DE	Niedersachsen	ort		13096	52.73678	7.75809
2948267	Bischofswerda		DE	Sachsen	ort		13085	51.12771	14.17974
2821779	Tornesch		DE	Schleswig-Holstein	ort		13079	53.70000	9.71667
2953458	Bad Freienwalde		DE	Brandenburg	ort		13075	52.78730	14.03040
2817704	Velen		DE	Nordrhein-Westfalen	ort		13074	51.89447	6.98807
2904638	Hilpoltstein		DE	Bayern	ort		13069	49.19047	11.19060
2853162	Plön		DE	Schleswig-Holstein	ort		13068	54.16241	10.42333
3209505	Thônex		CH	Genf	ort		13057	46.18815	6.19904
2873331	Markranstädt		DE	Sachsen	ort		13053	51.30146	12.22020
2813262	Wehr		DE	Baden-Württemberg	ort		13037	47.62983	7.90423
2881650	Landau an der Isar		DE	Bayern	ort		12997	48.67249	12.69316
2811361	Welver		DE	Nordrhein-Westfalen	ort		12993	51.61667	7.96667
2878879	Lengede		DE	Niedersachsen	ort		12993	52.20487	10.30775
2773698	Korneuburg		AT	Niederösterreich	ort		12986	48.35000	16.33333
2918368	Gräfelfing		DE	Bayern	ort		12978	48.11878	11.42939
6295501	Zürich (Kreis 4) / Hard		CH	Zürich	stadtteil	Zürich	12976	47.38311	8.50942
2658010	Wetzikon		CH	Zürich	ort		12969	47.32640	8.79779
2890442	Kirchhundem		DE	Nordrhein-Westfalen	ort		12966	51.08556	8.08893
2829657	Stahnsdorf		DE	Brandenburg	ort		12964	52.38333	13.21667
2826584	Stollberg		DE	Sachsen	ort		12948	50.70999	12.78034
2889709	Kleinblittersdorf		DE	Saarland	ort		12948	49.15780	7.03734
2869756	Monschau		DE	Nordrhein-Westfalen	ort		12945	50.55462	6.24001
8051091	Fehmarn		DE	Schleswig-Holstein	ort		12942	54.43780	11.19352
2661731	Arbon		CH	Thurgau	ort		12933	47.51667	9.43333
2854653	Petershagen		DE	Brandenburg	ort		12931	52.52078	13.78748
2948184	Bitburg		DE	Rheinland-Pfalz	ort		12908	49.96794	6.52734
2958188	Alpen		DE	Nordrhein-Westfalen	ort		12908	51.58333	6.51667
2840070	Scheeßel		DE	Niedersachsen	ort		12907	53.16667	9.48333
2956940	Altötting		DE	Bayern	ort		12902	48.22533	12.67665
2864056	Neustadt an der Donau		DE	Bayern	ort		12899	48.80705	11.76952
2821416	Trebur		DE	Hessen	ort		12897	49.92639	8.40732
2764786	Spittal an der Drau		AT	Kärnten	ort		12880	46.80000	13.50000
2856207	Östringen		DE	Baden-Württemberg	ort		12880	49.21911	8.71192
2955068	Asperg		DE	Baden-Württemberg	ort		12870	48.90525	9.13502
2933115	Eggenfelden		DE	Bayern	ort		12860	48.40509	12.75752
2942446	Buchheim		DE	Nordrhein-Westfalen	stadtteil	Köln	12840	50.95152	7.02093
2807846	Winsen		DE	Niedersachsen	ort		12838	52.68301	9.91362
2824902	Sulingen		DE	Niedersachsen	ort		12835	52.68373	8.80949
2659891	Liestal		CH	Basel-Landschaft	ort		12832	47.48455	7.73446
2818246	Bad Urach		DE	Baden-Württemberg	ort		12831	48.49107	9.40009
2953520	Bad Dürrheim		DE	Baden-Württemberg	ort		12829	48.02093	8.53056
2871813	Mering		DE	Bayern	ort		12820	48.26560	10.98461
2939763	Cremlingen		DE	Niedersachsen	ort		12808	52.25000	10.65000
2883410	Krumbach		DE	Bayern	ort		12805	48.24182	10.36320
2933799	Eching		DE	Bayern	ort		12804	48.30000	11.61667
2841631	St. Georg		DE	Hamburg	stadtteil	Hamburg	12802	53.55513	10.01231
2824855	Sulz am Neckar		DE	Baden-Württemberg	ort		12763	48.36241	8.63309
2875877	Lorsch		DE	Hessen	ort		12744	49.65000	8.56667
2880425	Lappersdorf		DE	Bayern	ort		12744	49.04694	12.09130
3272450	Ubstadt-Weiher		DE	Baden-Württemberg	ort		12730	49.16296	8.63165
2851523	Quakenbrück		DE	Niedersachsen	ort		12727	52.67502	7.94983
2866174	Neubiberg		DE	Bayern	ort		12717	48.07710	11.65812
2658724	Schlieren		CH	Zürich	ort		12695	47.39668	8.44763
2855029	Peißenberg		DE	Bayern	ort		12695	47.80466	11.06990
2857919	Oelsnitz		DE	Sachsen	ort		12686	50.41470	12.16950
3336895	Kaufungen		DE	Hessen	ort		12683	51.28111	9.61861
2942827	Buch		DE	Berlin	stadtteil	Berlin	12674	52.63470	13.49679
2806501	Wolgast		DE	Mecklenburg-Vorpommern	ort		12664	54.05275	13.77201
2929451	Erlensee		DE	Hessen	ort		12663	50.16304	8.97823
2880913	Langenselbold		DE	Hessen	ort		12660	50.17657	9.04003
2820643	Twistringen		DE	Niedersachsen	ort		12645	52.79926	8.64163
2936881	Dinklage		DE	Niedersachsen	ort		12626	52.66223	8.12440
2863953	Neutraubling		DE	Bayern	ort		12620	48.98737	12.20100
2804642	Zeven		DE	Niedersachsen	ort		12607	53.29657	9.27685
9972705	Friedland		DE	Niedersachsen	ort		12607	51.41917	9.91762
2946368	Bopfingen		DE	Baden-Württemberg	ort		12606	48.85847	10.35417
2911559	Halensee		DE	Berlin	stadtteil	Berlin	12605	52.49005	13.29602
2837652	Schmölln		DE	Thüringen	ort		12604	50.89678	12.35339
2865592	Neuenrade		DE	Nordrhein-Westfalen	ort		12602	51.28278	7.78250
12110941	Am Hagenring		DE	Niedersachsen	stadtteil	Braunschweig	12602	52.27256	10.54213
6295524	Wülflingen (Kreis 6)		CH	Zürich	ort		12598	47.51036	8.68333
2658536	Spiez		CH	Bern	ort		12594	46.68473	7.69111
2923325	Gaildorf		DE	Baden-Württemberg	ort		12571	49.00027	9.76953
2959842	Abensberg		DE	Bayern	ort		12570	48.81684	11.84980
2909761	Haselünne		DE	Niedersachsen	ort		12562	52.67412	7.48460
2845273	Rommerskirchen		DE	Nordrhein-Westfalen	ort		12554	51.03333	6.68333
2871540	Mettingen		DE	Nordrhein-Westfalen	ort		12532	52.31667	7.78333
2908661	Hauzenberg		DE	Bayern	ort		12522	48.64957	13.62645
2810841	Wernau		DE	Baden-Württemberg	ort		12518	48.69306	9.41533
2874200	Maisach		DE	Bayern	ort		12507	48.21667	11.26667
2809778	Wickede		DE	Nordrhein-Westfalen	ort		12504	51.49640	7.86587
2918241	Grafing bei München		DE	Bayern	ort		12497	48.04596	11.96797
2938284	Demmin		DE	Mecklenburg-Vorpommern	ort		12495	53.90762	13.03142
2867753	Mülsen		DE	Sachsen	ort		12489	50.75000	12.56667
2873427	Markdorf		DE	Baden-Württemberg	ort		12486	47.71916	9.39028
2920229	Gladenbach		DE	Hessen	ort		12482	50.76847	8.58085
2941150	Burgstädt		DE	Sachsen	ort		12477	50.91333	12.80600
2951595	Beelitz		DE	Brandenburg	ort		12475	52.23812	12.97140
2952398	Barßel		DE	Niedersachsen	ort		12475	53.16981	7.75012
2860525	Oberhaching		DE	Bayern	ort		12470	48.02455	11.59744
2830851	Spaichingen		DE	Baden-Württemberg	ort		12466	48.07477	8.73508
2815642	Wächtersbach		DE	Hessen	ort		12464	50.25511	9.29564
2864057	Neustadt an der Aisch		DE	Bayern	ort		12448	49.57953	10.61126
2836616	Schongau		DE	Bayern	ort		12442	47.81240	10.89664
2805785	Wünnenberg		DE	Nordrhein-Westfalen	ort		12439	51.52002	8.69934
2807257	Wittingen		DE	Niedersachsen	ort		12427	52.72694	10.73613
2763266	Tulln		AT	Niederösterreich	ort		12421	48.32829	16.05858
2905599	Hersbruck		DE	Bayern	ort		12404	49.51083	11.43151
2853310	Plattling		DE	Bayern	ort		12390	48.77866	12.87509
2867310	Mutterstadt		DE	Rheinland-Pfalz	ort		12383	49.44139	8.35611
2659532	Muri		CH	Bern	ort		12374	46.93122	7.48658
2813755	Wasserburg am Inn		DE	Bayern	ort		12374	48.05250	12.22341
2934915	Drochtersen		DE	Niedersachsen	ort		12364	53.71015	9.38463
2952415	Barsbüttel		DE	Schleswig-Holstein	ort		12363	53.56667	10.16667
2804867	Zella-Mehlis		DE	Thüringen	ort		12361	50.65642	10.66046
2853907	Philippsburg		DE	Baden-Württemberg	ort		12359	49.23170	8.46074
2765388	Schwechat		AT	Niederösterreich	ort		12351	48.13333	16.46667
2910280	Harsefeld		DE	Niedersachsen	ort		12350	53.45399	9.50297
2660298	Horw		CH	Luzern	ort		12348	47.01692	8.30956
2869746	Montabaur		DE	Rheinland-Pfalz	ort		12345	50.43588	7.82320
3206254	Niefern-Öschelbronn		DE	Baden-Württemberg	ort		12341	48.91667	8.78333
2910269	Harsum		DE	Niedersachsen	ort		12331	52.21045	9.96486
2822224	Tiergarten		DE	Berlin	stadtteil	Berlin	12328	52.51667	13.36667
2934886	Drolshagen		DE	Nordrhein-Westfalen	ort		12310	51.02358	7.77355
2849495	Regen		DE	Bayern	ort		12296	48.97190	13.12824
2869936	Mömbris		DE	Bayern	ort		12287	50.06921	9.16371
2880672	Langgöns		DE	Hessen	ort		12283	50.50000	8.66667
2953003	Balve		DE	Nordrhein-Westfalen	ort		12281	51.33150	7.86424
2922511	Garrel		DE	Niedersachsen	ort		12273	52.95000	8.01667
2857918	Oelsnitz		DE	Sachsen	ort		12268	50.72584	12.70100
2927048	Feuchtwangen		DE	Bayern	ort		12267	49.16287	10.33850
2957463	Altenstadt		DE	Hessen	ort		12258	50.28747	8.94373
2895617	Issum		DE	Nordrhein-Westfalen	ort		12249	51.53333	6.43333
2906514	Hemsbach		DE	Baden-Württemberg	ort		12247	49.59075	8.64779
3208606	Ilsede		DE	Niedersachsen	ort		12241	52.26340	10.19922
2844126	Röthenbach an der Pegnitz		DE	Bayern	ort		12224	49.48301	11.24116
2856014	Ottersberg		DE	Niedersachsen	ort		12205	53.10990	9.14408
2844756	Roßdorf		DE	Hessen	ort		12199	49.85972	8.76167
3272456	Sankt Leon-Rot		DE	Baden-Württemberg	ort		12192	49.26593	8.61803
2923815	Fuldatal		DE	Hessen	ort		12186	51.38333	9.56667
2904804	Hildburghausen		DE	Thüringen	ort		12171	50.42553	10.73184
2944178	Bretzfeld		DE	Baden-Württemberg	ort		12162	49.17944	9.43833
7284171	Weststadt		DE	Mecklenburg-Vorpommern	stadtteil	Schwerin	12141	53.63472	11.39565
2890479	Kirchheim bei München		DE	Bayern	stadtteil	München	12135	48.17656	11.75563
2857363	Olfen		DE	Nordrhein-Westfalen	ort		12133	51.70787	7.37893
2901908	Höhenberg		DE	Nordrhein-Westfalen	stadtteil	Köln	12133	50.93323	7.04138
2912829	Hadamar		DE	Hessen	ort		12131	50.44593	8.04253
2824284	Tamm		DE	Baden-Württemberg	ort		12129	48.91988	9.11556
2912481	Hagenow		DE	Mecklenburg-Vorpommern	ort		12128	53.43134	11.19159
2919763	Glückstadt		DE	Schleswig-Holstein	ort		12121	53.78893	9.42576
2855337	Pasewalk		DE	Mecklenburg-Vorpommern	ort		12120	53.50627	13.98997
2814667	Walldürn		DE	Baden-Württemberg	ort		12113	49.58358	9.36642
2875343	Ludwigslust		DE	Mecklenburg-Vorpommern	ort		12112	53.32917	11.49714
2658209	Uzwil		CH	St. Gallen	ort		12111	47.43653	9.13422
2855025	Peiting		DE	Bayern	ort		12106	47.79549	10.92951
2811031	Wentorf bei Hamburg		DE	Schleswig-Holstein	ort		12104	53.50000	10.25000
2661337	Bulle		CH	Freiburg	ort		12095	46.61797	7.05690
2941190	Burglengenfeld		DE	Bayern	ort		12095	49.20379	12.04452
2840393	Scharbeutz		DE	Schleswig-Holstein	ort		12087	54.03333	10.75000
2920896	Gerstetten		DE	Baden-Württemberg	ort		12086	48.62254	10.01984
2948290	Bischofsheim		DE	Hessen	ort		12075	49.99389	8.36722
2820583	Überherrn		DE	Saarland	ort		12071	49.24187	6.69840
2908597	Havixbeck		DE	Nordrhein-Westfalen	ort		12034	51.98333	7.41667
2953314	Bad Windsheim		DE	Bayern	ort		12022	49.50274	10.41539
2822083	Titisee-Neustadt		DE	Baden-Württemberg	ort		12019	47.92104	8.19063
2836761	Schönefeld		DE	Brandenburg	ort		12015	52.38897	13.50374
2894702	Jork		DE	Niedersachsen	ort		12014	53.53198	9.68076
2911214	Hammelburg		DE	Bayern	ort		12004	50.11633	9.89143
2951134	Bad Belzig		DE	Brandenburg	ort		11999	52.14184	12.59272
2923850	Fuhlsbüttel		DE	Hamburg	stadtteil	Norderstedt	11995	53.63459	10.01608
2928659	Ettenheim		DE	Baden-Württemberg	ort		11995	48.25696	7.81247
2942281	Buchloe		DE	Bayern	ort		11978	48.03719	10.72548
2761936	Waltendorf		AT	Steiermark	stadtteil	Graz	11960	47.06667	15.46667
2867445	Murnau am Staffelsee		DE	Bayern	ort		11958	47.68085	11.20125
2847003	Rielasingen-Worblingen		DE	Baden-Württemberg	ort		11953	47.73465	8.84013
2921707	Geisenheim		DE	Hessen	ort		11949	49.98470	7.96835
2836746	Schöneiche		DE	Brandenburg	ort		11907	52.47286	13.69226
2767471	Ried im Innkreis		AT	Oberösterreich	ort		11903	48.21123	13.48855
2893762	Kall		DE	Nordrhein-Westfalen	ort		11903	50.54223	6.56297
2832373	Siemensstadt		DE	Berlin	stadtteil	Berlin	11899	52.54053	13.26294
2854179	Pfarrkirchen		DE	Bayern	ort		11894	48.43205	12.93812
2823504	Teningen		DE	Baden-Württemberg	ort		11887	48.12952	7.81205
2949803	Besigheim		DE	Baden-Württemberg	ort		11883	48.99797	9.14268
2856530	Osterhofen		DE	Bayern	ort		11870	48.70000	13.02221
2922580	Gardelegen		DE	Sachsen-Anhalt	ort		11868	52.52520	11.39523
2781321	Brunn am Gebirge		AT	Niederösterreich	ort		11864	48.10697	16.28466
2864067	Neustadt		DE	Hamburg	stadtteil	Hamburg	11856	53.55196	9.98558
2883647	Kronshagen		DE	Schleswig-Holstein	ort		11856	54.33333	10.08333
2767974	Rankweil		AT	Vorarlberg	ort		11855	47.27108	9.64308
2812158	Weinsberg		DE	Baden-Württemberg	ort		11855	49.15127	9.28762
2808644	Wilkau-Haßlau		DE	Sachsen	ort		11850	50.67504	12.51482
2845131	Rosdorf		DE	Niedersachsen	ort		11840	51.50000	9.90000
2880181	Lauenburg		DE	Schleswig-Holstein	ort		11814	53.37199	10.55654
2849689	Recke		DE	Nordrhein-Westfalen	ort		11800	52.36885	7.72116
2947949	Blaubeuren		DE	Baden-Württemberg	ort		11797	48.41215	9.78427
2953410	Bad Lauterberg im Harz		DE	Niedersachsen	ort		11784	51.63272	10.47031
2660088	Küssnacht		CH	Schwyz	ort		11777	47.08557	8.44206
2879378	Lehre		DE	Niedersachsen	ort		11777	52.33333	10.66667
2949773	Bestwig		DE	Nordrhein-Westfalen	ort		11764	51.36081	8.40082
2922436	Gärtringen		DE	Baden-Württemberg	ort		11760	48.64176	8.90073
2840555	Schalksmühle		DE	Nordrhein-Westfalen	ort		11753	51.24120	7.52790
2845160	Rosbach vor der Höhe		DE	Hessen	ort		11741	50.30332	8.68976
2929602	Erkner		DE	Brandenburg	ort		11741	52.42000	13.75437
6295521	Zürich (Kreis 5)		CH	Zürich	stadtteil	Zürich	11737	47.38767	8.52152
2843415	Rudersberg		DE	Baden-Württemberg	ort		11726	48.88515	9.52927
2936886	Dinkelsbühl		DE	Bayern	ort		11724	49.06942	10.31985
2814853	Wald-Michelbach		DE	Hessen	ort		11720	49.57000	8.83167
2658060	Wallisellen		CH	Zürich	ort		11705	47.41499	8.59672
2803798	Zschopau		DE	Sachsen	ort		11705	50.74818	13.07691
2948944	Billerbeck		DE	Nordrhein-Westfalen	ort		11699	51.97829	7.29261
3272459	Graben-Neudorf		DE	Baden-Württemberg	ort		11697	49.16695	8.49243
2856288	Ostheim		DE	Nordrhein-Westfalen	stadtteil	Köln	11689	50.93117	7.04412
2804697	Zetel		DE	Niedersachsen	ort		11684	53.41667	7.98333
2865813	Neuenburg am Rhein		DE	Baden-Württemberg	ort		11682	47.81431	7.56005
2820964	Trostberg an der Alz		DE	Bayern	ort		11676	48.02802	12.55804
2934462	Durmersheim		DE	Baden-Württemberg	ort		11675	48.93333	8.26667
2953355	Bad Sassendorf		DE	Nordrhein-Westfalen	ort		11659	51.58333	8.16667
2659551	Münchenstein		CH	Basel-Landschaft	ort		11644	47.51848	7.60966
2932382	Eichenau		DE	Bayern	ort		11637	48.16667	11.31667
2914210	Grunewald		DE	Berlin	stadtteil	Berlin	11631	52.48338	13.26586
2869196	Morsbach		DE	Nordrhein-Westfalen	ort		11630	50.86665	7.72787
2899880	Holzgerlingen		DE	Baden-Württemberg	ort		11613	48.63969	9.01149
2935453	Dossenheim		DE	Baden-Württemberg	ort		11612	49.45028	8.67472
3272461	Linkenheim-Hochstetten		DE	Baden-Württemberg	ort		11599	49.13197	8.41244
2910302	Harrislee		DE	Schleswig-Holstein	ort		11596	54.80000	9.38333
2852939	Poing		DE	Bayern	ort		11592	48.17004	11.81863
2810710	Werther		DE	Nordrhein-Westfalen	ort		11575	52.07771	8.41793
2772505	Lienz		AT	Tirol	ort		11572	46.82890	12.76903
2941090	Burgthann		DE	Bayern	ort		11567	49.35202	11.31154
2836251	Schotten		DE	Hessen	ort		11566	50.50346	9.12516
2913713	Gundelfingen		DE	Baden-Württemberg	ort		11563	48.04246	7.86570
2953528	Bad Doberan		DE	Mecklenburg-Vorpommern	ort		11559	54.10712	11.90051
3207377	Möhnesee		DE	Nordrhein-Westfalen	ort		11559	51.50000	8.13333
2867726	Münchberg		DE	Bayern	ort		11557	50.18952	11.78823
2953430	Bad Iburg		DE	Niedersachsen	ort		11554	52.15490	8.04216
2803476	Zwönitz		DE	Sachsen	ort		11547	50.63027	12.80999
2908398	Heddesheim		DE	Baden-Württemberg	ort		11544	49.50556	8.60361
2660089	Küsnacht		CH	Zürich	ort		11525	47.31805	8.58401
2915157	Großräschen		DE	Brandenburg	ort		11523	51.58760	14.01093
2773887	Knittelfeld		AT	Steiermark	ort		11521	47.21667	14.81667
2945073	Braunfels		DE	Hessen	ort		11510	50.51545	8.38918
2903810	Hirschaid		DE	Bayern	ort		11508	49.81789	10.98918
2817674	Velten		DE	Brandenburg	ort		11498	52.69149	13.17533
2858333	Ochsenfurt		DE	Bayern	ort		11492	49.66429	10.06227
2922722	Gangelt		DE	Nordrhein-Westfalen	ort		11484	50.99247	5.99802
2861801	Nörvenich		DE	Nordrhein-Westfalen	ort		11481	50.80604	6.63952
2881980	Ladenburg		DE	Baden-Württemberg	ort		11479	49.47307	8.60896
2953521	Bad Dürrenberg		DE	Sachsen-Anhalt	ort		11479	51.29545	12.06583
2778218	Götzis		AT	Vorarlberg	ort		11473	47.33306	9.63306
2660953	Ebikon		CH	Luzern	ort		11471	47.07937	8.34041
2658151	Versoix		CH	Genf	ort		11467	46.28382	6.16214
2835587	Schüttorf		DE	Niedersachsen	ort		11465	52.32281	7.22176
2865086	Neuhausen auf den Fildern		DE	Baden-Württemberg	ort		11462	48.68333	9.28333
2770711	Neunkirchen		AT	Niederösterreich	ort		11461	47.72096	16.08107
2657915	Zofingen		CH	Aargau	ort		11451	47.28779	7.94586
2814392	Waltershausen		DE	Thüringen	ort		11445	50.89827	10.55791
2924461	Friedrichsthal		DE	Saarland	ort		11440	49.32786	7.09622
2929650	Ergolding		DE	Bayern	ort		11438	48.57654	12.17102
2931521	Eisenberg		DE	Thüringen	ort		11438	50.96860	11.90207
2864936	Neuhof		DE	Hessen	ort		11422	50.45313	9.61750
2875909	Lorch		DE	Baden-Württemberg	ort		11418	48.79833	9.69140
2817394	Vienenburg		DE	Niedersachsen	ort		11417	51.95242	10.56374
2817209	Vilsbiburg		DE	Bayern	ort		11416	48.45296	12.35604
2845924	Roding		DE	Bayern	ort		11406	49.19426	12.51956
2778877	Gänserndorf		AT	Niederösterreich	ort		11404	48.33925	16.72016
2810289	Westerkappeln		DE	Nordrhein-Westfalen	ort		11397	52.31667	7.88333
2850085	Raubling		DE	Bayern	ort		11382	47.79050	12.11088
2835018	Schwarzenbach an der Saale		DE	Bayern	ort		11375	50.22279	11.93504
2921379	Gemünden am Main		DE	Bayern	ort		11375	50.04946	9.70593
2782492	Annabichl		AT	Kärnten	stadtteil	Klagenfurt am Wörthersee	11374	46.65000	14.31667
2827988	Steinheim am der Murr		DE	Baden-Württemberg	ort		11374	48.96821	9.27708
2873224	Marpingen		DE	Saarland	ort		11358	49.45228	7.05820
2958032	Altdorf		DE	Bayern	ort		11355	48.15374	12.18419
2871198	Miesbach		DE	Bayern	ort		11354	47.78903	11.83382
2661756	Amriswil		CH	Thurgau	ort		11351	47.54699	9.29586
2846063	Rodenbach		DE	Hessen	ort		11344	50.15000	9.03333
6295492	Zürich (Kreis 12) / Hirzenbach		CH	Zürich	stadtteil	Zürich	11335	47.40187	8.58633
2940419	Calbe		DE	Sachsen-Anhalt	ort		11322	51.90668	11.77478
2661035	Delémont		CH	Jura	ort		11315	47.36493	7.34453
2852863	Poll		DE	Nordrhein-Westfalen	stadtteil	Köln	11311	50.91256	6.99057
2811354	Welzheim		DE	Baden-Württemberg	ort		11306	48.87675	9.63434
2828871	Steinau an der Straße		DE	Hessen	ort		11302	50.31401	9.46335
2842816	Rüthen		DE	Nordrhein-Westfalen	ort		11299	51.49090	8.43596
2859147	Oberschleißheim		DE	Bayern	ort		11290	48.25000	11.56667
2875282	Lügde		DE	Nordrhein-Westfalen	ort		11290	51.95828	9.24706
2938813	Dassel		DE	Niedersachsen	ort		11287	51.80179	9.68904
2945341	Brand-Erbisdorf		DE	Sachsen	ort		11284	50.86643	13.32285
2922112	Geeste		DE	Niedersachsen	ort		11281	52.60000	7.26667
2878133	Lichtenau		DE	Nordrhein-Westfalen	ort		11268	51.61707	8.89665
2763423	Traun		AT	Oberösterreich	ort		11267	48.22086	14.23833
2957459	Altensteig		DE	Baden-Württemberg	ort		11266	48.58649	8.60395
2930426	Emstek		DE	Niedersachsen	ort		11257	52.83333	8.15000
2778255	Gösting		AT	Steiermark	stadtteil	Graz	11255	47.09788	15.39777
2873992	Manching		DE	Bayern	ort		11239	48.71656	11.49393
2895630	Isselburg		DE	Nordrhein-Westfalen	ort		11239	51.83232	6.46428
2921355	Gengenbach		DE	Baden-Württemberg	ort		11234	48.40476	8.01433
2927226	Felsberg		DE	Hessen	ort		11219	51.13763	9.42139
2850942	Raesfeld		DE	Nordrhein-Westfalen	ort		11218	51.76667	6.85000
2872126	Meitingen		DE	Bayern	ort		11201	48.54586	10.85179
2847013	Riehl		DE	Nordrhein-Westfalen	stadtteil	Köln	11188	50.96686	6.97572
2923543	Fürth		DE	Hessen	ort		11181	49.65083	8.78472
2947359	Bockenem		DE	Niedersachsen	ort		11177	52.00993	10.13197
6639586	Salem		DE	Baden-Württemberg	ort		11164	47.76258	9.29031
2857484	Olbernhau		DE	Sachsen	ort		11162	50.65870	13.34250
2890202	Kissing		DE	Bayern	ort		11150	48.30375	10.97088
2869306	Morbach		DE	Rheinland-Pfalz	ort		11149	49.80772	7.12714
2926147	Flöha		DE	Sachsen	ort		11143	50.85613	13.07407
2871601	Meßstetten		DE	Baden-Württemberg	ort		11132	48.18317	8.96565
2953348	Bad Schwalbach		DE	Hessen	ort		11112	50.14196	8.06964
2862460	Niesky		DE	Sachsen	ort		11111	51.29241	14.82107
2844056	Rothenburg ob der Tauber		DE	Bayern	ort		11106	49.37885	10.18711
2953456	Bad Gandersheim		DE	Niedersachsen	ort		11099	51.87167	10.02537
2782383	Arzl		AT	Tirol	stadtteil	Innsbruck	11082	47.28333	11.43333
2831853	Sinzheim		DE	Baden-Württemberg	ort		11078	48.76667	8.16667
2827574	Stelle		DE	Niedersachsen	ort		11073	53.38416	10.11138
2928804	Essenbach		DE	Bayern	ort		11070	48.61332	12.21833
2880111	Lauffen am Neckar		DE	Baden-Württemberg	ort		11068	49.07340	9.14567
2894962	Jessen		DE	Sachsen-Anhalt	ort		11065	51.79337	12.95762
2657954	Worb		CH	Bern	ort		11053	46.92984	7.56306
2936186	Donzdorf		DE	Baden-Württemberg	ort		11051	48.68544	9.81053
2835411	Schwaigern		DE	Baden-Württemberg	ort		11047	49.14494	9.05525
6295547	Mattenbach (Kreis 7)		CH	Zürich	ort		11043	47.48705	8.74681
2932266	Eichenzell		DE	Hessen	ort		11042	50.49536	9.69672
2933945	Ebersberg		DE	Bayern	ort		11041	48.07710	11.97063
2905504	Herzberg		DE	Brandenburg	ort		11033	51.68692	13.22016
2909915	Hasbergen		DE	Niedersachsen	ort		11032	52.23754	7.96114
2880099	Lauingen		DE	Bayern	ort		11029	48.56775	10.42706
2661039	Davos		CH	Graubünden	ort		11024	46.80429	9.83723
2873301	Marktheidenfeld		DE	Bayern	ort		11024	49.84540	9.60359
2820471	Ueckermünde		DE	Mecklenburg-Vorpommern	ort		11003	53.73795	14.04473
2850224	Rath		DE	Nordrhein-Westfalen	stadtteil	Bergisch Gladbach	11000	50.92379	7.09270
3209262	Rheinau		DE	Baden-Württemberg	ort		10997	48.66602	7.93659
2955817	Apen		DE	Niedersachsen	ort		10992	53.21667	7.80000
3208618	Sassenburg		DE	Niedersachsen	ort		10982	52.51667	10.63333
2847669	Rheinau		DE	Baden-Württemberg	stadtteil	Baden-Baden	10976	48.87173	8.19133
2917520	Grevesmühlen		DE	Mecklenburg-Vorpommern	ort		10975	53.86337	11.19160
2806339	Wolnzach		DE	Bayern	ort		10973	48.60380	11.62568
2936842	Dippoldiswalde		DE	Sachsen	ort		10959	50.89621	13.66905
2659808	Lyss		CH	Bern	ort		10937	47.07410	7.30655
2659546	Münsingen		CH	Bern	ort		10928	46.87298	7.56100
2809100	Wietmarschen		DE	Niedersachsen	ort		10903	52.51806	7.13408
2849371	Rehburg-Loccum		DE	Niedersachsen	ort		10894	52.46952	9.19957
2953408	Bad Liebenwerda		DE	Brandenburg	ort		10890	51.51826	13.39459
2953559	Bad Abbach		DE	Bayern	ort		10882	48.93754	12.04494
2871832	Merchweiler		DE	Saarland	ort		10863	49.35000	7.05000
2806342	Wolmirstedt		DE	Sachsen-Anhalt	ort		10860	52.24856	11.62945
2821292	Alt-Treptow		DE	Berlin	stadtteil	Berlin	10859	52.48863	13.45860
2873285	Markt Schwaben		DE	Bayern	ort		10857	48.18949	11.86910
2881857	Laichingen		DE	Baden-Württemberg	ort		10853	48.48939	9.68612
2952916	Bannewitz		DE	Sachsen	ort		10851	50.99291	13.71712
2955940	Anröchte		DE	Nordrhein-Westfalen	ort		10847	51.56667	8.33333
2766359	Sankt Veit an der Glan		AT	Kärnten	ort		10841	46.76806	14.36028
2923305	Gaimersheim		DE	Bayern	ort		10840	48.80705	11.36801
2914064	Grünwald		DE	Bayern	ort		10836	48.03947	11.52320
2911960	Haigerloch		DE	Baden-Württemberg	ort		10828	48.36614	8.80357
2937018	Diez		DE	Rheinland-Pfalz	ort		10822	50.37419	8.00735
2874111	Malente		DE	Schleswig-Holstein	ort		10817	54.17226	10.55968
2861579	Nußloch		DE	Baden-Württemberg	ort		10815	49.32389	8.69556
2817130	Visselhövede		DE	Niedersachsen	ort		10808	52.98546	9.58265
2946887	Bohnsdorf		DE	Berlin	stadtteil	Berlin	10805	52.39434	13.57339
3272463	Böhl-Iggelheim		DE	Rheinland-Pfalz	ort		10797	49.38056	8.30389
2946821	Boizenburg		DE	Mecklenburg-Vorpommern	ort		10783	53.38153	10.72375
2841333	Saßnitz		DE	Mecklenburg-Vorpommern	ort		10779	54.51570	13.64451
2814880	Waldkirchen		DE	Bayern	ort		10757	48.73270	13.60082
2880503	Lankow		DE	Mecklenburg-Vorpommern	stadtteil	Schwerin	10756	53.64983	11.36913
2941216	Burgkirchen an der Alz		DE	Bayern	ort		10756	48.16753	12.73250
2959374	Aerzen		DE	Niedersachsen	ort		10755	52.04953	9.25856
6545311	Plänterwald		DE	Berlin	stadtteil	Berlin	10754	52.48106	13.47276
2877647	Limburgerhof		DE	Rheinland-Pfalz	ort		10753	49.42444	8.39194
2842960	Ruppichteroth		DE	Nordrhein-Westfalen	ort		10749	50.84367	7.48409
2871279	Michendorf		DE	Brandenburg	ort		10743	52.31352	13.02996
2834226	Schwieberdingen		DE	Baden-Württemberg	ort		10736	48.87644	9.07439
2848543	Reiskirchen		DE	Hessen	ort		10734	50.60000	8.83333
2659060	Rheinfelden		CH	Aargau	ort		10733	47.55437	7.79403
2863711	Nideggen		DE	Nordrhein-Westfalen	ort		10727	50.69268	6.48437
2878313	Leutenbach		DE	Baden-Württemberg	ort		10717	48.88791	9.39267
2930080	Eningen unter Achalm		DE	Baden-Württemberg	ort		10715	48.48686	9.25946
2856213	Ostrhauderfehn		DE	Niedersachsen	ort		10699	53.13333	7.61667
2862294	Nohfelden		DE	Saarland	ort		10687	49.58693	7.14283
2872670	Maxhütte-Haidhof		DE	Bayern	ort		10674	49.19963	12.09229
2810832	Werneck		DE	Bayern	ort		10673	49.98201	10.09884
2917309	Grimmen		DE	Mecklenburg-Vorpommern	ort		10671	54.11215	13.04051
6691734	Kloster Lehnin		DE	Brandenburg	ort		10669	52.32039	12.74320
2821802	Torgelow		DE	Mecklenburg-Vorpommern	ort		10665	53.63415	14.01346
2856816	Ostbevern		DE	Nordrhein-Westfalen	ort		10644	52.04018	7.84229
2660600	Gland		CH	Waadt	ort		10641	46.42082	6.27010
2883920	Kriftel		DE	Hessen	ort		10633	50.08408	8.46977
2880862	Langenzenn		DE	Bayern	ort		10629	49.49463	10.79230
2829701	Bad Staffelstein		DE	Bayern	ort		10618	50.10199	11.00128
2948598	Birkenfeld		DE	Baden-Württemberg	ort		10609	48.86667	8.63333
2924788	Friedeburg		DE	Niedersachsen	ort		10607	53.45000	7.83333
2842143	Salzhemmendorf		DE	Niedersachsen	ort		10603	52.06700	9.58720
2856857	Ossendorf		DE	Nordrhein-Westfalen	stadtteil	Köln	10596	50.97059	6.90628
3274259	Leingarten		DE	Baden-Württemberg	ort		10579	49.14639	9.11694
2661766	Altstätten		CH	St. Gallen	ort		10574	47.37766	9.54746
2869221	Mörlenbach		DE	Hessen	ort		10568	49.59917	8.73472
2924681	Gemeinde Friedland		DE	Niedersachsen	ort		10568	51.41667	9.93333
2658524	Spreitenbach		CH	Aargau	ort		10562	47.42285	8.36792
2949669	Betzdorf		DE	Rheinland-Pfalz	ort		10560	50.79094	7.87189
2854967	Penig		DE	Sachsen	ort		10557	50.93336	12.70422
9222696	Dierkow-Neu		DE	Mecklenburg-Vorpommern	stadtteil	Rostock	10552	54.10571	12.16753
2659190	Plan-les-Ouates		CH	Genf	ort		10540	46.16789	6.11664
2659136	Prilly		CH	Waadt	ort		10524	46.53698	6.60456
2660008	La Tour-de-Peilz		CH	Waadt	ort		10522	46.45312	6.85856
2861116	Oberderdingen		DE	Baden-Württemberg	ort		10515	49.06556	8.80306
2853463	Planegg		DE	Bayern	ort		10510	48.10672	11.42483
2775307	Imst		AT	Tirol	ort		10504	47.24504	10.73974
2819568	Unterföhring		DE	Bayern	ort		10500	48.19253	11.64293
2947584	Blumberg		DE	Baden-Württemberg	ort		10500	47.84058	8.53329
3209498	Chêne-Bougeries		CH	Genf	ort		10487	46.19843	6.18642
2890420	Kirchlinteln		DE	Niedersachsen	ort		10487	52.94236	9.31811
6295491	Zürich (Kreis 12) / Schwamendingen-Mitte		CH	Zürich	stadtteil	Zürich	10476	47.40630	8.57242
2875509	Luckau		DE	Brandenburg	ort		10471	51.85245	13.70735
2885540	Korb		DE	Baden-Württemberg	ort		10459	48.84303	9.36258
2812225	Weinböhla		DE	Sachsen	ort		10456	51.16667	13.56667
2918612	Gottmadingen		DE	Baden-Württemberg	ort		10452	47.73511	8.77687
3207806	Mülheim-Kärlich		DE	Rheinland-Pfalz	ort		10451	50.38510	7.49890
2862890	Niederschöneweide		DE	Berlin	stadtteil	Berlin	10446	52.45564	13.51554
2658950	Rotkreuz		CH	Zug	ort		10439	47.14283	8.43140
2875799	Lößnitz		DE	Sachsen	ort		10433	50.62181	12.73147
6294547	Uster / Kirch-Uster		CH	Zürich	stadtteil	Zürich	10428	47.34579	8.71839
2905527	Herxheim am Berg		DE	Rheinland-Pfalz	ort		10424	49.50917	8.17917
2661349	Buchs		CH	St. Gallen	ort		10418	47.16743	9.47794
2870194	Möglingen		DE	Baden-Württemberg	ort		10405	48.88741	9.12694
2927339	Feldkirchen-Westerham		DE	Bayern	ort		10399	47.90748	11.84266
2847080	Riedlingen		DE	Baden-Württemberg	ort		10394	48.15455	9.47558
2659303	Oftringen		CH	Aargau	ort		10390	47.31382	7.92533
6295500	Zürich (Kreis 4) / Langstrasse		CH	Zürich	stadtteil	Zürich	10386	47.37767	8.52854
2944126	Brieselang		DE	Brandenburg	ort		10379	52.58333	13.00000
2882529	Kümmersbruck		DE	Bayern	ort		10365	49.41917	11.88833
2938253	Denkendorf		DE	Baden-Württemberg	ort		10357	48.69555	9.31675
2871963	Mengenich		DE	Nordrhein-Westfalen	stadtteil	Pulheim	10350	50.97850	6.86737
2890322	Kirkel		DE	Saarland	ort		10330	49.28333	7.23333
2803537	Zwiesel		DE	Bayern	ort		10327	49.01693	13.23765
2948652	Birkenau		DE	Hessen	ort		10318	49.56250	8.70694
2805762	Wunsiedel		DE	Bayern	ort		10295	50.03923	12.00342
2659960	Le Locle		CH	Neuenburg	ort		10279	47.05619	6.74913
2817733	Veitshöchheim		DE	Bayern	ort		10279	49.83278	9.88167
2882161	Kyritz		DE	Brandenburg	ort		10274	52.94212	12.39704
2772827	Lauterach		AT	Vorarlberg	ort		10267	47.47572	9.72941
6285791	Ecublens		CH	Waadt	ort		10262	46.52899	6.56261
2911300	Hambühren		DE	Niedersachsen	ort		10259	52.63333	9.98333
2947026	Bogen		DE	Bayern	ort		10259	48.91122	12.68955
2838459	Schlitz		DE	Hessen	ort		10258	50.67416	9.56102
2953394	Bad Nenndorf		DE	Niedersachsen	ort		10255	52.33703	9.37904
2661490	Birsfelden		CH	Basel-Landschaft	ort		10232	47.55290	7.62322
2861923	Nordkirchen		DE	Nordrhein-Westfalen	ort		10231	51.73827	7.52197
2886382	Kolkwitz		DE	Brandenburg	ort		10225	51.75000	14.25000
2842824	Rutesheim		DE	Baden-Württemberg	ort		10222	48.80808	8.94536
2929484	Erlenbach am Main		DE	Bayern	ort		10208	49.80341	9.16311
2871964	Mengen		DE	Baden-Württemberg	ort		10205	48.04951	9.33005
2880308	Laubach		DE	Hessen	ort		10205	50.54196	8.99034
2837093	Schönaich		DE	Baden-Württemberg	ort		10190	48.65871	9.06012
2930201	Engen		DE	Baden-Württemberg	ort		10190	47.85534	8.77342
2659050	Richterswil		CH	Zürich	ort		10189	47.20622	8.69686
2659321	Oberwil		CH	Basel-Landschaft	ort		10187	47.51407	7.55786
2809013	Wildberg		DE	Baden-Württemberg	ort		10187	48.62336	8.74518
2953384	Bad Orb		DE	Hessen	ort		10186	50.22788	9.34782
2904607	Hilter		DE	Niedersachsen	ort		10173	52.13573	8.14715
2828737	Steinbach am Taunus		DE	Hessen	ort		10170	50.16774	8.57278
2824545	Süßen		DE	Baden-Württemberg	ort		10167	48.67934	9.75534
2905154	Heubach		DE	Baden-Württemberg	ort		10167	48.79267	9.93370
2940428	Cadolzburg		DE	Bayern	ort		10164	49.45730	10.85329
2936631	Doberlug-Kirchhain		DE	Brandenburg	ort		10151	51.62578	13.56232
2811317	Wendeburg		DE	Niedersachsen	ort		10147	52.32957	10.39255
2942093	Büdelsdorf		DE	Schleswig-Holstein	ort		10144	54.31844	9.67295
2876027	Lollar		DE	Hessen	ort		10143	50.64652	8.70495
2661852	Aesch		CH	Basel-Landschaft	ort		10138	47.47104	7.59730
2813410	Weeze		DE	Nordrhein-Westfalen	ort		10131	51.62678	6.19792
2828228	Steinen		DE	Baden-Württemberg	ort		10128	47.64446	7.73914
2859532	Obernkirchen		DE	Niedersachsen	ort		10120	52.27210	9.12912
2660944	Effretikon		CH	Zürich	stadtteil	Winterthur	10119	47.42575	8.69094
2947465	Bobenheim-Roxheim		DE	Rheinland-Pfalz	ort		10106	49.58750	8.35778
2852233	Premnitz		DE	Brandenburg	ort		10105	52.53184	12.34845
2845919	Rödinghausen		DE	Nordrhein-Westfalen	ort		10101	52.25000	8.48333
2857752	Oftersheim		DE	Baden-Württemberg	ort		10100	49.36528	8.58306
2856107	Ottendorf-Okrilla		DE	Sachsen	ort		10093	51.18333	13.83333
2811461	Wellingsbüttel		DE	Hamburg	stadtteil	Norderstedt	10088	53.64104	10.07980
2804646	Zeuthen		DE	Brandenburg	ort		10084	52.34803	13.62174
2660947	Ecublens		CH	Freiburg	ort		10065	46.60735	6.80895
2954065	Aulendorf		DE	Baden-Württemberg	ort		10063	47.95083	9.63745
2852101	Prien am Chiemsee		DE	Bayern	ort		10060	47.85602	12.34623
2849446	Rehau		DE	Bayern	ort		10058	50.24921	12.03422
2844616	Roßtal		DE	Bayern	ort		10052	49.39567	10.88848
2937217	Dießen am Ammersee		DE	Bayern	ort		10050	47.95085	11.10306
2919438	Goldbach		DE	Bayern	ort		10044	49.99951	9.18440
2812502	Weil im Schönbuch		DE	Baden-Württemberg	ort		10037	48.62270	9.06355
2958831	Ainring		DE	Bayern	ort		10028	47.81311	12.94048
2658128	Villars-sur-Glâne		CH	Freiburg	ort		10021	46.79054	7.11717
2659485	Neuhausen		CH	Schaffhausen	ort		10019	47.68579	8.61474
2902951	Höchst im Odenwald		DE	Hessen	ort		10010	49.79972	8.99944
2764175	Strasshof an der Nordbahn		AT	Niederösterreich	ort		10009	48.31667	16.66667
2931522	Eisenberg		DE	Rheinland-Pfalz	ort		10006	49.55859	8.07199
2937553	Diedorf		DE	Bayern	ort		10006	48.35320	10.78206
2905604	Herrsching am Ammersee		DE	Bayern	ort		10000	47.99888	11.17679
2832043	Simbach am Inn		DE	Bayern	ort		9979	48.26548	13.02309
2956787	Altusried		DE	Bayern	ort		9950	47.80410	10.21429
2923658	Fürstenau		DE	Niedersachsen	ort		9946	52.51667	7.67670
2857451	Oldenburg in Holstein		DE	Schleswig-Holstein	ort		9940	54.29576	10.90156
6295507	Zürich (Kreis 7) / Hottingen		CH	Zürich	stadtteil	Zürich	9934	47.37011	8.56306
2843395	Rüdesheim am Rhein		DE	Hessen	ort		9921	49.97890	7.92442
2824254	Tangermünde		DE	Sachsen-Anhalt	ort		9912	52.54463	11.97647
6295497	Zürich (Kreis 3) / Friesenberg		CH	Zürich	stadtteil	Zürich	9909	47.36372	8.50417
3206402	Giesen		DE	Niedersachsen	ort		9909	52.19716	9.89890
6295505	Zürich (Kreis 6) / Oberstrass		CH	Zürich	stadtteil	Zürich	9906	47.38917	8.55040
3206188	Königsbach-Stein		DE	Baden-Württemberg	ort		9906	48.96585	8.60573
6295502	Zürich (Kreis 5) / Gewerbeschule		CH	Zürich	stadtteil	Zürich	9891	47.38481	8.53011
2954164	Augustdorf		DE	Nordrhein-Westfalen	ort		9889	51.90944	8.73173
2843042	Runkel		DE	Hessen	ort		9872	50.40574	8.15457
2959479	Adendorf		DE	Niedersachsen	ort		9865	53.28189	10.43787
2773215	Laakirchen		AT	Oberösterreich	ort		9861	47.98188	13.82166
2817517	Vetschau		DE	Brandenburg	ort		9857	51.78638	14.07941
2661708	Arth		CH	Schwyz	ort		9850	47.06337	8.52349
2773300	Kufstein		AT	Tirol	ort		9848	47.58333	12.16667
2950265	Bergstedt		DE	Hamburg	stadtteil	Norderstedt	9845	53.67111	10.12694
2892078	Kaufering		DE	Bayern	ort		9820	48.09121	10.87913
2901731	Hohenhameln		DE	Niedersachsen	ort		9815	52.25755	10.06416
2780048	Enns		AT	Oberösterreich	ort		9812	48.21346	14.47612
2659552	Münchenbuchsee		CH	Bern	ort		9801	47.02175	7.45036
2658143	Veyrier		CH	Genf	ort		9800	46.16699	6.18436
2884779	Kranenburg		DE	Nordrhein-Westfalen	ort		9797	51.78333	6.01667
2957829	Altenberge		DE	Nordrhein-Westfalen	ort		9796	52.05000	7.46667
2900825	Höhr-Grenzhausen		DE	Rheinland-Pfalz	ort		9794	50.43474	7.66903
2947894	Bleckede		DE	Niedersachsen	ort		9793	53.28972	10.73372
2858964	Oberstdorf		DE	Bayern	ort		9788	47.40724	10.27939
2660532	Le Grand-Saconnex		CH	Genf	ort		9781	46.23188	6.12091
2901601	Hohenmölsen		DE	Sachsen-Anhalt	ort		9772	51.15769	12.10000
2921713	Geisenfeld		DE	Bayern	ort		9769	48.68426	11.61233
2661547	Bernex		CH	Genf	ort		9759	46.17650	6.07544
2660762	Flawil		CH	St. Gallen	ort		9739	47.41301	9.18324
2957588	Altenholz		DE	Schleswig-Holstein	ort		9737	54.40000	10.13333
2953507	Bad Ems		DE	Rheinland-Pfalz	ort		9735	50.33544	7.71369
2814613	Wallerfangen		DE	Saarland	ort		9733	49.32749	6.71102
2890328	Kirchzarten		DE	Baden-Württemberg	ort		9730	47.96667	7.95000
2945270	Brandis		DE	Sachsen	ort		9728	51.33597	12.61024
2957864	Altenbeken		DE	Nordrhein-Westfalen	ort		9716	51.76455	8.94201
2867127	Nalbach		DE	Saarland	ort		9715	49.38333	6.78333
8334623	Waidmannslust		DE	Berlin	stadtteil	Berlin	9715	52.60691	13.31968
2946291	Borgentreich		DE	Nordrhein-Westfalen	ort		9713	51.56917	9.24113
2935491	Dörverden		DE	Niedersachsen	ort		9710	52.85000	9.23333
2768232	Purkersdorf		AT	Niederösterreich	ort		9701	48.20769	16.17539
2930680	Elsterwerda		DE	Brandenburg	ort		9694	51.46043	13.52001
2953419	Bad König		DE	Hessen	ort		9687	49.74320	9.00750
2875542	Lüchow		DE	Niedersachsen	ort		9678	52.96811	11.15397
2893023	Kappeln		DE	Schleswig-Holstein	ort		9677	54.66122	9.93130
12110948	Rothenburg		DE	Niedersachsen	stadtteil	Braunschweig	9663	52.24351	10.47833
2923521	Furtwangen		DE	Baden-Württemberg	ort		9655	48.05156	8.20715
2933246	Egelsbach		DE	Hessen	ort		9645	49.96792	8.66341
2812509	Weilheim an der Teck		DE	Baden-Württemberg	ort		9634	48.61572	9.53751
2906205	Herbolzheim		DE	Baden-Württemberg	ort		9632	48.21884	7.77746
2771896	Mariatrost		AT	Steiermark	stadtteil	Graz	9631	47.10000	15.50000
2871437	Meuselwitz		DE	Thüringen	ort		9625	51.04315	12.29935
2930454	Emsbüren		DE	Niedersachsen	ort		9623	52.40000	7.30000
2853192	Pliezhausen		DE	Baden-Württemberg	ort		9618	48.55934	9.20749
2953407	Bad Liebenzell		DE	Baden-Württemberg	ort		9616	48.77427	8.72971
2871079	Miltenberg		DE	Bayern	ort		9613	49.70452	9.26725
2806852	Wölfersheim		DE	Hessen	ort		9610	50.40000	8.81667
2856629	Ostercappeln		DE	Niedersachsen	ort		9605	52.35000	8.23333
2658386	Therwil		CH	Basel-Landschaft	ort		9595	47.49941	7.55669
2816702	Volkach		DE	Bayern	ort		9585	49.86352	10.22813
2930623	Elze		DE	Niedersachsen	ort		9582	52.12263	9.73595
2658909	Rüti		CH	Zürich	ort		9576	47.25603	8.85552
2928320	Everswinkel		DE	Nordrhein-Westfalen	ort		9576	51.92595	7.84690
2941485	Burgau		DE	Bayern	ort		9576	48.43159	10.40989
2809025	Bad Wildbad		DE	Baden-Württemberg	ort		9565	48.75071	8.55040
2853107	Plüderhausen		DE	Baden-Württemberg	ort		9559	48.79875	9.59587
2812197	Weingarten		DE	Baden-Württemberg	ort		9556	49.05457	8.52678
12110943	Petritor - Ost		DE	Niedersachsen	stadtteil	Braunschweig	9556	52.26841	10.50717
2827406	Stephanskirchen		DE	Bayern	ort		9554	47.85389	12.18560
2815392	Wahlstedt		DE	Schleswig-Holstein	ort		9553	53.95161	10.20626
2823728	Tecklenburg		DE	Nordrhein-Westfalen	ort		9552	52.21957	7.81357
2826403	Storkow		DE	Brandenburg	ort		9550	52.25662	13.93337
2823398	Teterow		DE	Mecklenburg-Vorpommern	ort		9544	53.77545	12.57487
2927913	Falkenstein		DE	Sachsen	ort		9528	50.47788	12.37129
2952531	Barmstedt		DE	Schleswig-Holstein	ort		9521	53.79209	9.76739
2820692	Tutzing		DE	Bayern	ort		9517	47.90938	11.28030
2952444	Barntrup		DE	Nordrhein-Westfalen	ort		9513	51.99038	9.11642
2911795	Hainichen		DE	Sachsen	ort		9511	50.97044	13.12287
2932788	Ehringshausen		DE	Hessen	ort		9505	50.60000	8.38333
2919692	Gnarrenburg		DE	Niedersachsen	ort		9504	53.38333	9.00000
2886008	Köngen		DE	Baden-Württemberg	ort		9499	48.68333	9.36667
2906744	Helmbrechts		DE	Bayern	ort		9493	50.23557	11.71589
2877969	Liebenburg		DE	Niedersachsen	ort		9492	52.02176	10.43169
2923529	Furth im Wald		DE	Bayern	ort		9480	49.30955	12.84156
3205535	Höhenkirchen-Siegertsbrunn		DE	Bayern	ort		9465	48.01932	11.71906
2809985	Wetter		DE	Hessen	ort		9457	50.90254	8.72366
2861847	Nordwalde		DE	Nordrhein-Westfalen	ort		9453	52.08333	7.48333
3207383	Schieder-Schwalenberg		DE	Nordrhein-Westfalen	ort		9443	51.87713	9.19538
2778690	Gerasdorf bei Wien		AT	Niederösterreich	ort		9442	48.29447	16.46765
2814196	Wannsee		DE	Berlin	stadtteil	Potsdam	9437	52.41915	13.15531
2878824	Lenggries		DE	Bayern	ort		9432	47.68333	11.56667
2766636	Sankt Johann in Tirol		AT	Tirol	ort		9428	47.52330	12.42320
2860400	Oberhausen-Rheinhausen		DE	Baden-Württemberg	ort		9420	49.27389	8.47167
2806108	Worpswede		DE	Niedersachsen	ort		9417	53.21667	8.93333
2862174	Nonnweiler		DE	Saarland	ort		9417	49.60762	6.96986
2658036	Weinfelden		CH	Thurgau	ort		9414	47.56667	9.10000
2927564	Fehrbellin		DE	Brandenburg	ort		9413	52.81350	12.76440
2658786	Sarnen		CH	Obwalden	ort		9410	46.89611	8.24531
2822100	Tirschenreuth		DE	Bayern	ort		9410	49.88263	12.33112
2762375	Viktring		AT	Kärnten	ort		9407	46.59194	14.26917
2761354	Wiener Neudorf		AT	Niederösterreich	ort		9405	48.08278	16.31384
2762327	Voitsberg		AT	Steiermark	ort		9403	47.04445	15.15313
2812497	Weilmünster		DE	Hessen	ort		9402	50.43143	8.37673
2890659	Kirchberg		DE	Sachsen	ort		9400	50.62190	12.52449
2821963	Töging am Inn		DE	Bayern	ort		9392	48.26018	12.58460
2828136	Steinfeld		DE	Niedersachsen	ort		9392	52.58596	8.21417
2813216	Wehrheim		DE	Hessen	ort		9383	50.30000	8.56667
2659645	Möhlin		CH	Aargau	ort		9382	47.55915	7.84329
2920994	Gernsheim		DE	Hessen	ort		9377	49.75305	8.48859
2658457	Suhr		CH	Aargau	ort		9374	47.37172	8.07967
2907488	Heilsbronn		DE	Bayern	ort		9374	49.33572	10.78741
2903327	Höchberg		DE	Bayern	ort		9372	49.78446	9.88223
2841895	Sande		DE	Niedersachsen	ort		9359	53.50489	8.01418
2890586	Kirchen		DE	Rheinland-Pfalz	ort		9342	50.80849	7.88634
2766365	Sankt Valentin		AT	Niederösterreich	ort		9340	48.16667	14.51667
3272458	Karlsdorf-Neuthard		DE	Baden-Württemberg	ort		9329	49.13472	8.53028
2948246	Bisingen		DE	Baden-Württemberg	ort		9321	48.31012	8.91738
2865560	Neuenstadt am Kocher		DE	Baden-Württemberg	ort		9312	49.23498	9.33215
2930726	Elsfleth		DE	Niedersachsen	ort		9310	53.23748	8.45664
2907589	Heiligenhafen		DE	Schleswig-Holstein	ort		9308	54.36964	10.98022
2661563	Belp		CH	Bern	ort		9307	46.89129	7.49825
2815035	Waldfeucht		DE	Nordrhein-Westfalen	ort		9305	51.06610	5.98815
2928890	Eslohe		DE	Nordrhein-Westfalen	ort		9304	51.25369	8.16949
2661719	Arlesheim		CH	Basel-Landschaft	ort		9301	47.49412	7.61979
3272934	Alsbach-Hähnlein		DE	Hessen	ort		9300	49.73861	8.59583
2940424	Calau		DE	Brandenburg	ort		9299	51.74402	13.95329
2952372	Barth		DE	Mecklenburg-Vorpommern	ort		9298	54.36346	12.72491
2835385	Schwaikheim		DE	Baden-Württemberg	ort		9295	48.87733	9.34958
11670104	Hirschberg an der Bergstraße		DE	Baden-Württemberg	ort		9294	49.50710	8.65693
2958904	Aidlingen		DE	Baden-Württemberg	ort		9285	48.67849	8.89524
2937898	Dettingen an der Erms		DE	Baden-Württemberg	ort		9271	48.53077	9.34458
2657910	Zuchwil		CH	Solothurn	ort		9268	47.20173	7.56649
2936787	Dissen		DE	Niedersachsen	ort		9265	52.11591	8.19956
2873300	Markt Indersdorf		DE	Bayern	ort		9263	48.36058	11.37789
2810860	Werlte		DE	Niedersachsen	ort		9255	52.85000	7.68333
2958781	Aken		DE	Sachsen-Anhalt	ort		9240	51.85274	12.04461
2862347	Nittendorf		DE	Bayern	ort		9226	49.02459	11.96126
2761531	Weiz		AT	Steiermark	ort		9221	47.21667	15.61667
2780190	Eisenstadt		AT	Burgenland	ort		9217	47.84565	16.52327
2944955	Breckerfeld		DE	Nordrhein-Westfalen	ort		9217	51.25926	7.46807
2915116	Großrosseln		DE	Saarland	ort		9215	49.20296	6.84148
2853435	Plankstadt		DE	Baden-Württemberg	ort		9211	49.39444	8.59611
2848766	Reinhausen		DE	Bayern	stadtteil	Regensburg	9207	49.03092	12.11329
11101906	Westhagen		DE	Niedersachsen	stadtteil	Wolfsburg	9206	52.40425	10.73939
2659332	Urdorf		CH	Zürich	ort		9205	47.38507	8.42581
2660461	Gstaad		CH	Bern	ort		9200	46.47215	7.28685
2821465	Trebbin		DE	Brandenburg	ort		9199	52.21675	13.22496
2661374	Brugg		CH	Aargau	ort		9196	47.48096	8.20869
2766971	Rum		AT	Tirol	ort		9190	47.28333	11.45000
2821251	Treuen		DE	Sachsen	ort		9189	50.54247	12.30339
2777250	Guntramsdorf		AT	Niederösterreich	ort		9179	48.04687	16.31384
2866473	Nersingen		DE	Bayern	ort		9177	48.42829	10.12356
2660860	Eschenbach		CH	St. Gallen	ort		9175	47.23981	8.92156
2890381	Kirchseeon		DE	Bayern	ort		9174	48.07143	11.88875
2817139	Visbek		DE	Niedersachsen	ort		9164	52.83333	8.31667
2657964	Wohlen		CH	Bern	ort		9159	46.97118	7.35685
2857012	Ortenberg		DE	Hessen	ort		9155	50.35584	9.05602
2881972	Bad Laer		DE	Niedersachsen	ort		9151	52.10000	8.08333
2919908	Glienicke		DE	Brandenburg	ort		9144	52.63353	13.32564
2838922	Schlangen		DE	Nordrhein-Westfalen	ort		9137	51.80978	8.84605
2850490	Rangsdorf		DE	Brandenburg	ort		9134	52.29126	13.41946
2887713	Klingenthal		DE	Sachsen	ort		9132	50.35963	12.46463
2822160	Timmendorfer Strand		DE	Schleswig-Holstein	ort		9127	53.99530	10.77676
2657913	Zollikofen		CH	Bern	ort		9121	46.99905	7.45809
2817506	Vettweiß		DE	Nordrhein-Westfalen	ort		9116	50.73333	6.60000
2864091	Neustadt (Hessen)		DE	Hessen	ort		9115	50.85000	9.11667
8739828	Osternienburger Land		DE	Sachsen-Anhalt	ort		9115	51.80000	12.01667
2834102	Sebnitz		DE	Sachsen	ort		9114	50.97540	14.27579
2847612	Rheinsberg		DE	Brandenburg	ort		9113	53.09972	12.89885
2919310	Goldenstedt		DE	Niedersachsen	ort		9110	52.78833	8.43201
2657969	Zürich (Kreis 7) / Witikon		CH	Zürich	stadtteil	Zürich	9099	47.35751	8.59105
2891590	Kenzingen		DE	Baden-Württemberg	ort		9095	48.19630	7.76974
2660575	Goldach		CH	St. Gallen	ort		9094	47.47401	9.46711
2781371	Bruck an der Mur		AT	Steiermark	ort		9093	47.41667	15.28333
2954603	Auerbach		DE	Bayern	ort		9089	49.69201	11.63327
2601384	Neu-Guntramsdorf		AT	Niederösterreich	ort		9071	48.06420	16.31573
2781837	Berndorf		AT	Niederösterreich	ort		9064	47.94567	16.10973
2808493	Willstätt		DE	Baden-Württemberg	ort		9061	48.54071	7.89314
2874509	Magstadt		DE	Baden-Württemberg	ort		9058	48.74471	8.96675
2814445	Waltenhofen		DE	Bayern	ort		9045	47.67319	10.30703
2837706	Schmitten		DE	Hessen	ort		9042	50.26667	8.45000
2849198	Reichelsheim		DE	Hessen	ort		9036	49.71211	8.83896
2930383	Endingen		DE	Baden-Württemberg	ort		9034	48.14221	7.70049
2660292	Hünenberg		CH	Zug	ort		9032	47.17536	8.42497
2913890	Gudensberg		DE	Hessen	ort		9032	51.17706	9.36748
2819399	Unterhausen		DE	Baden-Württemberg	ort		9030	48.42980	9.25504
2953411	Bad Lausick		DE	Sachsen	ort		9026	51.14495	12.64449
2824998	Südlohn		DE	Nordrhein-Westfalen	ort		9024	51.93333	6.86667
2823611	Teisendorf		DE	Bayern	ort		9019	47.84921	12.81919
2851393	Querfurt		DE	Sachsen-Anhalt	ort		9019	51.38124	11.60047
2827989	Steinheim am Albuch		DE	Baden-Württemberg	ort		9013	48.69090	10.06382
2915556	Großhansdorf		DE	Schleswig-Holstein	ort		9009	53.66667	10.28333
2814956	Waldheim		DE	Sachsen	ort		9001	51.07282	13.02004
2872003	Memmelsdorf		DE	Bayern	ort		9001	49.93012	10.95921
2658969	Rorschach		CH	St. Gallen	ort		9000	47.47800	9.49030
2937407	Dielheim		DE	Baden-Württemberg	ort		8999	49.28417	8.73806
2953524	Bad Düben		DE	Sachsen	ort		8998	51.59174	12.58492
2844910	Rosenthal		DE	Berlin	stadtteil	Berlin	8992	52.59976	13.37774
2881477	Landstuhl		DE	Rheinland-Pfalz	ort		8989	49.41306	7.57021
2938344	Delligsen		DE	Niedersachsen	ort		8986	51.94120	9.80272
2838673	Schleiz		DE	Thüringen	ort		8976	50.57866	11.81024
2810284	Westerland		DE	Schleswig-Holstein	ort		8967	54.90790	8.30326
2817909	Vallendar		DE	Rheinland-Pfalz	ort		8959	50.39586	7.62427
2953536	Bad Breisig		DE	Rheinland-Pfalz	ort		8959	50.50523	7.28861
2810702	Wertingen		DE	Bayern	ort		8958	48.56314	10.68149
2658985	Romanshorn		CH	Thurgau	ort		8956	47.56586	9.37869
2949367	Biblis		DE	Hessen	ort		8953	49.69167	8.45861
2933965	Ebersbach		DE	Sachsen	ort		8952	51.00762	14.58621
2858326	Ochsenhausen		DE	Baden-Württemberg	ort		8950	48.07029	9.95030
2850850	Rahnsdorf		DE	Berlin	stadtteil		8948	52.44115	13.68708
6694704	Rothenburgsort		DE	Hamburg	stadtteil	Hamburg	8938	53.53500	10.04082
2661842	Affoltern am Albis		CH	Zürich	ort		8928	47.27743	8.45128
2947312	Bockhorn		DE	Niedersachsen	ort		8924	53.40000	8.01667
12110947	Weinberg		DE	Niedersachsen	stadtteil	Braunschweig	8924	52.25703	10.47446
2953336	Bad Sooden-Allendorf		DE	Hessen	ort		8915	51.27092	9.97483
3233832	Attnang-Puchheim		AT	Oberösterreich	ort		8908	48.00833	13.71667
2848725	Reinsdorf		DE	Sachsen	ort		8907	50.69775	12.55555
2803588	Zwenkau		DE	Sachsen	ort		8905	51.21872	12.33008
3208053	Florstadt		DE	Hessen	ort		8905	50.31667	8.86667
2658172	Veltheim (Kreis 5)		CH	Zürich	stadtteil	Winterthur	8901	47.51419	8.71700
2854152	Pfedelbach		DE	Baden-Württemberg	ort		8879	49.17806	9.50500
2918365	Grafenau		DE	Bayern	ort		8870	48.85768	13.39740
2859675	Obernburg am Main		DE	Bayern	ort		8853	49.83577	9.13101
2931881	Eil		DE	Nordrhein-Westfalen	ort		8849	50.89362	7.07967
2926226	Flieden		DE	Hessen	ort		8843	50.42389	9.56660
2924837	Frickenhausen		DE	Baden-Württemberg	ort		8841	48.59353	9.36005
2771940	Maria Enzersdorf		AT	Niederösterreich	ort		8829	48.10000	16.28333
2953459	Bad Frankenhausen		DE	Thüringen	ort		8824	51.35609	11.09977
2808619	Willebadessen		DE	Nordrhein-Westfalen	ort		8821	51.62564	9.03694
2906524	Hemmoor		DE	Niedersachsen	ort		8817	53.68702	9.15492
2871979	Mendig		DE	Rheinland-Pfalz	ort		8813	50.36667	7.28333
2957051	Altlandsberg		DE	Brandenburg	ort		8804	52.56503	13.72815
2815076	Waldenbuch		DE	Baden-Württemberg	ort		8803	48.63830	9.13256
2877843	Lienen		DE	Nordrhein-Westfalen	ort		8797	52.15000	7.98333
2896834	Huy-Neinstedt		DE	Sachsen-Anhalt	ort		8797	51.96585	10.91457
2922583	Garching an der Alz		DE	Bayern	ort		8796	48.13451	12.58152
2660032	Langnau		CH	Bern	ort		8784	46.93936	7.78738
2841039	Schaafheim		DE	Hessen	ort		8784	49.92417	9.00944
2925038	Freisen		DE	Saarland	ort		8778	49.55000	7.25000
2659819	Lutry		CH	Waadt	ort		8774	46.50241	6.68647
2948056	Blankenheim		DE	Nordrhein-Westfalen	ort		8770	50.43333	6.65000
2916606	Großenlüder		DE	Hessen	ort		8768	50.59250	9.54231
2890314	Kirn		DE	Rheinland-Pfalz	ort		8762	49.78912	7.45765
2856278	Osthofen		DE	Rheinland-Pfalz	ort		8758	49.70382	8.32419
2946270	Borgholzhausen		DE	Nordrhein-Westfalen	ort		8754	52.10343	8.30211
2866861	Naunhof		DE	Sachsen	ort		8753	51.27770	12.58827
2863696	Niebüll		DE	Schleswig-Holstein	ort		8752	54.78663	8.82854
2864387	Neuötting		DE	Bayern	ort		8741	48.24102	12.68998
2871609	Meßkirch		DE	Baden-Württemberg	ort		8736	47.99457	9.11479
2930408	Bad Endbach		DE	Hessen	ort		8734	50.75000	8.50000
2870481	Mittenwalde		DE	Brandenburg	ort		8730	52.26007	13.53945
2930747	Elsenfeld		DE	Bayern	ort		8727	49.84289	9.16355
2837115	Schömberg		DE	Baden-Württemberg	ort		8725	48.78713	8.64495
2951860	Bayenthal		DE	Nordrhein-Westfalen	stadtteil	Köln	8714	50.91218	6.96799
2936153	Dörentrup		DE	Nordrhein-Westfalen	ort		8713	52.04109	9.00278
2949511	Bad Bevensen		DE	Niedersachsen	ort		8700	53.07923	10.58129
2950882	Berching		DE	Bayern	ort		8696	49.10695	11.44138
2839819	Schellerten		DE	Niedersachsen	ort		8694	52.18530	10.10227
2823810	Taufkirchen		DE	Bayern	ort		8690	48.34987	12.13202
2834955	Schwarzenbruck		DE	Bayern	ort		8690	49.35778	11.24333
2766922	Saalfelden am Steinernen Meer		AT	Salzburg	ort		8688	47.42681	12.84800
2661780	Altdorf		CH	Uri	ort		8678	46.88042	8.64441
2821248	Treuenbrietzen		DE	Brandenburg	ort		8675	52.09754	12.87258
2658344	Töss (Kreis 4)		CH	Zürich	stadtteil	Winterthur	8672	47.47890	8.70215
2817483	Viechtach		DE	Bayern	ort		8653	49.08001	12.88566
2781017	Deutsch-Wagram		AT	Niederösterreich	ort		8651	48.29972	16.56667
2768247	Puntigam		AT	Steiermark	stadtteil	Graz	8647	47.03333	15.43333
2959084	Ahrensbök		DE	Schleswig-Holstein	ort		8643	54.00862	10.57434
2906015	Hermannsburg		DE	Niedersachsen	ort		8634	52.83254	10.08957
2906625	Hemau		DE	Bayern	ort		8627	49.05399	11.78195
2831083	Sontra		DE	Hessen	ort		8624	51.07171	9.93558
2910663	Hardegsen		DE	Niedersachsen	ort		8621	51.65227	9.83050
2820465	Uedem		DE	Nordrhein-Westfalen	ort		8619	51.66520	6.27371
2831105	Sonsbeck		DE	Nordrhein-Westfalen	ort		8604	51.60741	6.37916
2890199	Kißlegg		DE	Baden-Württemberg	ort		8604	47.78894	9.88383
3208086	Liederbach		DE	Hessen	ort		8602	50.12221	8.49397
2912159	Haibach		DE	Bayern	ort		8600	49.96444	9.20722
2942087	Budenheim		DE	Rheinland-Pfalz	ort		8598	50.01667	8.16667
3206285	Urbach		DE	Baden-Württemberg	ort		8593	48.81680	9.57690
2901872	Hohenbrunn		DE	Bayern	ort		8590	48.04785	11.70224
2851739	Pullach im Isartal		DE	Bayern	ort		8589	48.06122	11.52148
2906843	Hellenthal		DE	Nordrhein-Westfalen	ort		8582	50.48333	6.43333
2803884	Zorneding		DE	Bayern	ort		8581	48.08433	11.82446
2924854	Freystadt		DE	Bayern	ort		8555	49.20007	11.33032
2807440	Wissen		DE	Rheinland-Pfalz	ort		8547	50.77915	7.73466
2657968	Wittenbach		CH	St. Gallen	ort		8542	47.46108	9.38601
2846754	Rimbach		DE	Hessen	ort		8537	49.62500	8.76306
2772753	Leibnitz		AT	Steiermark	ort		8533	46.78161	15.53836
2813110	Weida		DE	Thüringen	ort		8528	50.77449	12.06028
2938714	Daun		DE	Rheinland-Pfalz	ort		8523	50.19716	6.82942
2880121	Laufenburg		DE	Baden-Württemberg	ort		8515	47.56512	8.06045
2861817	Nörten-Hardenberg		DE	Niedersachsen	ort		8514	51.62878	9.93593
2863014	Nieder-Olm		DE	Rheinland-Pfalz	ort		8511	49.91166	8.20533
2658483	Steinhausen		CH	Zug	ort		8509	47.19510	8.48581
2935647	Dornstadt		DE	Baden-Württemberg	ort		8502	48.46697	9.94434
2896776	Ichenhausen		DE	Bayern	ort		8499	48.37119	10.30706
2939819	Coswig		DE	Sachsen-Anhalt	ort		8495	51.88618	12.45009
2951206	Bellheim		DE	Rheinland-Pfalz	ort		8494	49.19833	8.27944
2946016	Borsdorf		DE	Sachsen	ort		8489	51.35000	12.53333
2911463	Hallstadt		DE	Bayern	ort		8485	49.92901	10.87539
2775020	Judenburg		AT	Steiermark	ort		8481	47.16667	14.66667
2862348	Nittenau		DE	Bayern	ort		8478	49.19425	12.26741
2951528	Beeskow		DE	Brandenburg	ort		8468	52.17291	14.24597
2822073	Titz		DE	Nordrhein-Westfalen	ort		8461	51.00619	6.42477
2915375	Groß Kreutz		DE	Brandenburg	ort		8453	52.40281	12.77940
2760894	Wolfurt		AT	Vorarlberg	ort		8446	47.46667	9.75000
2814055	Warnemünde		DE	Mecklenburg-Vorpommern	stadtteil	Rostock	8441	54.17670	12.08402
2867138	Naila		DE	Bayern	ort		8441	50.33034	11.70463
2850808	Rain		DE	Bayern	ort		8438	48.69029	10.91611
2917461	Bad Griesbach		DE	Bayern	ort		8431	48.45181	13.19329
2781023	Deutschlandsberg		AT	Steiermark	ort		8429	46.81528	15.22222
11704364	Villacher Vorstadt		AT	Kärnten	stadtteil	Klagenfurt am Wörthersee	8421	46.62368	14.28892
2938991	Dannenberg		DE	Niedersachsen	ort		8413	53.09670	11.09001
2888411	Kleinostheim		DE	Bayern	ort		8409	50.00000	9.06667
2955431	Arnstein		DE	Bayern	ort		8409	49.97767	9.96983
3218464	Finkenstein am Faaker See		AT	Kärnten	ort		8406	46.57904	13.93496
2919146	Gomaringen		DE	Baden-Württemberg	ort		8400	48.45349	9.09582
2771962	Marchtrenk		AT	Oberösterreich	ort		8394	48.19022	14.10908
2893244	Kandel		DE	Rheinland-Pfalz	ort		8385	49.08277	8.19720
2874263	Mainaschaff		DE	Bayern	ort		8382	49.98167	9.09000
2860049	Oberkochen		DE	Baden-Württemberg	ort		8373	48.78379	10.10519
2831671	Söhlde		DE	Niedersachsen	ort		8361	52.18898	10.23239
12110951	Wilhelmitor - Süd		DE	Niedersachsen	stadtteil	Braunschweig	8348	52.25117	10.51133
2829322	Staufenberg		DE	Hessen	ort		8346	50.66197	8.73158
2835421	Schwaig		DE	Bayern	ort		8340	49.46955	11.20064
2848811	Reinfeld		DE	Schleswig-Holstein	ort		8340	53.83184	10.49126
2830652	Spelle		DE	Niedersachsen	ort		8327	52.36667	7.46667
2872244	Meinersen		DE	Niedersachsen	ort		8322	52.47436	10.35247
2835635	Bad Schussenried		DE	Baden-Württemberg	ort		8319	48.00468	9.65741
2870269	Möckmühl		DE	Baden-Württemberg	ort		8304	49.32490	9.35837
7284168	Paulsstadt		DE	Mecklenburg-Vorpommern	stadtteil	Schwerin	8299	53.63283	11.40372
2916936	Großbottwar		DE	Baden-Württemberg	ort		8294	49.00147	9.29348
2882237	Kusterdingen		DE	Baden-Württemberg	ort		8282	48.52291	9.11977
2882366	Kueps Oberfranken		DE	Bayern	ort		8282	50.19265	11.27599
2958509	Algermissen		DE	Niedersachsen	ort		8280	52.25332	9.96915
2872557	Medebach		DE	Nordrhein-Westfalen	ort		8276	51.19713	8.70635
2774347	Kitzbühel		AT	Tirol	ort		8272	47.44637	12.39215
2908330	Heek		DE	Nordrhein-Westfalen	ort		8272	52.11667	7.10000
2866486	Neresheim		DE	Baden-Württemberg	ort		8271	48.75511	10.33041
2809897	Wetzendorf		DE	Bayern	stadtteil	Nürnberg	8268	49.47056	11.04148
2772649	Leoben		AT	Steiermark	ort		8264	47.37650	15.09144
2904591	Hilzingen		DE	Baden-Württemberg	ort		8258	47.76667	8.78333
6295496	Zürich (Kreis 2) / Enge		CH	Zürich	stadtteil	Zürich	8253	47.36050	8.53127
2953364	Bad Sachsa		DE	Niedersachsen	ort		8244	51.59499	10.55546
6694210	Neunkirchen am Brand		DE	Bayern	ort		8243	49.61204	11.12967
2924428	Frielendorf		DE	Hessen	ort		8239	50.97073	9.32269
2837572	Schnaittach		DE	Bayern	ort		8238	49.55958	11.34328
2770684	Neusiedl am See		AT	Burgenland	ort		8235	47.94901	16.84170
2833139	Selters		DE	Hessen	ort		8235	50.51681	8.28953
2933274	Efringen-Kirchen		DE	Baden-Württemberg	ort		8235	47.65000	7.56667
2832424	Siegsdorf		DE	Bayern	ort		8230	47.82278	12.64277
2836455	Schonungen		DE	Bayern	ort		8230	50.05008	10.30809
2809092	Wietze		DE	Niedersachsen	ort		8216	52.65000	9.83333
2935642	Dornstetten		DE	Baden-Württemberg	ort		8215	48.47198	8.49817
2896477	Ilsfeld		DE	Baden-Württemberg	ort		8214	49.05548	9.24598
2805999	Wriezen		DE	Brandenburg	ort		8213	52.72091	14.13425
2881175	Langenberg		DE	Nordrhein-Westfalen	ort		8207	51.77206	8.31809
2874131	Malchin		DE	Mecklenburg-Vorpommern	ort		8202	53.73990	12.76539
2957133	Althengstett		DE	Baden-Württemberg	ort		8201	48.72325	8.79434
2660332	Hochdorf		CH	Luzern	ort		8192	47.16841	8.29179
11746595	Villach-Innere Stadt		AT	Kärnten	stadtteil	Villach	8189	46.61275	13.84638
2928809	Essen		DE	Niedersachsen	ort		8185	52.72258	7.93710
2844277	Roetgen		DE	Nordrhein-Westfalen	ort		8177	50.65000	6.20000
2908783	Hausham		DE	Bayern	ort		8177	47.74660	11.84069
2868004	Mühlhausen		DE	Baden-Württemberg	ort		8176	49.24861	8.72667
2864468	Neunburg vorm Wald		DE	Bayern	ort		8172	49.34782	12.38621
2836390	Schöppingen		DE	Nordrhein-Westfalen	ort		8165	52.10000	7.23333
2760523	Zirl		AT	Tirol	ort		8162	47.27410	11.23961
2824837	Sulzbach		DE	Hessen	ort		8149	50.13396	8.52797
2907889	Heiden		DE	Nordrhein-Westfalen	ort		8147	51.83333	6.93333
2940476	Bützow		DE	Mecklenburg-Vorpommern	ort		8146	53.84832	11.98256
2941928	Bühlertal		DE	Baden-Württemberg	ort		8144	48.68569	8.18876
2878852	Lengenfeld		DE	Sachsen	ort		8141	50.56940	12.36408
2772998	Langenzersdorf		AT	Niederösterreich	ort		8137	48.30432	16.36143
3206150	Aspach		DE	Baden-Württemberg	ort		8131	48.96667	9.40000
2660155	Kirchberg		CH	St. Gallen	ort		8127	47.41159	9.04020
2811013	Wenzenbach		DE	Bayern	ort		8101	49.07561	12.19954
2855937	Ottobeuren		DE	Bayern	ort		8095	47.94130	10.29971
2658042	Wattwil		CH	St. Gallen	ort		8089	47.29955	9.08657
2869244	Moritzburg		DE	Sachsen	ort		8085	51.15922	13.68021
2850536	Ramstein-Miesenbach		DE	Rheinland-Pfalz	ort		8078	49.44452	7.55533
2911530	Hallbergmoos		DE	Bayern	ort		8074	48.32747	11.75142
2893237	Kandern		DE	Baden-Württemberg	ort		8070	47.71393	7.66237
2953060	Ballenstedt		DE	Sachsen-Anhalt	ort		8064	51.71900	11.23265
2661176	Chiasso		CH	Tessin	ort		8060	45.83203	9.03119
2907685	Heikendorf		DE	Schleswig-Holstein	ort		8056	54.36667	10.20000
2958391	Allersberg		DE	Bayern	ort		8054	49.25132	11.23659
2849118	Reichenbach an der Fils		DE	Baden-Württemberg	ort		8046	48.71011	9.46429
2858906	Oberstenfeld		DE	Baden-Württemberg	ort		8046	49.02611	9.32083
2937077	Dietmannsried		DE	Bayern	ort		8044	47.80787	10.28948
2804895	Zell		DE	Baden-Württemberg	ort		8043	48.69235	8.06301
2658440	Sursee		CH	Luzern	ort		8014	47.17088	8.11113
3205690	Uhldingen-Mühlhofen		DE	Baden-Württemberg	ort		8013	47.73333	9.25000
2890478	Kirchheimbolanden		DE	Rheinland-Pfalz	ort		8006	49.66249	8.01513
2870482	Mittenwald		DE	Bayern	ort		7996	47.44220	11.26187
2775950	Höchst		AT	Vorarlberg	ort		7995	47.45934	9.64050
2659219	Pfäffikon		CH	Zürich	ort		7994	47.36453	8.79202
2906088	Heringen		DE	Hessen	ort		7993	50.88798	10.00717
2659344	Obersiggenthal		CH	Aargau	ort		7990	47.48750	8.29652
2867571	Münnerstadt		DE	Bayern	ort		7987	50.24636	10.20187
2924313	Frohburg		DE	Sachsen	ort		7983	51.05719	12.55746
2832013	Simmern		DE	Rheinland-Pfalz	ort		7979	49.98198	7.52351
2862733	Niederwerrn		DE	Bayern	ort		7974	50.06149	10.18270
2658264	Unterägeri		CH	Zug	ort		7973	47.13645	8.58530
2930628	Elz		DE	Hessen	ort		7972	50.41667	8.03333
2660261	Ingenbohl		CH	Schwyz	ort		7967	46.99880	8.61529
6295517	Hegnau		CH	Zürich	ort		7961	47.39227	8.66988
2661191	Chêne-Bourg		CH	Genf	ort		7959	46.19534	6.19406
2933188	Egestorf		DE	Niedersachsen	ort		7959	52.28568	9.51676
2949906	Bersenbrück		DE	Niedersachsen	ort		7958	52.55160	7.94836
2659490	Neuenhof		CH	Aargau	ort		7957	47.44985	8.32682
11670107	Lenningen		DE	Baden-Württemberg	ort		7955	48.55048	9.47674
2659772	Männedorf		CH	Zürich	ort		7951	47.25686	8.69893
2876461	Löffingen		DE	Baden-Württemberg	ort		7939	47.88405	8.34384
2825638	Strullendorf		DE	Bayern	ort		7926	49.84429	10.97208
2891750	Kellinghusen		DE	Schleswig-Holstein	ort		7921	53.95202	9.71959
2843146	Rülzheim		DE	Rheinland-Pfalz	ort		7917	49.15312	8.29287
2866336	Nettersheim		DE	Nordrhein-Westfalen	ort		7901	50.49372	6.62896
2939862	Coppenbrügge		DE	Niedersachsen	ort		7901	52.11852	9.54870
2809919	Wettringen		DE	Nordrhein-Westfalen	ort		7897	52.20939	7.31895
2941034	Burkardroth		DE	Bayern	ort		7893	50.27125	9.99162
2853949	Pfronten		DE	Bayern	ort		7890	47.58220	10.54962
2661519	Biberist		CH	Solothurn	ort		7889	47.18009	7.56246
2913711	Gundelfingen		DE	Bayern	ort		7889	48.55347	10.37223
2761834	Wattens		AT	Tirol	ort		7881	47.29419	11.59070
2922124	Gedern		DE	Hessen	ort		7879	50.42482	9.19840
2839101	Schipkau		DE	Brandenburg	ort		7876	51.51766	13.89738
2899479	Homberg		DE	Hessen	ort		7863	50.73108	8.99644
2856184	Oststeinbek		DE	Schleswig-Holstein	ort		7858	53.54321	10.16939
2917150	Grömitz		DE	Schleswig-Holstein	ort		7847	54.15000	10.96667
2659076	Reinach		CH	Aargau	ort		7845	47.25732	8.18091
2807825	Winterbach		DE	Baden-Württemberg	ort		7844	48.79918	9.47914
2865798	Neuendettelsau		DE	Bayern	ort		7836	49.28333	10.78333
2884344	Kressbronn am Bodensee		DE	Baden-Württemberg	ort		7834	47.59760	9.59707
2918321	Gräfenhainichen		DE	Sachsen-Anhalt	ort		7833	51.72892	12.45651
2928011	Falkenberg		DE	Brandenburg	ort		7830	51.58557	13.24347
2815651	Wachtendonk		DE	Nordrhein-Westfalen	ort		7823	51.40916	6.33894
2851074	Radeburg		DE	Sachsen	ort		7812	51.21516	13.72810
2902235	Hohberg		DE	Baden-Württemberg	ort		7809	48.32270	7.89972
2956891	Altrip		DE	Rheinland-Pfalz	ort		7802	49.43556	8.49472
2905916	Hermsdorf		DE	Thüringen	ort		7800	50.89694	11.85549
3207512	Bruchmühlbach-Miesau		DE	Rheinland-Pfalz	ort		7800	49.38333	7.43333
2815101	Waldeck		DE	Hessen	ort		7785	51.20618	9.06286
2864422	Neunkirchen am Main		DE	Bayern	ort		7784	49.92300	11.64793
2865812	Neuenbürg		DE	Baden-Württemberg	ort		7780	48.84516	8.59574
2829333	Staufen		DE	Baden-Württemberg	ort		7779	47.75686	8.21078
2842331	Salach		DE	Baden-Württemberg	ort		7778	48.69198	9.73715
2810815	Werneuchen		DE	Brandenburg	ort		7767	52.63275	13.73437
2660603	Giubiasco		CH	Tessin	ort		7752	46.17246	9.00793
2940412	Calden		DE	Hessen	ort		7752	51.40943	9.40189
2905706	Herrieden		DE	Bayern	ort		7751	49.23779	10.50350
2898028	Hüfingen		DE	Baden-Württemberg	ort		7747	47.92543	8.48831
2658696	Schübelbach		CH	Schwyz	ort		7745	47.17326	8.92811
2953548	Bad Berka		DE	Thüringen	ort		7744	50.89982	11.28245
2805480	Wustermark		DE	Brandenburg	ort		7729	52.55000	12.95000
2862485	Nierstein		DE	Rheinland-Pfalz	ort		7729	49.87003	8.33647
2763332	Trofaiach		AT	Steiermark	ort		7728	47.42524	15.00681
2765207	Seiersberg		AT	Steiermark	ort		7728	47.00000	15.40000
2773070	Landeck		AT	Tirol	ort		7725	47.13988	10.56593
2661834	Aigle		CH	Waadt	ort		7723	46.31810	6.96457
2659568	Moutier		CH	Bern	ort		7721	47.27818	7.36951
2872100	Meldorf		DE	Schleswig-Holstein	ort		7719	54.09182	9.06870
2923584	Fürstenzell		DE	Bayern	ort		7719	48.52163	13.31749
2846722	Rimpar		DE	Bayern	ort		7718	49.85692	9.95705
2924476	Friedrichstadt		DE	Sachsen-Anhalt	stadtteil		7717	51.88751	12.66947
2812053	Weissach		DE	Baden-Württemberg	ort		7712	48.84687	8.92828
2870094	Molbergen		DE	Niedersachsen	ort		7709	52.85805	7.92548
2946321	Bordesholm		DE	Schleswig-Holstein	ort		7709	54.17611	10.03146
2815784	Wabern		DE	Hessen	ort		7708	51.10000	9.35000
2660884	Epalinges		CH	Waadt	ort		7706	46.54896	6.66831
2843728	Rottenburg an der Laaber		DE	Bayern	ort		7702	48.70233	12.02717
2918041	Grasberg		DE	Niedersachsen	ort		7697	53.18333	8.98333
2815375	Wahn-Heide		DE	Nordrhein-Westfalen	ort		7692	50.85891	7.10662
2821085	Trittau		DE	Schleswig-Holstein	ort		7688	53.61667	10.40000
2929370	Erndtebrück		DE	Nordrhein-Westfalen	ort		7685	50.98927	8.25288
2896120	Inden		DE	Nordrhein-Westfalen	ort		7683	50.84306	6.36004
2831685	Sohland		DE	Sachsen	ort		7682	51.04089	14.41897
2659357	Oberriet		CH	St. Gallen	ort		7675	47.32088	9.56808
2875286	Lugau		DE	Sachsen	ort		7671	50.73843	12.74861
2906531	Hemmingen		DE	Baden-Württemberg	ort		7670	48.86667	9.03333
2806105	Wörrstadt		DE	Rheinland-Pfalz	ort		7668	49.84861	8.12417
2896468	Ilvesheim		DE	Baden-Württemberg	ort		7667	49.47404	8.56740
2920963	Gerolstein		DE	Rheinland-Pfalz	ort		7664	50.22224	6.65984
2826670	Stockstadt am Main		DE	Bayern	ort		7663	49.97005	9.07153
11611204	Heidberg		DE	Niedersachsen	ort		7661	52.22735	10.53100
2905587	Herscheid		DE	Nordrhein-Westfalen	ort		7658	51.17901	7.74355
2659243	Payerne		CH	Waadt	ort		7655	46.82192	6.93817
2950881	Berchtesgaden		DE	Bayern	ort		7655	47.63236	13.00187
2659758	Marly		CH	Freiburg	ort		7653	46.77611	7.16459
2880539	Langweid		DE	Bayern	ort		7653	48.49095	10.85310
2932882	Ehningen		DE	Baden-Württemberg	ort		7652	48.65882	8.94124
2867120	Namborn		DE	Saarland	ort		7642	49.52166	7.14070
2953549	Bad Bergzabern		DE	Rheinland-Pfalz	ort		7641	49.10245	8.00092
2937937	Detmerode		DE	Niedersachsen	ort		7640	52.39016	10.74480
2811837	Weißenthurm		DE	Rheinland-Pfalz	ort		7639	50.41719	7.45072
2846158	Rodalben		DE	Rheinland-Pfalz	ort		7638	49.23940	7.63962
2953541	Bad Blankenburg		DE	Thüringen	ort		7625	50.68189	11.27369
2661882	Aadorf		CH	Thurgau	ort		7620	47.49204	8.90099
2864748	Neukirchen		DE	Hessen	ort		7620	50.86906	9.34655
2936759	Dittelbrunn		DE	Bayern	ort		7620	50.07212	10.21974
2760634	Zell am See		AT	Salzburg	ort		7619	47.32306	12.79839
2861939	Nordholz		DE	Niedersachsen	ort		7616	53.78448	8.61354
2931372	Eiterfeld		DE	Hessen	ort		7613	50.76667	9.80000
2850777	Raisdorf		DE	Schleswig-Holstein	ort		7611	54.28127	10.24915
2848621	Reisbach		DE	Bayern	ort		7610	48.57008	12.62799
2917170	Groitzsch		DE	Sachsen	ort		7607	51.15536	12.28279
2945730	Bous		DE	Saarland	ort		7605	49.27732	6.80131
2842175	Salzbergen		DE	Niedersachsen	ort		7602	52.33333	7.35000
2914177	Grünheide		DE	Brandenburg	ort		7599	52.42343	13.81324
2879758	Leck		DE	Schleswig-Holstein	ort		7593	54.76667	8.98333
2958575	Aldingen		DE	Baden-Württemberg	ort		7589	48.10000	8.70000
2861788	Nossen		DE	Sachsen	ort		7588	51.05798	13.29652
2941693	Bunde		DE	Niedersachsen	ort		7588	53.18333	7.26667
2823081	Thalheim		DE	Sachsen	ort		7583	50.70077	12.84996
2806287	Woltersdorf		DE	Brandenburg	ort		7581	52.45554	13.74986
3207077	Katlenburg-Lindau		DE	Niedersachsen	ort		7581	51.68333	10.10000
2845953	Rodewisch		DE	Sachsen	ort		7577	50.53083	12.41329
2812655	Weikersheim		DE	Baden-Württemberg	ort		7569	49.47866	9.89977
2844604	Roßwein		DE	Sachsen	ort		7568	51.06589	13.18308
2819479	Untergruppenbach		DE	Baden-Württemberg	ort		7567	49.08940	9.27516
2884403	Kremmen		DE	Brandenburg	ort		7567	52.76216	13.02515
2659391	Oberentfelden		CH	Aargau	ort		7553	47.35639	8.04594
2659510	Naters		CH	Wallis	ort		7552	46.32536	7.98912
2906464	Hengersberg		DE	Bayern	ort		7551	48.77255	13.05485
2913693	Gundelsheim		DE	Baden-Württemberg	ort		7551	49.28330	9.16037
2816770	Vohenstrauß		DE	Bayern	ort		7550	49.62383	12.33808
2659142	Pregassona		CH	Tessin	ort		7548	46.02021	8.97429
2905070	Heuchelheim		DE	Hessen	ort		7541	50.58333	8.63333
2925848	Forst		DE	Baden-Württemberg	ort		7539	49.15861	8.58083
2948265	Bischofswiesen		DE	Bayern	ort		7535	47.63115	12.98305
2882375	Kuppenheim		DE	Baden-Württemberg	ort		7533	48.82794	8.25417
2659083	Regensdorf		CH	Zürich	ort		7531	47.43410	8.46874
2884878	Krailling		DE	Bayern	ort		7528	48.10000	11.40000
2953440	Bad Herrenalb		DE	Baden-Württemberg	ort		7521	48.79787	8.43617
2864750	Neukirchen		DE	Sachsen	ort		7517	50.77955	12.86755
2869257	Moringen		DE	Niedersachsen	ort		7513	51.69915	9.87107
2881263	Langenargen		DE	Baden-Württemberg	ort		7513	47.59858	9.54163
2910633	Hardheim		DE	Baden-Württemberg	ort		7513	49.61194	9.47194
2945907	Bösel		DE	Niedersachsen	ort		7511	53.00000	7.95000
2917793	Greifenstein		DE	Hessen	ort		7507	50.61667	8.30000
2814815	Waldsassen		DE	Bayern	ort		7505	50.00167	12.30434
2820436	Uetze		DE	Niedersachsen	ort		7500	52.46511	10.20467
7732633	Garbsen-Mitte		DE	Niedersachsen	ort		7500	52.42659	9.60383
2853260	Pleinfeld		DE	Bayern	ort		7482	49.10473	10.98194
2929649	Ergoldsbach		DE	Bayern	ort		7482	48.69263	12.20442
2946428	Bönnigheim		DE	Baden-Württemberg	ort		7477	49.04018	9.09386
12110937	Siegfriedviertel		DE	Niedersachsen	stadtteil	Braunschweig	7477	52.28854	10.53257
2762290	Vorchdorf		AT	Oberösterreich	ort		7475	48.00388	13.92122
2658504	Stans		CH	Nidwalden	ort		7475	46.95805	8.36609
2826503	Stolzenau		DE	Niedersachsen	ort		7473	52.51667	9.06667
2950725	Berg		DE	Bayern	ort		7472	49.81417	12.14161
2885070	Kötzting		DE	Bayern	ort		7471	49.17649	12.85515
2782043	Bad Vöslau		AT	Niederösterreich	ort		7469	47.96533	16.21359
2864303	Neuried		DE	Bayern	ort		7469	48.09322	11.46561
2930367	Bad Endorf		DE	Bayern	ort		7465	47.90901	12.29795
2781735	Bischofshofen		AT	Salzburg	ort		7457	47.41667	13.21667
2887140	Knittlingen		DE	Baden-Württemberg	ort		7454	49.02487	8.75606
2856193	Ostseebad Kühlungsborn		DE	Mecklenburg-Vorpommern	ort		7453	54.15035	11.75994
2835787	Schulzendorf		DE	Brandenburg	ort		7452	52.35818	13.59842
2766412	Sankt Ruprecht		AT	Kärnten	stadtteil	Klagenfurt am Wörthersee	7442	46.60000	14.31667
2861973	Nordheim		DE	Baden-Württemberg	ort		7440	49.10861	9.12778
6547590	Dallgow-Döberitz		DE	Brandenburg	ort		7439	52.54269	13.05837
2905878	Heroldsberg		DE	Bayern	ort		7429	49.53247	11.15551
2777038	Haid		AT	Oberösterreich	ort		7424	48.20477	14.25107
2658952	Rothrist		CH	Aargau	ort		7423	47.30508	7.89196
2894247	Kahla		DE	Thüringen	ort		7422	50.80651	11.58516
2885912	Königsbronn		DE	Baden-Württemberg	ort		7420	48.74317	10.11193
2773653	Kottingbrunn		AT	Niederösterreich	ort		7417	47.95096	16.22715
3205666	Lauchringen		DE	Baden-Württemberg	ort		7416	47.62699	8.31442
2850056	Rauenberg		DE	Baden-Württemberg	ort		7411	49.26943	8.70344
2661305	Bussigny		CH	Waadt	ort		7408	46.55110	6.55597
2823360	Teublitz		DE	Bayern	ort		7405	49.22289	12.08727
2779275	Freistadt		AT	Oberösterreich	ort		7397	48.51103	14.50453
2917053	Großalmerode		DE	Hessen	ort		7393	51.25858	9.78450
2659952	Lenzburg		CH	Aargau	ort		7392	47.38853	8.17503
2814846	Waldmünchen		DE	Bayern	ort		7392	49.37804	12.70905
2874122	Malchow		DE	Mecklenburg-Vorpommern	ort		7384	53.47477	12.42210
2959766	Abtsgmünd		DE	Baden-Württemberg	ort		7381	48.89503	10.00172
2763795	Ternitz		AT	Niederösterreich	ort		7378	47.71565	16.03575
2958744	Albbruck		DE	Baden-Württemberg	ort		7372	47.59077	8.12954
2958580	Aldenhoven		DE	Nordrhein-Westfalen	ort		7364	50.90000	6.28333
2884482	Kreiensen		DE	Niedersachsen	ort		7359	51.85363	9.96481
3206934	Postbauer-Heng		DE	Bayern	ort		7358	49.30528	11.35722
2900623	Holle		DE	Niedersachsen	ort		7349	52.08721	10.16012
2896279	Immenhausen		DE	Hessen	ort		7348	51.42763	9.48017
2839393	Schierling		DE	Bayern	ort		7347	48.83422	12.13946
2953222	Baienfurt		DE	Baden-Württemberg	ort		7342	47.82857	9.65157
2857985	Oebisfelde		DE	Sachsen-Anhalt	ort		7341	52.43421	10.98786
2659957	Lengnau		CH	Bern	ort		7336	47.18155	7.36814
2817217	Villmar		DE	Hessen	ort		7334	50.39287	8.19310
3225108	Ransbach-Baumbach		DE	Rheinland-Pfalz	ort		7327	50.46496	7.72830
2864869	Neuhofen		DE	Rheinland-Pfalz	ort		7326	49.42778	8.42472
2859199	Ober-Saulheim		DE	Rheinland-Pfalz	ort		7325	49.86376	8.13526
2878912	Lemwerder		DE	Niedersachsen	ort		7325	53.16667	8.61667
2874768	Lützelbach		DE	Hessen	ort		7321	49.74233	8.76687
2857011	Ortenburg		DE	Bayern	ort		7317	48.54597	13.22250
2814775	Waldstetten		DE	Baden-Württemberg	ort		7316	48.76615	9.82135
2955951	Annweiler am Trifels		DE	Rheinland-Pfalz	ort		7316	49.20613	7.97527
2659220	Pfäffikon		CH	Schwyz	ort		7310	47.20109	8.77816
2659689	Mendrisio		CH	Tessin	ort		7310	45.87019	8.98160
2915124	Großröhrsdorf		DE	Sachsen	ort		7306	51.14528	14.01917
2953535	Bad Brückenau		DE	Bayern	ort		7304	50.30853	9.78985
2927750	Faßberg		DE	Niedersachsen	ort		7299	52.90000	10.16667
2953367	Bad Rothenfelde		DE	Niedersachsen	ort		7299	52.11667	8.16667
2849017	Reichertshofen		DE	Bayern	ort		7298	48.65775	11.46612
2929224	Erzhausen		DE	Hessen	ort		7297	49.95528	8.64750
2769623	Oberwart		AT	Burgenland	ort		7288	47.28971	16.20595
2946524	Bomlitz		DE	Niedersachsen	ort		7287	52.90000	9.65000
8354429	Neustadt an der Orla		DE	Thüringen	ort		7282	50.73640	11.74619
2926178	Flintbek		DE	Schleswig-Holstein	ort		7276	54.25000	10.06667
2956951	Altomünster		DE	Bayern	ort		7275	48.38767	11.25691
2893868	Kalefeld		DE	Niedersachsen	ort		7264	51.80000	10.03333
2904397	Hinte		DE	Niedersachsen	ort		7264	53.41667	7.18333
2920921	Gersheim		DE	Saarland	ort		7264	49.15000	7.20000
2870355	Mitterteich		DE	Bayern	ort		7252	49.95141	12.24206
2959514	Adelsdorf		DE	Bayern	ort		7245	49.47022	10.68522
2906143	Herdorf		DE	Rheinland-Pfalz	ort		7239	50.77704	7.95366
2917833	Greding		DE	Bayern	ort		7238	49.04699	11.35703
2856639	Osterburg		DE	Sachsen-Anhalt	ort		7231	52.78721	11.75297
2948840	Bindlach		DE	Bayern	ort		7229	49.98167	11.61389
3272455	Dannstadt-Schauernheim		DE	Rheinland-Pfalz	ort		7228	49.44028	8.30861
2910140	Hartha		DE	Sachsen	ort		7227	51.09863	12.97391
2867723	Müncheberg		DE	Brandenburg	ort		7214	52.50704	14.13716
2945703	Boxberg		DE	Baden-Württemberg	ort		7209	49.47965	9.64006
2776951	Hallein		AT	Salzburg	ort		7208	47.68333	13.10000
2896539	Illingen		DE	Baden-Württemberg	ort		7205	48.95616	8.92459
2953460	Bad Feilnbach		DE	Bayern	ort		7203	47.77331	12.00973
2894245	Kahl am Main		DE	Bayern	ort		7198	50.06981	9.00553
2863401	Niedergörsdorf		DE	Brandenburg	ort		7197	51.97943	12.98541
2915372	Großkrotzenburg		DE	Hessen	ort		7196	50.08333	8.98333
2839613	Scheßlitz		DE	Bayern	ort		7195	49.97568	11.03299
2858966	Oberstaufen		DE	Bayern	ort		7190	47.55568	10.02245
2892648	Karstädt		DE	Brandenburg	ort		7189	53.16215	11.74242
2930071	Enkenbach-Alsenborn		DE	Rheinland-Pfalz	ort		7189	49.48333	7.90000
2958535	Alfdorf		DE	Baden-Württemberg	ort		7187	48.84385	9.71857
2956014	Ankum		DE	Niedersachsen	ort		7186	52.55000	7.88333
8593860	Buchforst		DE	Nordrhein-Westfalen	stadtteil	Köln	7177	50.95093	7.00579
2878027	Lichtentanne		DE	Sachsen	ort		7163	50.69255	12.42585
2854384	Pfaffenhofen an der Roth		DE	Bayern	ort		7158	48.35454	10.16184
2660970	Düdingen		CH	Freiburg	ort		7155	46.84916	7.19150
2857970	Oederan		DE	Sachsen	ort		7143	50.86064	13.17164
2815523	Wagenfeld		DE	Niedersachsen	ort		7132	52.55000	8.58333
2839888	Schelklingen		DE	Baden-Württemberg	ort		7130	48.37575	9.73273
2948503	Birkenwerder		DE	Brandenburg	ort		7122	52.69106	13.27833
2775093	Jenbach		AT	Tirol	ort		7120	47.39173	11.77245
2783058	Absam		AT	Tirol	ort		7112	47.29572	11.50593
2835596	Schutterwald		DE	Baden-Württemberg	ort		7105	48.45000	7.88333
2658608	Siebnen		CH	Schwyz	ort		7104	47.17449	8.89781
2816776	Vohburg an der Donau		DE	Bayern	ort		7101	48.76977	11.61845
2946281	Borgfelde		DE	Hamburg	stadtteil	Hamburg	7099	53.55475	10.03447
2843185	Ruhstorf		DE	Bayern	ort		7098	48.53976	12.68305
2873340	Markneukirchen		DE	Sachsen	ort		7095	50.31144	12.32951
2660913	Embrach		CH	Zürich	ort		7088	47.50561	8.59406
2930626	Elzach		DE	Baden-Württemberg	ort		7088	48.17247	8.06992
2939942	Cölbe		DE	Hessen	ort		7083	50.85098	8.78092
2803515	Zwingenberg		DE	Hessen	ort		7082	49.72389	8.61084
2808664	Wilhelmsruh		DE	Berlin	stadtteil	Berlin	7079	52.58710	13.36855
2908644	Havelberg		DE	Sachsen-Anhalt	ort		7078	52.83088	12.07552
2953194	Baiersdorf		DE	Bayern	ort		7071	49.65807	11.03594
2940993	Burkhardtsdorf		DE	Sachsen	ort		7067	50.73333	12.91667
2885829	Bad Königshofen im Grabfeld		DE	Bayern	ort		7066	50.30082	10.46887
2894945	Jesteburg		DE	Niedersachsen	ort		7066	53.30966	9.95262
2955315	Asbach		DE	Rheinland-Pfalz	ort		7060	50.66667	7.41667
2824806	Sulzbach am Main		DE	Bayern	ort		7057	49.91149	9.15315
2958429	Allensbach		DE	Baden-Württemberg	ort		7053	47.71536	9.07145
9072532	Auf der Horst		DE	Niedersachsen	stadtteil	Garbsen	7050	52.41943	9.60248
2854252	Pfalzgrafenweiler		DE	Baden-Württemberg	ort		7038	48.52650	8.56582
2858773	Obertraubling		DE	Bayern	ort		7037	48.96667	12.16667
2849568	Rednitzhembach		DE	Bayern	ort		7034	49.30095	11.07997
2833866	Seefeld		DE	Bayern	ort		7033	48.03505	11.21395
2842441	Saerbeck		DE	Nordrhein-Westfalen	ort		7027	52.17372	7.63395
2848867	Reilingen		DE	Baden-Württemberg	ort		7022	49.29833	8.56417
2898924	Horn		DE	Nordrhein-Westfalen	stadtteil	Detmold	7018	51.87151	8.94510
2958173	Alpirsbach		DE	Baden-Württemberg	ort		7011	48.34507	8.40197
2661599	Bassersdorf		CH	Zürich	ort		7010	47.44342	8.62851
6295506	Zürich (Kreis 7) / Fluntern		CH	Zürich	stadtteil	Zürich	7009	47.38013	8.56133
6640317	Langnau am Albis		CH	Zürich	ort		7000	47.28885	8.54110
2876186	Lohne		DE	Niedersachsen	ort		7000	52.49778	7.22629
2823230	Teutschenthal		DE	Sachsen-Anhalt	ort		6996	51.45000	11.80000
2941207	Burgkunstadt		DE	Bayern	ort		6991	50.14093	11.25205
2762150	Vösendorf		AT	Niederösterreich	ort		6990	48.12107	16.34036
2924850	Freyung		DE	Bayern	ort		6987	48.80952	13.54768
2766525	Sankt Martin		AT	Oberösterreich	ort		6984	48.23091	14.26781
2946980	Böhlen		DE	Sachsen	ort		6982	51.20061	12.38622
2907790	Heidesheim		DE	Rheinland-Pfalz	ort		6976	49.58247	8.19537
2894855	Jockgrim		DE	Rheinland-Pfalz	ort		6970	49.09288	8.27468
2848251	Renchen		DE	Baden-Württemberg	ort		6969	48.58850	8.01321
2879109	Leisnig		DE	Sachsen	ort		6968	51.15743	12.92790
2953315	Bad Wimpfen		DE	Baden-Württemberg	ort		6968	49.22971	9.15648
2924679	Friedland		DE	Mecklenburg-Vorpommern	ort		6966	53.67028	13.55400
2856024	Otterndorf		DE	Niedersachsen	ort		6965	53.80908	8.90068
2862675	Nieheim		DE	Nordrhein-Westfalen	ort		6961	51.80499	9.11302
2816616	Volkmarsen		DE	Hessen	ort		6959	51.40895	9.11814
2950340	Bergkirchen		DE	Bayern	ort		6955	48.25671	11.36488
2864036	Neustadt-Glewe		DE	Mecklenburg-Vorpommern	ort		6952	53.37846	11.59264
2948595	Birkenfeld		DE	Rheinland-Pfalz	ort		6947	49.65245	7.16668
2951556	Beerfelden		DE	Hessen	ort		6942	49.56858	8.97444
2937449	Diekholzen		DE	Niedersachsen	ort		6941	52.09617	9.91945
2878350	Leuna		DE	Sachsen-Anhalt	ort		6929	51.31783	12.01589
2948058	Blankenhain		DE	Thüringen	ort		6920	50.85993	11.34390
2891175	Kiefersfelden		DE	Bayern	ort		6912	47.61409	12.19096
2947133	Bodenheim		DE	Rheinland-Pfalz	ort		6907	49.93528	8.32000
2937932	Dettelbach		DE	Bayern	ort		6888	49.80295	10.16519
2657955	Wollerau		CH	Schwyz	ort		6883	47.19478	8.71903
2775636	Hollabrunn		AT	Niederösterreich	ort		6882	48.55000	16.08333
2781373	Bruck an der Leitha		AT	Niederösterreich	ort		6882	48.01667	16.76667
2872686	Maxdorf		DE	Rheinland-Pfalz	ort		6882	49.48806	8.29167
2949998	Bernkastel-Kues		DE	Rheinland-Pfalz	ort		6880	49.91602	7.07664
2946445	Bonndorf		DE	Baden-Württemberg	ort		6875	47.81863	8.34139
2909544	Haslach		DE	Baden-Württemberg	ort		6874	48.56531	8.05658
2921736	Geiselhöring		DE	Bayern	ort		6872	48.82505	12.39649
2880129	Laufen		DE	Bayern	ort		6869	47.93568	12.92856
2920205	Glandorf		DE	Niedersachsen	ort		6867	52.08474	7.99944
2944820	Breidenbach		DE	Hessen	ort		6866	50.88734	8.45748
2915438	Großkarolinenfeld		DE	Bayern	ort		6865	47.89102	12.08101
3336896	Jettingen-Scheppach		DE	Bayern	ort		6865	48.38960	10.43810
2933986	Ebermannstadt		DE	Bayern	ort		6864	49.78154	11.18168
2867252	Nachrodt-Wiblingwerde		DE	Nordrhein-Westfalen	ort		6860	51.31667	7.61667
7117230	Schwanau		DE	Baden-Württemberg	ort		6858	48.36669	7.76244
2928911	Esens		DE	Niedersachsen	ort		6856	53.64866	7.61267
2846261	Rochlitz		DE	Sachsen	ort		6847	51.05007	12.79754
2861671	Nünchritz		DE	Sachsen	ort		6846	51.29993	13.38555
2856222	Ostrach		DE	Baden-Württemberg	ort		6841	47.95000	9.38333
2871367	Michelau		DE	Bayern	ort		6839	50.16233	11.11207
2874239	Mainleus		DE	Bayern	ort		6836	50.09987	11.37664
2916996	Großbeeren		DE	Brandenburg	ort		6835	52.35862	13.30994
6293080	Thalwil / Dorfkern		CH	Zürich	stadtteil	Zürich	6829	47.29047	8.56633
2660277	Igis		CH	Graubünden	ort		6828	46.94531	9.57218
2661879	Aarburg		CH	Aargau	ort		6828	47.32067	7.89986
2831699	Sögel		DE	Niedersachsen	ort		6825	52.85000	7.51667
2879150	Leipheim		DE	Bayern	ort		6822	48.45004	10.22278
2898541	Horstmar		DE	Nordrhein-Westfalen	ort		6822	52.08098	7.30539
2867467	Murg		DE	Baden-Württemberg	ort		6821	47.55492	8.02182
2930546	Emlichheim		DE	Niedersachsen	ort		6820	52.61667	6.85000
2661001	Domat		CH	Graubünden	ort		6817	46.83483	9.45075
2872777	Maulbronn		DE	Baden-Württemberg	ort		6817	48.99958	8.80337
2849197	Reichelsheim		DE	Hessen	ort		6814	50.35638	8.87446
2778085	Gratkorn		AT	Steiermark	ort		6806	47.13333	15.35000
2842109	Salzweg		DE	Bayern	ort		6805	48.61667	13.48333
2829145	Stegaurach		DE	Bayern	ort		6804	49.86543	10.84385
2903012	Höchstädt an der Donau		DE	Bayern	ort		6795	48.61124	10.56816
2859843	Oberlungwitz		DE	Sachsen	ort		6794	50.78230	12.70789
2918258	Grafenwöhr		DE	Bayern	ort		6790	49.71728	11.90645
2922747	Gammertingen		DE	Baden-Württemberg	ort		6790	48.25240	9.22349
2857167	Oppenheim		DE	Rheinland-Pfalz	ort		6789	49.85470	8.35974
2804297	Zierenberg		DE	Hessen	ort		6782	51.36948	9.30164
2920959	Gerolzhofen		DE	Bayern	ort		6781	49.90025	10.34832
2949150	Bienenbüttel		DE	Niedersachsen	ort		6775	53.14157	10.48679
2923637	Fürstenberg		DE	Brandenburg	ort		6774	53.18427	13.14442
2855388	Parsberg		DE	Bayern	ort		6772	49.16074	11.71834
2805497	Wüstenrot		DE	Baden-Württemberg	ort		6770	49.08083	9.46056
6295508	Zürich (Kreis 7) / Hirslanden		CH	Zürich	stadtteil	Zürich	6769	47.36240	8.56755
2843258	Ruhla		DE	Thüringen	ort		6757	50.89296	10.36573
2874642	Machern		DE	Sachsen	ort		6747	51.36667	12.63333
2936885	Dinkelscherben		DE	Bayern	ort		6742	48.34826	10.58893
3206682	Mallersdorf-Pfaffenberg		DE	Bayern	ort		6742	48.76637	12.23096
2762304	Völs		AT	Tirol	ort		6738	47.25000	11.33333
2879653	Legden		DE	Nordrhein-Westfalen	ort		6725	52.03333	7.10000
2831847	Sinzing		DE	Bayern	ort		6724	49.00000	12.03333
2807736	Winterlingen		DE	Baden-Württemberg	ort		6722	48.18333	9.11667
2941283	Burghaun		DE	Hessen	ort		6713	50.69684	9.72453
2932738	Eibenstock		DE	Sachsen	ort		6706	50.49431	12.59978
2767511	Reutte		AT	Tirol	ort		6704	47.48333	10.71667
2814599	Wallersdorf		DE	Bayern	ort		6702	48.73767	12.74744
2923500	Bad Füssing		DE	Bayern	ort		6701	48.35100	13.31200
2848110	Reppenstedt		DE	Niedersachsen	ort		6699	53.25000	10.35000
2659474	Nidau		CH	Bern	ort		6696	47.12545	7.24033
2829750	Stadtroda		DE	Thüringen	ort		6695	50.85684	11.72677
2657976	Windisch		CH	Aargau	ort		6689	47.47899	8.21842
2660075	Lachen		CH	Schwyz	ort		6685	47.19224	8.85324
2880357	Lastrup		DE	Niedersachsen	ort		6684	52.79468	7.86715
2805419	Wutöschingen		DE	Baden-Württemberg	ort		6675	47.66019	8.36755
2934509	Durach		DE	Bayern	ort		6675	47.69440	10.34449
2661689	Au		CH	St. Gallen	ort		6673	47.43093	9.63448
2660707	Frutigen		CH	Bern	ort		6671	46.58723	7.64945
2847586	Rheurdt		DE	Nordrhein-Westfalen	ort		6669	51.46667	6.46667
2933410	Edenkoben		DE	Rheinland-Pfalz	ort		6668	49.28393	8.12714
2659298	Ollon		CH	Waadt	ort		6665	46.29524	6.99314
2659658	Minusio		CH	Tessin	ort		6653	46.17769	8.81473
2887194	Knetzgau		DE	Bayern	ort		6647	49.98333	10.55000
2834740	Schwarzheide		DE	Brandenburg	ort		6646	51.47671	13.85559
2950095	Bernau am Chiemsee		DE	Bayern	ort		6645	47.81167	12.37566
2820775	Tuntenhausen		DE	Bayern	ort		6642	47.93509	12.01518
2821065	Trochtelfingen		DE	Baden-Württemberg	ort		6638	48.30843	9.24491
2922716	Gangkofen		DE	Bayern	ort		6638	48.43701	12.56419
2661129	Conthey		CH	Wallis	ort		6634	46.22370	7.30283
2831896	Sinn		DE	Hessen	ort		6634	50.65000	8.33333
2805483	Wusterhausen		DE	Brandenburg	ort		6632	52.89120	12.46021
2820752	Türkheim		DE	Bayern	ort		6632	48.06401	10.64156
2930019	Ensdorf		DE	Saarland	ort		6631	49.30000	6.78333
2937164	Dietenheim		DE	Baden-Württemberg	ort		6630	48.21072	10.07163
2657928	Zermatt		CH	Wallis	ort		6629	46.01998	7.74863
2661641	Bagnes		CH	Wallis	ort		6626	46.08333	7.21667
2949240	Biebesheim		DE	Hessen	ort		6626	49.78088	8.46696
2782728	Altach		AT	Vorarlberg	ort		6624	47.35000	9.65000
2658904	Saanen		CH	Bern	ort		6621	46.48945	7.26003
2932321	Eichendorf		DE	Bayern	ort		6617	48.63266	12.85586
2777836	Groß-Enzersdorf		AT	Niederösterreich	ort		6616	48.20278	16.55083
2661072	Crissier		CH	Waadt	ort		6612	46.54586	6.57567
2763460	Traiskirchen		AT	Niederösterreich	ort		6608	48.01485	16.29324
2938391	Deizisau		DE	Baden-Württemberg	ort		6608	48.71220	9.38610
2888222	Klein Schwülper		DE	Niedersachsen	ort		6606	52.34153	10.42903
2661348	Buchs		CH	Aargau	ort		6599	47.39358	8.08233
2945041	Braunsbedra		DE	Sachsen-Anhalt	ort		6599	51.28602	11.88987
3336894	Butjadingen		DE	Niedersachsen	ort		6597	53.54722	8.33500
2852909	Polch		DE	Rheinland-Pfalz	ort		6590	50.29973	7.31315
2772480	Liezen		AT	Steiermark	ort		6587	47.56667	14.23333
2773538	Kremsmünster		AT	Oberösterreich	ort		6585	48.05290	14.12919
2921267	Georgensgmünd		DE	Bayern	ort		6582	49.18972	11.01667
2858807	Oberthal		DE	Saarland	ort		6581	49.51257	7.08382
2948351	Birstein		DE	Hessen	ort		6581	50.35000	9.30000
2841879	Sandersdorf		DE	Sachsen-Anhalt	ort		6580	51.62841	12.26492
2771817	Mattersburg		AT	Burgenland	ort		6577	47.73333	16.40000
2658112	Visp		CH	Wallis	ort		6576	46.29370	7.88149
2915067	Großschönau		DE	Sachsen	ort		6571	50.90000	14.68333
2776988	Hainburg an der Donau		AT	Niederösterreich	ort		6570	48.14627	16.94504
2830829	Spangenberg		DE	Hessen	ort		6570	51.11644	9.66270
2955429	Arnstorf		DE	Bayern	ort		6570	48.55840	12.81674
2808544	Willingen		DE	Hessen	ort		6564	51.29418	8.60910
6956545	Auen		AT	Kärnten	stadtteil	Villach	6563	46.59963	13.84389
2817207	Vilseck		DE	Bayern	ort		6560	49.61480	11.80261
2926304	Flein		DE	Baden-Württemberg	ort		6558	49.10306	9.21083
2761186	Wilhelmsburg		AT	Niederösterreich	ort		6557	48.10571	15.60539
2660523	Gränichen		CH	Aargau	ort		6557	47.35930	8.10243
2900740	Holdorf		DE	Niedersachsen	ort		6557	52.58333	8.11667
2878918	Lemsahl-Mellingstedt		DE	Hamburg	ort		6554	53.68998	10.09648
2922309	Gau-Algesheim		DE	Rheinland-Pfalz	ort		6553	49.95669	8.01569
2918088	Gransee		DE	Brandenburg	ort		6544	53.00704	13.15750
2661407	Bremgarten		CH	Aargau	ort		6543	47.35109	8.34214
2820423	Uffenheim		DE	Bayern	ort		6542	49.54415	10.23286
2879713	Leegebruch		DE	Brandenburg	ort		6541	52.72340	13.19304
2959548	Adelebsen		DE	Niedersachsen	ort		6541	51.58272	9.75461
2948069	Blankenburg		DE	Berlin	stadtteil	Berlin	6536	52.59293	13.45516
2659708	Meggen		CH	Luzern	ort		6533	47.04691	8.37467
2834594	Schweich		DE	Rheinland-Pfalz	ort		6533	49.82215	6.75256
2875815	Loßburg		DE	Baden-Württemberg	ort		6533	48.40000	8.45000
2955159	Aschheim		DE	Bayern	ort		6531	48.17112	11.71675
2771814	Mattighofen		AT	Oberösterreich	ort		6524	48.10732	13.15081
2859682	Obernbeck		DE	Nordrhein-Westfalen	stadtteil	Herford	6523	52.20178	8.70404
2659171	Porrentruy		CH	Jura	ort		6521	47.41728	7.07573
2872380	Mehrhoog		DE	Nordrhein-Westfalen	ort		6520	51.73826	6.51164
2934014	Eberdingen		DE	Baden-Württemberg	ort		6518	48.87942	8.96502
8521688	Blécherette		CH	Waadt	stadtteil	Lausanne	6516	46.53932	6.62227
2660161	Kilchberg		CH	Zürich	ort		6511	47.32438	8.54548
3205641	Weiler-Simmerberg		DE	Bayern	ort		6510	47.58261	9.91352
2777087	Hafendorf		AT	Steiermark	ort		6506	47.45653	15.31837
2891282	Ketzin		DE	Brandenburg	ort		6500	52.47809	12.84530
2919620	Gochsheim		DE	Bayern	ort		6495	50.01667	10.28333
2952973	Bammental		DE	Baden-Württemberg	ort		6493	49.35611	8.77944
2778966	Gallneukirchen		AT	Oberösterreich	ort		6492	48.35363	14.41604
2871591	Metelen		DE	Nordrhein-Westfalen	ort		6490	52.14434	7.21270
2864577	Neulußheim		DE	Baden-Württemberg	ort		6489	49.29806	8.51833
2907298	Heinersdorf		DE	Berlin	stadtteil	Berlin	6489	52.57173	13.43757
2817719	Velden		DE	Bayern	ort		6488	48.36632	12.25596
2957437	Altentreptow		DE	Mecklenburg-Vorpommern	ort		6486	53.69416	13.26504
2865133	Neuhaus am Rennweg		DE	Thüringen	ort		6485	50.51006	11.13787
2866942	Nattheim		DE	Baden-Württemberg	ort		6468	48.69963	10.24209
2771557	Mistelbach		AT	Niederösterreich	ort		6463	48.57000	16.57667
2658575	Sirnach		CH	Thurgau	ort		6463	47.46222	8.99763
2659531	Muri		CH	Aargau	ort		6463	47.27428	8.33854
2868837	Müggelheim		DE	Berlin	stadtteil		6463	52.41137	13.66403
2921566	Geithain		DE	Sachsen	ort		6459	51.05528	12.69674
2947837	Bleicherode		DE	Thüringen	ort		6456	51.44026	10.57202
2660989	Dornach		CH	Solothurn	ort		6449	47.48038	7.61644
2879200	Leinburg		DE	Bayern	ort		6446	49.45167	11.31000
2855984	Ottersweier		DE	Baden-Württemberg	ort		6441	48.67022	8.11323
8411059	Frastanz		AT	Vorarlberg	ort		6434	47.21735	9.62995
6620245	Thal		CH	St. Gallen	ort		6433	47.46677	9.56643
2658914	Ruswil		CH	Luzern	ort		6432	47.08425	8.12645
2813660	Wathlingen		DE	Niedersachsen	ort		6431	52.53690	10.15069
2867335	Mutlangen		DE	Baden-Württemberg	ort		6431	48.82588	9.79714
11670103	Grafenau		DE	Baden-Württemberg	ort		6425	48.71427	8.91219
2860540	Obergünzburg		DE	Bayern	ort		6424	47.84545	10.41821
2930900	Ellrich		DE	Thüringen	ort		6423	51.58656	10.66326
2843203	Ruhpolding		DE	Bayern	ort		6419	47.76667	12.65000
2778478	Gleisdorf		AT	Steiermark	ort		6418	47.10559	15.71011
2838502	Schliersee		DE	Bayern	ort		6416	47.73621	11.85936
2819081	Untermeitingen		DE	Bayern	ort		6415	48.16082	10.80694
2881991	Ladbergen		DE	Nordrhein-Westfalen	ort		6414	52.13333	7.75000
2941403	Burgebrach		DE	Bayern	ort		6412	49.82832	10.74338
2845027	Rosenfeld		DE	Baden-Württemberg	ort		6405	48.28639	8.72357
2834945	Schwarzenfeld		DE	Bayern	ort		6398	49.38774	12.13484
2861804	Nortorf		DE	Schleswig-Holstein	ort		6396	54.16738	9.85437
2826749	Stöckheim		DE	Niedersachsen	stadtteil	Wolfenbüttel	6393	52.21055	10.52216
2809403	Wiernsheim		DE	Baden-Württemberg	ort		6391	48.88333	8.85000
2868933	Mücheln		DE	Sachsen-Anhalt	ort		6389	51.29688	11.80759
2957567	Altenkirchen		DE	Rheinland-Pfalz	ort		6385	50.68594	7.64176
2660543	Grabs		CH	St. Gallen	ort		6384	47.18248	9.44395
2803655	Zusmarshausen		DE	Bayern	ort		6384	48.40014	10.59917
2928761	Essingen		DE	Baden-Württemberg	ort		6383	48.80859	10.02773
2926017	Fockbek		DE	Schleswig-Holstein	ort		6380	54.30000	9.60000
2933922	Ebersdorf		DE	Bayern	ort		6378	50.32898	11.15266
2764759	Spratzern		AT	Niederösterreich	stadtteil		6376	48.17044	15.61844
2658135	Viganello		CH	Tessin	ort		6375	46.01342	8.96879
2836532	Schönkirchen		DE	Schleswig-Holstein	ort		6375	54.33333	10.23333
2902731	Hofbieber		DE	Hessen	ort		6372	50.58629	9.83534
2856637	Osterburken		DE	Baden-Württemberg	ort		6371	49.42997	9.42252
2921709	Geisenhausen		DE	Bayern	ort		6367	48.47609	12.25817
2804808	Zellingen		DE	Bayern	ort		6365	49.89737	9.81746
2865341	Neuffen		DE	Baden-Württemberg	ort		6365	48.55460	9.37550
2868853	Mudersbach		DE	Rheinland-Pfalz	ort		6358	50.82515	7.94347
2875558	Lübz		DE	Mecklenburg-Vorpommern	ort		6355	53.46261	12.02917
2920926	Gersfeld		DE	Hessen	ort		6351	50.45138	9.91422
2775531	Hörbranz		AT	Vorarlberg	ort		6346	47.55000	9.75000
2658237	Untersiggenthal		CH	Aargau	ort		6344	47.50213	8.25554
2951596	Beelen		DE	Nordrhein-Westfalen	ort		6344	51.92906	8.11117
2822958	Thannhausen		DE	Bayern	ort		6336	48.28334	10.46917
2935298	Drebkau		DE	Brandenburg	ort		6336	51.65412	14.22316
2779115	Fürstenfeld		AT	Steiermark	ort		6327	47.05000	16.08333
2896483	Ilsenburg		DE	Sachsen-Anhalt	ort		6326	51.86695	10.67817
2881973	Laer		DE	Nordrhein-Westfalen	ort		6325	52.05555	7.35775
2917978	Grassau		DE	Bayern	ort		6323	47.78099	12.45359
2883591	Kropp		DE	Schleswig-Holstein	ort		6320	54.41667	9.51667
2812071	Weiskirchen		DE	Saarland	ort		6316	49.55000	6.81667
3208118	Schöffengrund		DE	Hessen	ort		6316	50.49345	8.47183
2852422	Pöttmes		DE	Bayern	ort		6315	48.58383	11.08762
2933019	Eggolsheim		DE	Bayern	ort		6313	49.76961	11.05701
2834334	Schwendi		DE	Baden-Württemberg	ort		6309	48.17424	9.97541
2866755	Neckartenzlingen		DE	Baden-Württemberg	ort		6308	48.58981	9.23478
2808406	Wilthen		DE	Sachsen	ort		6304	51.09745	14.39290
2920776	Gettorf		DE	Schleswig-Holstein	ort		6297	54.40000	9.98333
2816769	Vöhl		DE	Hessen	ort		6296	51.20565	8.94510
2819497	Untergriesbach		DE	Bayern	ort		6294	48.57434	13.66725
2887736	Klingenberg am Main		DE	Bayern	ort		6294	49.78507	9.18025
2815484	Waging am See		DE	Bayern	ort		6291	47.93414	12.73392
2826258	Strasburg		DE	Mecklenburg-Vorpommern	ort		6286	53.51030	13.74513
2826532	Stolpen		DE	Sachsen	ort		6284	51.04901	14.07943
2830670	Speichersdorf		DE	Bayern	ort		6284	49.87133	11.78123
2948222	Bispingen		DE	Niedersachsen	ort		6284	53.08312	9.99772
2895688	Isenbüttel		DE	Niedersachsen	ort		6277	52.43333	10.58333
2940317	Cappeln		DE	Niedersachsen	ort		6274	52.81085	8.11474
2955394	Artern		DE	Thüringen	ort		6270	51.36431	11.29167
2770750	Neuhofen an der Krems		AT	Oberösterreich	ort		6269	48.13866	14.22764
2918405	Grabow		DE	Mecklenburg-Vorpommern	ort		6268	53.27966	11.56502
2838918	Schlangenbad		DE	Hessen	ort		6265	50.09322	8.10312
2949777	Bestensee		DE	Brandenburg	ort		6265	52.23978	13.63732
2807265	Wittichenau		DE	Sachsen	ort		6261	51.38496	14.24403
2865293	Neugersdorf		DE	Sachsen	ort		6260	50.97729	14.60881
2846040	Rodenberg		DE	Niedersachsen	ort		6258	52.31152	9.35640
2903806	Hirschau		DE	Bayern	ort		6258	49.54396	11.94617
2872047	Mellrichstadt		DE	Bayern	ort		6254	50.42849	10.30334
2813700	Wassertrüdingen		DE	Bayern	ort		6245	49.04328	10.59906
2868807	Muggensturm		DE	Baden-Württemberg	ort		6243	48.86667	8.28333
2865557	Neuenstein		DE	Baden-Württemberg	ort		6240	49.20490	9.58000
2917848	Grebenstein		DE	Hessen	ort		6238	51.44648	9.41250
2768348	Pressbaum		AT	Niederösterreich	ort		6237	48.18333	16.08333
2808101	Windsbach		DE	Bayern	ort		6235	49.24786	10.82651
2864547	Neumarkt-Sankt Veit		DE	Bayern	ort		6231	48.36051	12.50723
2901621	Hohenlockstedt		DE	Schleswig-Holstein	ort		6224	53.96667	9.61667
2842644	Saarburg		DE	Rheinland-Pfalz	ort		6222	49.60641	6.54365
2658312	Trimbach		CH	Solothurn	ort		6220	47.36561	7.88680
2913210	Haag in Oberbayern		DE	Bayern	ort		6218	48.16196	12.17942
2853266	Pleidelsheim		DE	Baden-Württemberg	ort		6217	48.95920	9.20311
2844651	Roßleben		DE	Thüringen	ort		6216	51.29886	11.43435
2885888	Königsfeld im Schwarzwald		DE	Baden-Württemberg	ort		6212	48.13814	8.41973
2804810	Zell im Wiesental		DE	Baden-Württemberg	ort		6206	47.70555	7.85248
2821395	Treffurt		DE	Thüringen	ort		6206	51.13691	10.23361
2943587	Bruchhausen-Vilsen		DE	Niedersachsen	ort		6205	52.82931	8.99066
2845565	Röhrmoos		DE	Bayern	ort		6199	48.32966	11.44672
2913838	Güglingen		DE	Baden-Württemberg	ort		6198	49.06642	9.00175
2930432	Emskirchen		DE	Bayern	ort		6197	49.55282	10.71278
2817736	Veitsbronn		DE	Bayern	ort		6194	49.51239	10.88797
2853691	Pilsting		DE	Bayern	ort		6194	48.70116	12.65105
2956378	Ampfing		DE	Bayern	ort		6188	48.25400	12.41515
2947092	Bodenwerder		DE	Niedersachsen	ort		6187	51.97156	9.51931
6295546	Zürich (Kreis 1)		CH	Zürich	stadtteil	Zürich	6185	47.37055	8.54177
2659776	Malters		CH	Luzern	ort		6181	47.03628	8.18193
2660719	Frenkendorf		CH	Basel-Landschaft	ort		6180	47.50686	7.71648
2915076	Großschirma		DE	Sachsen	ort		6179	50.96602	13.28590
2876721	Bad Lobenstein		DE	Thüringen	ort		6164	50.45223	11.63930
2772537	Lichtenegg		AT	Oberösterreich	ort		6163	48.15000	14.00000
2887645	Klipphausen		DE	Sachsen	ort		6161	51.06841	13.51374
2937110	Dietfurt		DE	Bayern	ort		6161	49.03578	11.58624
2935702	Dornhan		DE	Baden-Württemberg	ort		6157	48.35008	8.50901
2870278	Möckern		DE	Sachsen-Anhalt	ort		6154	52.14099	11.95203
2864055	Neustadt an der Waldnaab		DE	Bayern	ort		6153	49.73287	12.17773
2890155	Kitzscher		DE	Sachsen	ort		6152	51.16444	12.55260
2910986	Handewitt		DE	Schleswig-Holstein	ort		6152	54.76667	9.33333
2661014	Dietlikon / Dietlikon (Dorf)		CH	Zürich	stadtteil	Zürich	6149	47.41827	8.61880
2921165	Gerbrunn		DE	Bayern	ort		6149	49.77528	9.99361
2880204	Laudenbach		DE	Baden-Württemberg	ort		6141	49.61333	8.65389
2945051	Bräunlingen		DE	Baden-Württemberg	ort		6141	47.92957	8.44806
6292757	Horgen / Horgen (Dorfkern)		CH	Zürich	stadtteil	Zürich	6140	47.25604	8.60159
2936470	Dohna		DE	Sachsen	ort		6140	50.95621	13.85839
2830880	Sottrum		DE	Niedersachsen	ort		6131	53.11667	9.23333
2938403	Deißlingen		DE	Baden-Württemberg	ort		6129	48.11230	8.60736
3208129	Waldbrunn		DE	Hessen	ort		6124	50.51875	8.10812
2935441	Dötlingen		DE	Niedersachsen	ort		6122	52.93333	8.38333
2812086	Weisendorf		DE	Bayern	ort		6118	49.62283	10.82531
2895284	Jahnsdorf		DE	Sachsen	ort		6117	50.74509	12.85414
2871953	Mengerskirchen		DE	Hessen	ort		6116	50.56392	8.15555
2878351	Leun		DE	Hessen	ort		6116	50.55129	8.35836
2806646	Wolfschlugen		DE	Baden-Württemberg	ort		6108	48.65000	9.28333
2881767	Lambsheim		DE	Rheinland-Pfalz	ort		6104	49.51361	8.28778
2951346	Beilstein		DE	Baden-Württemberg	ort		6103	49.04140	9.31370
2876787	Litzendorf		DE	Bayern	ort		6101	49.91444	11.01028
2857803	Offenbach an der Queich		DE	Rheinland-Pfalz	ort		6097	49.19546	8.19779
2661030	Derendingen		CH	Solothurn	ort		6093	47.19850	7.58844
2828206	Steinenbronn		DE	Baden-Württemberg	ort		6089	48.66667	9.11667
2661456	Bolligen		CH	Bern	ort		6086	46.97510	7.49697
2919717	Gmund am Tegernsee		DE	Bayern	ort		6086	47.75119	11.73810
2822075	Tittmoning		DE	Bayern	ort		6084	48.06164	12.76760
2829753	Stadtoldendorf		DE	Niedersachsen	ort		6082	51.88242	9.62650
2836040	Schrozberg		DE	Baden-Württemberg	ort		6082	49.34528	9.97944
2930500	Emmering		DE	Bayern	ort		6081	48.18333	11.28333
2955368	Arzberg		DE	Bayern	ort		6075	50.05774	12.18676
2810848	Wermsdorf		DE	Sachsen	ort		6074	51.28333	12.95000
2659853	Losone		CH	Tessin	ort		6070	46.16866	8.75928
2867436	Murr		DE	Baden-Württemberg	ort		6063	48.96207	9.25924
2804159	Zimmern ob Rottweil		DE	Baden-Württemberg	ort		6061	48.16660	8.59436
2896476	Ilshofen		DE	Baden-Württemberg	ort		6058	49.17015	9.91825
2865155	Neuhaus		DE	Thüringen	ort		6052	50.68333	10.93333
2952452	Barnstorf		DE	Niedersachsen	ort		6050	52.71009	8.50256
2921682	Geisingen		DE	Baden-Württemberg	ort		6048	47.92504	8.65002
2889990	Klausdorf		DE	Schleswig-Holstein	ort		6047	54.30899	10.21372
2824255	Tangerhütte		DE	Sachsen-Anhalt	ort		6039	52.43530	11.80724
2910875	Hänigsen		DE	Niedersachsen	ort		6033	52.48425	10.09129
2934560	Dunningen		DE	Baden-Württemberg	ort		6032	48.21242	8.50619
2923410	Gadebusch		DE	Mecklenburg-Vorpommern	ort		6030	53.70137	11.11676
2949014	Bietigheim		DE	Baden-Württemberg	ort		6026	48.90919	8.25202
2952814	Bardowick		DE	Niedersachsen	ort		6026	53.29354	10.38811
2937280	Dierdorf		DE	Rheinland-Pfalz	ort		6023	50.54647	7.65271
2934163	Duvenstedt		DE	Hamburg	ort		6022	53.70806	10.10444
2821690	Traben-Trarbach		DE	Rheinland-Pfalz	ort		6018	49.95076	7.11562
2805008	Zeil		DE	Bayern	ort		6016	50.00986	10.59470
2845721	Rohrbach		DE	Bayern	ort		6015	48.61667	11.56667
2768582	Pöllau		AT	Steiermark	ort		6014	47.30000	15.83333
2876952	Linz am Rhein		DE	Rheinland-Pfalz	ort		6008	50.56884	7.28445
2895636	Ispringen		DE	Baden-Württemberg	ort		6007	48.91667	8.66667
2863457	Niedereschach		DE	Baden-Württemberg	ort		6004	48.13333	8.53333
2941496	Burg auf Fehmarn		DE	Schleswig-Holstein	stadtteil		6000	54.43333	11.20000
2876009	Lommatzsch		DE	Sachsen	ort		5999	51.19537	13.30917
2806946	Wolfach		DE	Baden-Württemberg	ort		5998	48.29319	8.21580
2867262	Nabburg		DE	Bayern	ort		5994	49.45347	12.17996
2919138	Gommern		DE	Sachsen-Anhalt	ort		5992	52.07391	11.82297
2841178	Sauerlach		DE	Bayern	ort		5991	47.97171	11.65383
2833651	Seelow		DE	Brandenburg	ort		5981	52.53392	14.38128
2770993	Mürzzuschlag		AT	Steiermark	ort		5975	47.60660	15.67226
2859739	Ober-Mörlen		DE	Hessen	ort		5967	50.37350	8.69087
2854646	Petershausen		DE	Bayern	ort		5965	48.40967	11.47056
2659489	Neuenkirch		CH	Luzern	ort		5963	47.09989	8.20416
2836396	Schöppenstedt		DE	Niedersachsen	ort		5961	52.14308	10.77450
3207540	Schönenberg-Kübelberg		DE	Rheinland-Pfalz	ort		5957	49.40740	7.37233
2661527	Bex		CH	Waadt	ort		5956	46.24965	7.00980
2921656	Geislingen		DE	Baden-Württemberg	ort		5951	48.28768	8.81241
2933772	Echzell		DE	Hessen	ort		5951	50.38888	8.88605
2896898	Hutthurm		DE	Bayern	ort		5950	48.67276	13.47146
2862041	Norderney		DE	Niedersachsen	ort		5949	53.70828	7.15819
2857481	Olbersdorf		DE	Sachsen	ort		5948	50.87304	14.77035
2896263	Immenstaad am Bodensee		DE	Baden-Württemberg	ort		5946	47.66667	9.36667
2919765	Glücksburg		DE	Schleswig-Holstein	ort		5946	54.83522	9.54853
2896288	Immendingen		DE	Baden-Württemberg	ort		5945	47.93333	8.73333
2803786	Zschorlau		DE	Sachsen	ort		5944	50.56667	12.65000
2885689	Konradshöhe		DE	Berlin	stadtteil	Berlin	5939	52.58535	13.22758
2824245	Tangstedt		DE	Schleswig-Holstein	ort		5937	53.73333	10.08333
2931753	Einhausen		DE	Hessen	ort		5933	49.67667	8.54833
6295183	Mattenbach (Kreis 7) / Deutweg		CH	Zürich	stadtteil	Winterthur	5930	47.49419	8.73948
2947172	Bodelshausen		DE	Baden-Württemberg	ort		5929	48.38886	8.97703
2661148	Collombey		CH	Wallis	ort		5926	46.27385	6.94789
2939388	Dahme		DE	Brandenburg	ort		5924	51.87008	13.42743
2660700	Fully		CH	Wallis	ort		5922	46.13851	7.11468
3225156	Ludweiler-Warndt		DE	Saarland	ort		5922	49.22074	6.81195
2857967	Oedheim		DE	Baden-Württemberg	ort		5921	49.24028	9.25333
2860021	Oberkotzau		DE	Bayern	ort		5920	50.26236	11.93484
2896021	Ingelfingen		DE	Baden-Württemberg	ort		5914	49.30028	9.65303
2661432	Bottmingen		CH	Basel-Landschaft	ort		5912	47.52343	7.57211
2835496	Schwabhausen		DE	Bayern	ort		5911	48.40157	11.35729
12110959	Petritor - Nord		DE	Niedersachsen	stadtteil	Braunschweig	5900	52.27712	10.50161
2948934	Billigheim		DE	Baden-Württemberg	ort		5899	49.34861	9.25389
2841321	Satow-Oberhagen		DE	Mecklenburg-Vorpommern	ort		5895	53.99545	11.88466
2952564	Barleben		DE	Sachsen-Anhalt	ort		5895	52.20193	11.61770
2822595	Thum		DE	Sachsen	ort		5892	50.67081	12.95091
2841684	Alt-Sanitz		DE	Mecklenburg-Vorpommern	ort		5889	53.81363	13.58786
2661524	Biasca		CH	Tessin	ort		5885	46.35972	8.96965
2810136	Westhausen		DE	Baden-Württemberg	ort		5884	48.88333	10.18333
2853297	Plau am See		DE	Mecklenburg-Vorpommern	ort		5883	53.45821	12.26246
2906654	Helsa		DE	Hessen	ort		5882	51.25981	9.68872
2658572	Sissach		CH	Basel-Landschaft	ort		5873	47.46408	7.80888
2870584	Mittelschöntal		DE	Baden-Württemberg	ort		5872	48.94615	9.39520
2949961	Bernsdorf		DE	Sachsen	ort		5871	51.37350	14.06886
2661626	Balsthal		CH	Solothurn	ort		5863	47.31613	7.69318
2810413	Westerburg		DE	Rheinland-Pfalz	ort		5863	50.55938	7.97482
8436496	Kirchbichl		AT	Tirol	ort		5855	47.51743	12.09629
2931433	Eisfeld		DE	Thüringen	ort		5855	50.42648	10.90695
2771619	Micheldorf in Oberösterreich		AT	Oberösterreich	ort		5854	47.87764	14.13357
2882575	Külsheim		DE	Baden-Württemberg	ort		5854	49.66942	9.52361
2781463	Breitenfurt bei Wien		AT	Niederösterreich	ort		5853	48.13333	16.15000
2943855	Broitzem		DE	Niedersachsen	ort		5853	52.23463	10.47718
2804933	Zeitlarn		DE	Bayern	ort		5849	49.07848	12.11174
2932040	Eichwalde		DE	Brandenburg	ort		5849	52.36667	13.61667
2838167	Schlüsselfeld		DE	Bayern	ort		5848	49.75621	10.61873
2912681	Hage		DE	Niedersachsen	ort		5848	53.60274	7.28527
2838600	Schleusingen		DE	Thüringen	ort		5842	50.51076	10.75658
2840526	Schallstadt		DE	Baden-Württemberg	ort		5841	47.95855	7.75755
2844062	Rothenburg		DE	Sachsen	ort		5841	51.33400	14.96874
2925267	Fraureuth		DE	Sachsen	ort		5841	50.70000	12.35000
2804939	Zeithain		DE	Sachsen	ort		5839	51.33356	13.33809
2929837	Eppertshausen		DE	Hessen	ort		5838	49.95056	8.85389
2953404	Bad Marienberg		DE	Rheinland-Pfalz	ort		5838	50.64947	7.94958
2955745	Appen		DE	Schleswig-Holstein	ort		5838	53.65813	9.74582
2851543	Pyrbaum		DE	Bayern	ort		5836	49.29622	11.28655
2896616	Ihringen		DE	Baden-Württemberg	ort		5833	48.04303	7.64760
2810840	Wernberg-Köblitz		DE	Bayern	ort		5830	49.53931	12.16130
2886363	Kölleda		DE	Thüringen	ort		5824	51.18745	11.24488
12110964	Wilhelmitor - Nord		DE	Niedersachsen	stadtteil	Braunschweig	5823	52.25920	10.49848
2911739	Haiterbach		DE	Baden-Württemberg	ort		5820	48.52066	8.64435
2767426	Ries		AT	Steiermark	stadtteil	Graz	5819	47.08315	15.48500
2948339	Bischberg		DE	Bayern	ort		5819	49.91087	10.83212
2813344	Wegscheid		DE	Bayern	ort		5817	48.60136	13.78733
2888053	Kleinwallstadt		DE	Bayern	ort		5816	49.87464	9.16927
2874919	Lütjenburg		DE	Schleswig-Holstein	ort		5814	54.29188	10.58945
2769105	Perg		AT	Oberösterreich	ort		5812	48.25000	14.63333
2657912	Zollikon		CH	Zürich	ort		5812	47.34019	8.57407
2959390	Adorf		DE	Sachsen	ort		5806	50.32011	12.25986
3208571	Sylt-Ost		DE	Schleswig-Holstein	ort		5806	54.86110	8.41141
2659392	Oberengstringen		CH	Zürich	ort		5805	47.40841	8.46515
2882028	Lachendorf		DE	Niedersachsen	ort		5805	52.61667	10.25000
2659529	Murten/Morat		CH	Freiburg	ort		5800	46.92827	7.11715
2853471	Plaidt		DE	Rheinland-Pfalz	ort		5797	50.39260	7.39251
2769874	Oberndorf bei Salzburg		AT	Salzburg	ort		5794	47.95000	12.93333
2958085	Altbach		DE	Baden-Württemberg	ort		5793	48.72268	9.38078
11593866	Kirchenviertel		AT	Steiermark	stadtteil	Graz	5791	47.13124	15.34764
2883151	Kuchen		DE	Baden-Württemberg	ort		5790	48.63583	9.79989
2893022	Kappelrodeck		DE	Baden-Württemberg	ort		5787	48.59182	8.11692
3208130	Waldems		DE	Hessen	ort		5782	50.25000	8.33333
2876144	Lohra		DE	Hessen	ort		5775	50.73333	8.63333
2659739	Massagno		CH	Tessin	ort		5774	46.01257	8.94354
2946950	Böhmenkirch		DE	Baden-Württemberg	ort		5774	48.68333	9.93333
2953434	Bad Hönningen		DE	Rheinland-Pfalz	ort		5772	50.51689	7.31195
2782560	Amras		AT	Tirol	stadtteil	Innsbruck	5771	47.25000	11.41667
2940397	Callenberg		DE	Sachsen	ort		5763	50.85000	12.63333
2815328	Waibstadt		DE	Baden-Württemberg	ort		5762	49.29505	8.91771
2855881	Ovelgönne		DE	Niedersachsen	ort		5756	53.34189	8.42179
3208620	Sickte		DE	Niedersachsen	ort		5755	52.21847	10.64240
2880351	Lathen		DE	Niedersachsen	ort		5754	52.86667	7.31667
2940611	Buttenwiesen		DE	Bayern	ort		5750	48.60000	10.71667
2821336	Trendelburg		DE	Hessen	ort		5749	51.57408	9.42095
2761148	Wimpassing		AT	Oberösterreich	ort		5748	48.16667	13.98333
2908974	Hausach		DE	Baden-Württemberg	ort		5748	48.28426	8.17602
2772345	Lochau		AT	Vorarlberg	ort		5747	47.53333	9.75000
2851567	Putzbrunn		DE	Bayern	ort		5747	48.07579	11.71572
2846229	Rockenhausen		DE	Rheinland-Pfalz	ort		5744	49.62974	7.82134
2826671	Stockstadt am Rhein		DE	Hessen	ort		5741	49.80944	8.47278
2907068	Heitersheim		DE	Baden-Württemberg	ort		5739	47.87468	7.65721
2658518	Stäfa		CH	Zürich	ort		5737	47.24254	8.72342
2918037	Grasbrunn		DE	Bayern	ort		5737	48.07905	11.74361
2882399	Kupferzell		DE	Baden-Württemberg	ort		5736	49.22778	9.69000
2853066	Pöcking		DE	Bayern	ort		5734	47.96667	11.30000
7779000	Les Avanchets		CH	Genf	ort		5730	46.22168	6.10814
2946485	Bondorf		DE	Baden-Württemberg	ort		5730	48.52064	8.83704
2831888	Sinnersdorf		DE	Nordrhein-Westfalen	ort		5727	51.02445	6.81787
2934033	Ebensfeld		DE	Bayern	ort		5721	50.06640	10.95835
2958438	Allendorf		DE	Hessen	ort		5719	51.02995	8.67232
2870266	Mockrehna		DE	Sachsen	ort		5718	51.50757	12.81418
2659227	Peseux		CH	Neuenburg	ort		5716	46.98704	6.88903
2873304	Markt Erlbach		DE	Bayern	ort		5716	49.49367	10.65265
2823978	Tarp		DE	Schleswig-Holstein	ort		5711	54.66667	9.40000
2905929	Hermeskeil		DE	Rheinland-Pfalz	ort		5710	49.65528	6.94407
2660656	Gelterkinden		CH	Basel-Landschaft	ort		5709	47.46497	7.85174
2934737	Dudenhofen		DE	Rheinland-Pfalz	ort		5709	49.31861	8.38861
2937160	Dietenhofen		DE	Bayern	ort		5709	49.39997	10.68975
2824420	Tacherting		DE	Bayern	ort		5704	48.07825	12.57008
2952213	Battenberg		DE	Hessen	ort		5703	51.01391	8.64603
2863685	Niedenstein		DE	Hessen	ort		5702	51.23342	9.31029
2896687	Igersheim		DE	Baden-Württemberg	ort		5700	49.49444	9.81694
3208134	Walluf		DE	Hessen	ort		5698	50.04003	8.15545
2871950	Mengkofen		DE	Bayern	ort		5695	48.71894	12.44047
2910686	Harburg		DE	Bayern	ort		5694	48.78674	10.68927
2865637	Neuenkirchen		DE	Niedersachsen	ort		5693	53.03259	9.70642
2912921	Hachenburg		DE	Rheinland-Pfalz	ort		5690	50.65998	7.82276
2847231	Riedenburg		DE	Bayern	ort		5689	48.96383	11.68880
3209420	Vogtsburg		DE	Baden-Württemberg	ort		5686	48.09688	7.64185
2658397	Teufen		CH	Appenzell Ausserrhoden	ort		5683	47.39080	9.38644
2660594	Glarus		CH	Glarus	ort		5681	47.04057	9.06804
2874246	Mainhardt		DE	Baden-Württemberg	ort		5680	49.07611	9.55639
2896877	Hüttlingen		DE	Baden-Württemberg	ort		5678	48.89266	10.10064
2953136	Bakum		DE	Niedersachsen	ort		5678	52.74118	8.19546
2811342	Wemding		DE	Bayern	ort		5669	48.87461	10.72452
2885895	Königsee		DE	Thüringen	ort		5666	50.66143	11.09748
2808148	Windischeschenbach		DE	Bayern	ort		5659	49.80108	12.15710
2831091	Sontheim an der Brenz		DE	Baden-Württemberg	ort		5656	48.55235	10.29097
2658277	Uetendorf		CH	Bern	ort		5654	46.77392	7.57251
2661740	Appenzell		CH	Appenzell Innerrhoden	ort		5649	47.33103	9.40996
2945165	Brannenburg		DE	Bayern	ort		5646	47.73996	12.09166
2929692	Erdweg		DE	Bayern	ort		5629	48.33180	11.30339
8334620	Hansaviertel		DE	Berlin	stadtteil	Berlin	5629	52.51853	13.34178
2842728	Saal		DE	Bayern	ort		5626	48.90099	11.93196
2948114	Blaichach		DE	Bayern	ort		5625	47.54208	10.25846
2822939	Tharandt		DE	Sachsen	ort		5624	50.98525	13.58035
2938538	Deggingen		DE	Baden-Württemberg	ort		5623	48.59710	9.71891
2868861	Müden		DE	Niedersachsen	ort		5621	52.52771	10.36011
2867492	Münzenberg		DE	Hessen	ort		5619	50.45346	8.77430
2659331	Oberuzwil		CH	St. Gallen	ort		5616	47.43076	9.12724
2930650	Eltmann		DE	Bayern	ort		5614	49.97148	10.66712
2776815	Hart		AT	Oberösterreich	ort		5610	48.26526	14.25691
2915173	Großpösna		DE	Sachsen	ort		5608	51.26667	12.50000
2957555	Altenkunstadt		DE	Bayern	ort		5608	50.12504	11.25030
2886404	Kolitzheim		DE	Bayern	ort		5602	49.91667	10.23333
2939687	Cunewalde		DE	Sachsen	ort		5601	51.10000	14.51667
2841380	Sasbach		DE	Baden-Württemberg	ort		5599	48.63971	8.09375
2933042	Eggesin		DE	Mecklenburg-Vorpommern	ort		5598	53.67973	14.07992
2950019	Bernhardswald		DE	Bayern	ort		5596	49.09123	12.24744
6293977	Pfäffikon / Pfäffikon (Dorfkern)		CH	Zürich	stadtteil	Winterthur	5595	47.36943	8.78309
2878289	Leutershausen		DE	Bayern	ort		5592	49.29869	10.41189
2890769	Kirchardt		DE	Baden-Württemberg	ort		5592	49.20500	8.99167
2883777	Kronau		DE	Baden-Württemberg	ort		5585	49.22250	8.63111
2953008	Baltmannsweiler		DE	Baden-Württemberg	ort		5584	48.74215	9.44940
2822401	Tiefenbronn		DE	Baden-Württemberg	ort		5583	48.82398	8.80129
2928379	Eutingen an der Enz		DE	Baden-Württemberg	ort		5583	48.91246	8.74898
2950898	Beratzhausen		DE	Bayern	ort		5583	49.09517	11.80970
2661862	Adligenswil		CH	Luzern	ort		5576	47.06521	8.36124
2658775	Savièse		CH	Wallis	ort		5575	46.25115	7.34558
2894814	Johanngeorgenstadt		DE	Sachsen	ort		5573	50.43254	12.71140
2927347	Feldkirchen		DE	Bayern	ort		5573	48.14811	11.73100
6295510	Zürich (Kreis 8) / Mühlebach		CH	Zürich	stadtteil	Zürich	5570	47.35727	8.55744
2864771	Neukirch/Lausitz		DE	Sachsen	ort		5567	51.09727	14.30789
2937896	Dettingen unter Teck		DE	Baden-Württemberg	ort		5567	48.61667	9.45000
2853961	Pfreimd		DE	Bayern	ort		5565	49.49114	12.18069
2866905	Naumburg		DE	Hessen	ort		5563	51.24816	9.16569
2658210	Uznach		CH	St. Gallen	ort		5561	47.22421	8.98263
2849740	Rechberghausen		DE	Baden-Württemberg	ort		5557	48.73080	9.64419
2898847	Horneburg		DE	Niedersachsen	ort		5547	53.50672	9.57546
2838671	Bad Schlema		DE	Sachsen	ort		5540	50.60257	12.67288
2866086	Neubulach		DE	Baden-Württemberg	ort		5540	48.66092	8.69611
2959508	Adelsheim		DE	Baden-Württemberg	ort		5536	49.40150	9.39250
2948384	Bad Birnbach		DE	Bayern	ort		5533	48.44489	13.09103
2907280	Heiningen		DE	Baden-Württemberg	ort		5532	48.66177	9.64977
2856198	Ostseebad Binz		DE	Mecklenburg-Vorpommern	ort		5531	54.39995	13.61052
2872486	Meersburg		DE	Baden-Württemberg	ort		5528	47.69419	9.27113
2863638	Niederaula		DE	Hessen	ort		5526	50.80000	9.60000
2661328	Buochs		CH	Nidwalden	ort		5524	46.97398	8.42279
2660355	Herzogenbuchsee		CH	Bern	ort		5522	47.18795	7.70620
2953418	Bad Kösen		DE	Sachsen-Anhalt	ort		5522	51.13431	11.72203
2846286	Röbel		DE	Mecklenburg-Vorpommern	ort		5521	53.37555	12.60372
2929252	Ertingen		DE	Baden-Württemberg	ort		5516	48.10000	9.46667
2845723	Rohrbach		DE	Bayern	ort		5513	48.28933	12.55603
2949046	Biesenthal		DE	Brandenburg	ort		5512	52.76616	13.64416
2781046	Deuchendorf		AT	Steiermark	ort		5507	47.46593	15.32172
2660390	Heimberg		CH	Bern	ort		5501	46.79482	7.60433
2852440	Pottenstein		DE	Bayern	ort		5501	49.77131	11.40784
2931038	Ellerau		DE	Schleswig-Holstein	ort		5500	53.75000	9.91667
2657947	Würenlos		CH	Aargau	ort		5497	47.44205	8.36261
2862831	Niederstetten		DE	Baden-Württemberg	ort		5496	49.40000	9.91944
2912577	Hagenbach		DE	Rheinland-Pfalz	ort		5495	49.01734	8.25024
2775516	Horn		AT	Niederösterreich	ort		5494	48.66274	15.65663
2924656	Friedrichroda		DE	Thüringen	ort		5492	50.85754	10.56507
2921449	Geltendorf		DE	Bayern	ort		5490	48.11737	11.03216
2658119	Villmergen		CH	Aargau	ort		5489	47.35009	8.24762
2660338	Hinwil		CH	Zürich	ort		5488	47.29426	8.84393
2854928	Pentling		DE	Bayern	ort		5485	48.98343	12.05870
2959855	Abenberg		DE	Bayern	ort		5484	49.24282	10.96401
2845229	Ronneburg		DE	Thüringen	ort		5482	50.86340	12.18666
2951013	Benningen am Neckar		DE	Baden-Württemberg	ort		5481	48.94672	9.24212
2925924	Forbach		DE	Baden-Württemberg	ort		5477	48.68333	8.35000
2775013	Judendorf		AT	Steiermark	stadtteil		5475	47.40000	15.10000
2865104	Neuhausen		DE	Baden-Württemberg	ort		5475	48.79260	8.77649
2762316	Völkendorf		AT	Kärnten	stadtteil	Villach	5474	46.60806	13.83153
2911322	Hambergen		DE	Niedersachsen	ort		5472	53.30826	8.82520
2827216	Stetten am Kalten Markt		DE	Baden-Württemberg	ort		5471	48.12419	9.07775
2851826	Prüm		DE	Rheinland-Pfalz	ort		5471	50.20785	6.42019
2926586	Fischbachau		DE	Bayern	ort		5471	47.71952	11.95081
2933817	Ebstorf		DE	Niedersachsen	ort		5471	53.02785	10.41839
8642861	Lachen-Speyerdorf		DE	Rheinland-Pfalz	ort		5470	49.33049	8.19983
2824804	Sulzbach an der Murr		DE	Baden-Württemberg	ort		5469	49.00303	9.50030
2815804	Waakirchen		DE	Bayern	ort		5464	47.77250	11.67315
2831802	Sittensen		DE	Niedersachsen	ort		5462	53.27615	9.50429
2845641	Rohrdorf		DE	Bayern	ort		5460	47.79713	12.17010
2877315	Lindenfels		DE	Hessen	ort		5456	49.68369	8.78151
2661197	Chavannes		CH	Waadt	ort		5454	46.53005	6.57068
2917139	Gronau		DE	Niedersachsen	ort		5444	52.08460	9.77678
2823044	Thalmässing		DE	Bayern	ort		5442	49.08834	11.22150
2942627	Büchen		DE	Schleswig-Holstein	ort		5442	53.48008	10.61760
2947125	Bodenkirchen		DE	Bayern	ort		5442	48.38333	12.38333
2768811	Pinkafeld		AT	Burgenland	ort		5438	47.36667	16.11667
2944254	Brensbach		DE	Hessen	ort		5438	49.77389	8.88444
2660367	Hergiswil		CH	Nidwalden	ort		5437	46.98429	8.30944
2771133	Mühlau		AT	Tirol	ort		5435	47.28333	11.40000
2861232	Oberboihingen		DE	Baden-Württemberg	ort		5435	48.65000	9.36667
2877082	Lingenfeld		DE	Rheinland-Pfalz	ort		5433	49.25389	8.33861
2913286	Guxhagen		DE	Hessen	ort		5433	51.20000	9.48333
2852772	Pommelsbrunn		DE	Bayern	ort		5432	49.50437	11.51101
2954088	Au in der Hallertau		DE	Bayern	ort		5427	48.55838	11.74138
2814851	Waldmohr		DE	Rheinland-Pfalz	ort		5426	49.38333	7.33333
2821143	Triftern		DE	Bayern	ort		5419	48.39468	13.00627
2659687	Menziken		CH	Aargau	ort		5415	47.23965	8.18996
2857075	Oerlenbach		DE	Bayern	ort		5411	50.15000	10.13333
2661600	Basse-Nendaz		CH	Wallis	ort		5410	46.18993	7.31209
2863652	Aschau im Chiemgau		DE	Bayern	ort		5410	47.77689	12.32297
2872580	Meckesheim		DE	Baden-Württemberg	ort		5409	49.32167	8.81944
2914477	Grünau		DE	Berlin	stadtteil	Berlin	5408	52.41642	13.58039
2890527	Kirchentellinsfurt		DE	Baden-Württemberg	ort		5406	48.53315	9.14732
2661021	Diepoldsau		CH	St. Gallen	ort		5401	47.38600	9.65558
2887380	Klötze		DE	Sachsen-Anhalt	ort		5398	52.62725	11.16424
2814181	Wanzleben		DE	Sachsen-Anhalt	ort		5397	52.06087	11.44080
2658816	Sankt Margrethen		CH	St. Gallen	ort		5395	47.45253	9.63741
2937919	Dettenhausen		DE	Baden-Württemberg	ort		5390	48.60758	9.10041
2956404	Amöneburg		DE	Hessen	ort		5390	50.79595	8.92330
2808533	Willingshausen		DE	Hessen	ort		5385	50.85000	9.20000
2814795	Waldsee		DE	Rheinland-Pfalz	ort		5384	49.39528	8.44028
2920085	Glashütten		DE	Hessen	ort		5382	50.21667	8.40000
2809259	Wiesenburg		DE	Brandenburg	ort		5380	52.11456	12.45534
6295102	Oberwinterthur (Kreis 2) / Guggenbühl		CH	Zürich	stadtteil	Winterthur	5376	47.51339	8.75998
6295092	Oberwinterthur (Kreis 2) / Talacker		CH	Zürich	stadtteil	Winterthur	5375	47.50596	8.75150
2817722	Velburg		DE	Bayern	ort		5373	49.23212	11.67160
2806192	Worbis		DE	Thüringen	ort		5371	51.41997	10.36330
2827166	Steyerberg		DE	Niedersachsen	ort		5368	52.57017	9.02423
2890602	Kirchdorf am Inn		DE	Bayern	ort		5366	48.24755	12.98453
2929783	Erbendorf		DE	Bayern	ort		5364	49.83983	12.04593
2932828	Ehrenfriedersdorf		DE	Sachsen	ort		5360	50.64934	12.97009
2880146	Laufach		DE	Bayern	ort		5354	50.01667	9.30000
2876604	Löchgau		DE	Baden-Württemberg	ort		5352	49.00361	9.10639
2947919	Blaufelden		DE	Baden-Württemberg	ort		5348	49.29778	9.97389
2770634	Neuzeug		AT	Oberösterreich	ort		5346	48.05000	14.33333
2831239	Sonnefeld		DE	Bayern	ort		5345	50.21667	11.13333
2835542	Schwaan		DE	Mecklenburg-Vorpommern	ort		5345	53.94047	12.10715
2861422	Oberammergau		DE	Bayern	ort		5344	47.59812	11.06692
2953771	Babenhausen		DE	Bayern	ort		5342	48.14497	10.25325
2661350	Buchrain		CH	Luzern	ort		5341	47.09625	8.34729
2885716	Könnern		DE	Sachsen-Anhalt	ort		5339	51.67120	11.77068
2824564	Süsel		DE	Schleswig-Holstein	ort		5338	54.08135	10.70172
2949296	Bickenbach		DE	Hessen	ort		5338	49.75917	8.61750
2857847	Oettingen in Bayern		DE	Bayern	ort		5336	48.95274	10.60465
2894742	Jöhlingen		DE	Baden-Württemberg	ort		5336	49.03218	8.57350
2660156	Kirchberg		CH	Bern	ort		5335	47.08538	7.58288
2776401	Himberg		AT	Niederösterreich	ort		5331	48.08333	16.43333
2891668	Kemnath		DE	Bayern	ort		5322	49.87007	11.89077
2906583	Hemhofen		DE	Bayern	ort		5322	49.68333	10.93333
2938837	Dasing		DE	Bayern	ort		5321	48.38482	11.04667
2837085	Schönau am Königssee		DE	Bayern	ort		5319	47.60055	12.98704
2760924	Wölfnitz		AT	Kärnten	ort		5316	46.66639	14.25806
2847195	Riedering		DE	Bayern	ort		5315	47.83874	12.20778
2882059	Laboe		DE	Schleswig-Holstein	ort		5315	54.40000	10.21667
2836581	Schönheide		DE	Sachsen	ort		5310	50.50458	12.52158
2911308	Hambrücken		DE	Baden-Württemberg	ort		5302	49.19000	8.54056
2858417	Obrigheim		DE	Baden-Württemberg	ort		5299	49.35194	9.09083
2825429	Stühlingen		DE	Baden-Württemberg	ort		5297	47.74580	8.44813
2782054	Bad Hall		AT	Oberösterreich	ort		5296	48.03832	14.20773
2946696	Boll		DE	Baden-Württemberg	ort		5296	48.64357	9.61295
2958494	Alheim		DE	Hessen	ort		5292	51.03333	9.66667
2957021	Altlußheim		DE	Baden-Württemberg	ort		5289	49.30167	8.49917
2826743	Stockheim		DE	Bayern	ort		5286	50.30639	11.28172
2934235	Dußlingen		DE	Baden-Württemberg	ort		5286	48.45357	9.05552
2660573	Goldau		CH	Schwyz	ort		5285	47.04761	8.54616
2892485	Kastellaun		DE	Rheinland-Pfalz	ort		5285	50.06922	7.44154
2840634	Schäftlarn		DE	Bayern	ort		5281	47.99027	11.45591
2944440	Breitungen		DE	Thüringen	ort		5281	50.76355	10.32724
2661776	Altendorf		CH	Schwyz	ort		5280	47.18994	8.83823
2833704	Seelbach		DE	Baden-Württemberg	ort		5278	48.31055	7.94069
2821216	Triberg		DE	Baden-Württemberg	ort		5275	48.13175	8.23317
2777158	Haag		AT	Oberösterreich	ort		5273	48.27063	14.26875
2659959	Le Mont-sur-Lausanne		CH	Waadt	ort		5270	46.55815	6.63145
3205691	Ühlingen-Birkendorf		DE	Baden-Württemberg	ort		5269	47.71667	8.31667
2829765	Stadtilm		DE	Thüringen	ort		5265	50.77596	11.08262
2853855	Piding		DE	Bayern	ort		5259	47.76667	12.91667
2658217	Urtenen		CH	Bern	ort		5258	47.02667	7.50081
2912351	Hahnbach		DE	Bayern	ort		5257	49.53389	11.80302
2942612	Büchenbach		DE	Bayern	ort		5255	49.26778	11.05889
11746590	Lind		AT	Kärnten	stadtteil	Villach	5252	46.62244	13.84715
2937073	Dietramszell		DE	Bayern	ort		5252	47.84871	11.59530
2839010	Schladen		DE	Niedersachsen	ort		5251	52.02218	10.53967
2861690	Nufringen		DE	Baden-Württemberg	ort		5249	48.62253	8.89009
2774399	Kirchberg in Tirol		AT	Tirol	ort		5245	47.44539	12.31602
2917868	Grävenwiesbach		DE	Hessen	ort		5245	50.39024	8.45690
2661468	Blonay		CH	Waadt	ort		5244	46.46778	6.89615
2945740	Bötzingen		DE	Baden-Württemberg	ort		5239	48.07642	7.72485
7576812	Rabenau		DE	Hessen	ort		5239	50.67753	8.86425
2780501	Ebreichsdorf		AT	Niederösterreich	ort		5236	47.95579	16.40705
2660086	Küttigen		CH	Aargau	ort		5234	47.41484	8.04979
2843724	Rottendorf		DE	Bayern	ort		5234	49.79230	10.02593
2907359	Heimsheim		DE	Baden-Württemberg	ort		5234	48.80656	8.86744
2810204	Westerrönfeld		DE	Schleswig-Holstein	ort		5227	54.28333	9.65000
2895702	Isen		DE	Bayern	ort		5222	48.21203	12.05672
2862724	Niederwiesa		DE	Sachsen	ort		5221	50.86667	13.01667
2658871	Saint-Imier		CH	Bern	ort		5220	47.15284	6.99692
2661789	Alpnach		CH	Obwalden	ort		5218	46.94227	8.27180
2660171	Kerns		CH	Obwalden	ort		5217	46.90121	8.27514
2830849	Spalt		DE	Bayern	ort		5216	49.17553	10.92453
2856042	Otterberg		DE	Rheinland-Pfalz	ort		5215	49.50301	7.76995
2939949	Cochem		DE	Rheinland-Pfalz	ort		5215	50.14511	7.16379
2856390	Osterrönfeld		DE	Schleswig-Holstein	ort		5213	54.29013	9.69900
2934965	Driedorf		DE	Hessen	ort		5213	50.63333	8.18333
2939434	Dahlen		DE	Sachsen	ort		5211	51.36495	12.99881
2951026	Bennewitz		DE	Sachsen	stadtteil		5211	51.36074	12.71376
2660001	Laufen		CH	Basel-Landschaft	ort		5210	47.42193	7.49946
6295490	Zürich (Kreis 12) / Saatlen		CH	Zürich	stadtteil	Zürich	5209	47.41127	8.56480
2820190	Umkirch		DE	Baden-Württemberg	ort		5208	48.03333	7.76667
2838534	Schliengen		DE	Baden-Württemberg	ort		5208	47.75698	7.57645
2928717	Esterwegen		DE	Niedersachsen	ort		5208	52.99288	7.63327
2858253	Ochtendung		DE	Rheinland-Pfalz	ort		5207	50.35000	7.38333
2917850	Grebenhain		DE	Hessen	ort		5207	50.48924	9.33855
2900453	Hollfeld		DE	Bayern	ort		5206	49.93793	11.29153
2954127	Augustusburg		DE	Sachsen	ort		5202	50.81192	13.10197
2807549	Wirges		DE	Rheinland-Pfalz	ort		5201	50.47195	7.79844
2832939	Sersheim		DE	Baden-Württemberg	ort		5199	48.96667	9.01667
2902531	Hofheim in Unterfranken		DE	Bayern	ort		5199	50.13675	10.52321
6559224	Münstertal/Schwarzwald		DE	Baden-Württemberg	ort		5199	47.85472	7.78417
2906175	Herbstein		DE	Hessen	ort		5198	50.56105	9.34592
2774437	Kindberg		AT	Steiermark	ort		5197	47.50000	15.45000
2890482	Kirchheim am Neckar		DE	Baden-Württemberg	ort		5193	49.04500	9.14222
2850496	Rangendingen		DE	Baden-Württemberg	ort		5187	48.38168	8.88940
2946206	Borkum		DE	Niedersachsen	ort		5186	53.58094	6.69153
2811611	Weitramsdorf		DE	Bayern	ort		5183	50.25600	10.87989
2898640	Horst		DE	Schleswig-Holstein	ort		5183	53.81195	9.62307
2841577	Sankt Johann		DE	Baden-Württemberg	ort		5181	48.45397	9.34396
2948287	Bischofsheim an der Rhön		DE	Bayern	ort		5181	50.40239	10.00751
2855024	Peitz		DE	Brandenburg	ort		5179	51.85841	14.41138
2841290	Satteldorf		DE	Baden-Württemberg	ort		5176	49.16953	10.07957
2903470	Hitzacker		DE	Niedersachsen	ort		5173	53.15254	11.04418
2939927	Colditz		DE	Sachsen	ort		5173	51.12821	12.80295
2810587	Weßling		DE	Bayern	ort		5172	48.07452	11.24820
2774894	Kalsdorf bei Graz		AT	Steiermark	ort		5171	46.96528	15.48028
2820458	Uelsen		DE	Niedersachsen	ort		5171	52.50000	6.88333
2894944	Jestetten		DE	Baden-Württemberg	ort		5171	47.65000	8.56667
2959343	Affing		DE	Bayern	ort		5171	48.46667	10.98333
2957834	Altenberg		DE	Sachsen	ort		5167	50.76556	13.75334
2844567	Rot am See		DE	Baden-Württemberg	ort		5166	49.25000	10.01667
2869361	Moosinning		DE	Bayern	ort		5166	48.27708	11.84446
2658449	Sumiswald		CH	Bern	ort		5159	47.02747	7.74526
2835220	Schwarmstedt		DE	Niedersachsen	ort		5159	52.67794	9.61767
2880597	Langquaid		DE	Bayern	ort		5159	48.82318	12.05134
2945055	Braunlage		DE	Niedersachsen	ort		5159	51.72651	10.61090
2867608	Munderkingen		DE	Baden-Württemberg	ort		5156	48.23568	9.64398
2930687	Elsterberg		DE	Sachsen	ort		5153	50.60841	12.16787
2858787	Oberthulba		DE	Bayern	ort		5151	50.19904	9.95882
2658240	Unterseen		CH	Bern	ort		5150	46.68530	7.84722
2924967	Freren		DE	Niedersachsen	ort		5150	52.48700	7.54313
2951258	Belgern		DE	Sachsen	ort		5148	51.48263	13.12382
2944879	Bredstedt		DE	Schleswig-Holstein	ort		5146	54.61868	8.96441
2658927	Rümlang		CH	Zürich	ort		5144	47.45041	8.52993
3209418	Reichenau		DE	Baden-Württemberg	ort		5144	47.68885	9.06355
2811614	Weitnau		DE	Bayern	ort		5143	47.64171	10.12732
2875067	Lunzenau		DE	Sachsen	ort		5138	50.96269	12.75594
2882265	Kusel		DE	Rheinland-Pfalz	ort		5134	49.53772	7.40472
2659289	Orbe		CH	Waadt	ort		5132	46.72504	6.53069
2782106	Axams		AT	Tirol	ort		5130	47.23111	11.27892
2915511	Großheubach		DE	Bayern	ort		5126	49.72834	9.22280
2921089	Geringswalde		DE	Sachsen	ort		5125	51.07677	12.90725
2908529	Hebertshausen		DE	Bayern	ort		5121	48.28959	11.46526
2837134	Schöllnach		DE	Bayern	ort		5120	48.75412	13.17781
2854737	Petersaurach		DE	Bayern	ort		5116	49.30000	10.75000
2843682	Rotthalmünster		DE	Bayern	ort		5115	48.35825	13.20162
2821558	Trappenkamp		DE	Schleswig-Holstein	ort		5113	54.03988	10.21496
2815032	Waldfischbach-Burgalben		DE	Rheinland-Pfalz	ort		5111	49.28333	7.66667
2878702	Lenzkirch		DE	Baden-Württemberg	ort		5111	47.86832	8.20211
2843775	Rottach-Egern		DE	Bayern	ort		5106	47.68966	11.77065
2808649	Wilhermsdorf		DE	Bayern	ort		5105	49.48308	10.71555
2925905	Forchtenberg		DE	Baden-Württemberg	ort		5105	49.28867	9.56026
2932756	Eibau		DE	Sachsen	ort		5103	50.98272	14.66214
2866022	Neudenau		DE	Baden-Württemberg	ort		5102	49.29181	9.26975
2861096	Oberding		DE	Bayern	ort		5101	48.31667	11.85000
11694981	Oberhaid		AT	Oberösterreich	stadtteil		5100	48.17593	14.01495
6294550	Uster / Ober-Uster		CH	Zürich	stadtteil	Zürich	5100	47.34874	8.73319
2815127	Waldbüttelbrunn		DE	Bayern	ort		5099	49.78833	9.84667
2661202	Châtel-Saint-Denis		CH	Freiburg	ort		5094	46.52691	6.90083
2868867	Mudau		DE	Baden-Württemberg	ort		5094	49.53444	9.20444
2814195	Wannweil		DE	Baden-Württemberg	ort		5092	48.51667	9.15000
2901348	Hohenwestedt		DE	Schleswig-Holstein	ort		5092	54.08886	9.65359
2913972	Gschwend		DE	Baden-Württemberg	ort		5092	48.93333	9.74436
2878773	Lensahn		DE	Schleswig-Holstein	ort		5085	54.21652	10.88326
2661698	Ascona		CH	Tessin	ort		5084	46.15451	8.77327
2772620	Leopoldsdorf		AT	Niederösterreich	ort		5078	48.11557	16.39126
3209001	Ebersbach		DE	Sachsen	ort		5077	51.23333	13.65000
2821975	Todtnau		DE	Baden-Württemberg	ort		5072	47.82941	7.94380
2933607	Eckersdorf		DE	Bayern	ort		5071	50.02874	11.39611
2943501	Bruckberg		DE	Bayern	ort		5071	48.52244	11.99448
2660253	Interlaken		CH	Bern	ort		5067	46.68387	7.86638
2869934	Mömlingen		DE	Bayern	ort		5066	49.85972	9.08333
2661644	Bad Ragaz		CH	St. Gallen	ort		5063	47.00601	9.50266
2959205	Ahlerstedt		DE	Niedersachsen	ort		5063	53.40000	9.45000
2660851	Estavayer-le-Lac		CH	Freiburg	ort		5061	46.84876	6.84650
2932992	Egling		DE	Bayern	ort		5061	47.92316	11.50517
2905881	Heroldsbach		DE	Bayern	ort		5058	49.69342	10.99882
2867229	Nackenheim		DE	Rheinland-Pfalz	ort		5054	49.91528	8.33889
2828723	Steinbach-Hallenberg		DE	Thüringen	ort		5053	50.69624	10.56541
2658793	Sargans		CH	St. Gallen	ort		5045	47.04896	9.44103
2867112	Nandlstadt		DE	Bayern	ort		5044	48.53644	11.80730
2910167	Hartenstein		DE	Sachsen	ort		5043	50.66236	12.66966
2850425	Ranstadt		DE	Hessen	ort		5042	50.35739	8.98375
2807335	Wittenburg		DE	Mecklenburg-Vorpommern	ort		5041	53.50599	11.08049
2890795	Kippenheim		DE	Baden-Württemberg	ort		5040	48.29564	7.82510
2764951	Sollenau		AT	Niederösterreich	ort		5038	47.89834	16.24833
2832884	Seubersdorf		DE	Bayern	ort		5035	49.16212	11.62714
2863441	Niederfischbach		DE	Rheinland-Pfalz	ort		5035	50.85000	7.86667
2660515	Greifensee		CH	Zürich	ort		5032	47.36717	8.68115
6291374	Wallisellen / Wallisellen-Ost		CH	Zürich	stadtteil	Zürich	5031	47.41446	8.59727
2939870	Contwig		DE	Rheinland-Pfalz	ort		5029	49.25000	7.43333
2879964	Lauter		DE	Sachsen	ort		5028	50.56264	12.73513
2660359	Herrliberg		CH	Zürich	ort		5025	47.29064	8.61464
2878140	Lichtenau		DE	Baden-Württemberg	ort		5023	48.72607	8.00486
2814888	Waldkappel		DE	Hessen	ort		5022	51.14462	9.87695
2858729	Oberviechtach		DE	Bayern	ort		5022	49.45809	12.41669
2870490	Mittenaar		DE	Hessen	ort		5020	50.70000	8.38333
2884667	Krauchenwies		DE	Baden-Württemberg	ort		5020	48.01651	9.24757
2953412	Bad Lauchstädt		DE	Sachsen-Anhalt	ort		5018	51.38652	11.86956
2805228	Zapfendorf		DE	Bayern	ort		5017	50.01783	10.93243
2881749	Lamme		DE	Niedersachsen	ort		5017	52.26921	10.44130
2867037	Nassau		DE	Rheinland-Pfalz	ort		5015	50.31453	7.80025
2848181	Rennertshofen		DE	Bayern	ort		5013	48.75943	11.04544
2892810	Karlshuld		DE	Bayern	ort		5012	48.68190	11.28503
2907983	Heideck		DE	Bayern	ort		5011	49.13365	11.12726
2821878	Tönning		DE	Schleswig-Holstein	ort		5008	54.31879	8.94234
2658061	Walenstadt		CH	St. Gallen	ort		5000	47.12411	9.31194
2661394	Brig		CH	Wallis	ort		5000	46.31667	7.98333
2944445	Breitscheid		DE	Hessen	ort		5000	50.68507	8.19120
6295509	Zürich (Kreis 8) / Seefeld		CH	Zürich	stadtteil	Zürich	4998	47.35462	8.55537
2921389	Gemmingen		DE	Baden-Württemberg	ort		4998	49.15639	8.98194
2879299	Leidersbach		DE	Bayern	ort		4997	49.90139	9.22167
2939370	Dahn		DE	Rheinland-Pfalz	ort		4994	49.15098	7.77843
2925053	Freinsheim		DE	Rheinland-Pfalz	ort		4989	49.50649	8.21186
2940416	Calberlah		DE	Niedersachsen	ort		4987	52.42074	10.62326
2849025	Reichertshausen		DE	Bayern	ort		4986	47.89882	11.55843
2862541	Nienstädt		DE	Niedersachsen	ort		4984	52.29242	9.16440
2806082	Wörth am Main		DE	Bayern	ort		4983	49.79720	9.15389
2959296	Aglasterhausen		DE	Baden-Württemberg	ort		4983	49.35694	8.98694
2660849	Ettingen		CH	Basel-Landschaft	ort		4980	47.48225	7.54654
2896727	Iffezheim		DE	Baden-Württemberg	ort		4980	48.82167	8.14310
2857172	Oppenau		DE	Baden-Württemberg	ort		4973	48.47332	8.15970
2878471	Letschin		DE	Brandenburg	ort		4973	52.64379	14.36007
2904791	Hilders		DE	Hessen	ort		4973	50.57190	10.00297
6619861	Hart bei Graz		AT	Steiermark	ort		4972	47.04311	15.51527
2660950	Echallens		CH	Waadt	ort		4972	46.64130	6.63317
2949975	Bernried		DE	Bayern	ort		4972	48.91667	12.88333
2950287	Bergrheinfeld		DE	Bayern	ort		4971	50.01028	10.18089
2939739	Crivitz		DE	Mecklenburg-Vorpommern	ort		4970	53.57316	11.65194
2870079	Molfsee		DE	Schleswig-Holstein	ort		4969	54.26667	10.06667
2779061	Gablitz		AT	Niederösterreich	ort		4968	48.22856	16.15437
2882224	Kutenholz		DE	Niedersachsen	ort		4964	53.48152	9.32118
2770391	Nüziders		AT	Vorarlberg	ort		4962	47.16667	9.80000
2658813	St. Moritz		CH	Graubünden	ort		4952	46.49937	9.84327
6295511	Zürich (Kreis 8) / Weinegg		CH	Zürich	stadtteil	Zürich	4951	47.35250	8.57011
2869792	Monheim		DE	Bayern	ort		4950	48.84389	10.85834
2776513	Henndorf am Wallersee		AT	Salzburg	ort		4947	47.90000	13.18333
2820101	Unkel		DE	Rheinland-Pfalz	ort		4938	50.59653	7.21888
2879434	Lehndorf		DE	Niedersachsen	stadtteil	Braunschweig	4933	52.27625	10.47924
2935597	Dörpen		DE	Niedersachsen	ort		4933	52.96469	7.32273
2659307	Oetwil		CH	Zürich	ort		4925	47.27049	8.72023
2810659	Wesendorf		DE	Niedersachsen	ort		4924	52.60000	10.53333
2660764	Flamatt		CH	Freiburg	ort		4922	46.88994	7.32204
2862825	Niederstotzingen		DE	Baden-Württemberg	ort		4920	48.54127	10.23505
2766155	Schärding		AT	Oberösterreich	ort		4919	48.45294	13.43722
2837064	Schönau		DE	Baden-Württemberg	ort		4918	49.43665	8.80880
2808043	Winhöring		DE	Bayern	ort		4917	48.26667	12.65000
2772645	Leobersdorf		AT	Niederösterreich	ort		4915	47.92796	16.21651
2958288	Allmersbach im Tal		DE	Baden-Württemberg	ort		4908	48.90659	9.46815
2928738	Estenfeld		DE	Bayern	ort		4907	49.82896	10.00588
2940669	Büsum		DE	Schleswig-Holstein	ort		4904	54.13398	8.85756
2808746	Wilhelmsdorf		DE	Baden-Württemberg	ort		4903	47.86612	9.42621
2815598	Wackersdorf		DE	Bayern	ort		4900	49.31667	12.18333
2781162	Bürmoos		AT	Salzburg	ort		4899	47.98343	12.91786
2820564	Übersee		DE	Bayern	ort		4896	47.81667	12.48333
6293356	Männedorf / Dorfkern		CH	Zürich	stadtteil	Zürich	4893	47.25612	8.69161
2659993	Lausen		CH	Basel-Landschaft	ort		4892	47.47139	7.76030
2820537	Uchte		DE	Niedersachsen	ort		4892	52.49975	8.90928
2909308	Haßmersheim		DE	Baden-Württemberg	ort		4892	49.30000	9.15000
2930528	Emmelshausen		DE	Rheinland-Pfalz	ort		4889	50.15484	7.55185
2661429	Boudry		CH	Neuenburg	ort		4886	46.94991	6.83757
2884625	Krautheim		DE	Baden-Württemberg	ort		4884	49.38789	9.63553
2873250	Marlow		DE	Mecklenburg-Vorpommern	ort		4881	54.15439	12.57261
12110953	Stadtkern		DE	Niedersachsen	stadtteil	Braunschweig	4881	52.26255	10.52062
2868842	Mügeln		DE	Sachsen	ort		4879	51.23619	13.04567
2833365	Seifhennersdorf		DE	Sachsen	ort		4878	50.93492	14.60194
2936933	Dingelstädt		DE	Thüringen	ort		4878	51.31529	10.31740
2903026	Hochspeyer		DE	Rheinland-Pfalz	ort		4877	49.44207	7.89504
2834416	Schweitenkirchen		DE	Bayern	ort		4876	48.50333	11.60451
2922085	Gefrees		DE	Bayern	ort		4876	50.09538	11.73772
2928868	Espenau		DE	Hessen	ort		4876	51.39664	9.47021
3209257	Kappel-Grafenhausen		DE	Baden-Württemberg	ort		4876	48.28382	7.76605
2843897	Röthlein		DE	Bayern	ort		4875	49.98333	10.21667
2939756	Creußen		DE	Bayern	ort		4871	49.84495	11.62683
2921522	Gelenau		DE	Sachsen	ort		4869	50.71151	12.96666
2660637	Gerlafingen		CH	Solothurn	ort		4864	47.17087	7.57249
2827336	Sternberg		DE	Mecklenburg-Vorpommern	ort		4863	53.71236	11.82678
2929855	Eppendorf		DE	Sachsen	ort		4863	50.80000	13.23333
3208325	Baar-Ebenhausen		DE	Bayern	ort		4862	48.67065	11.46983
2658749	Schattdorf		CH	Uri	ort		4860	46.86550	8.65465
2906222	Herbertingen		DE	Baden-Württemberg	ort		4856	48.06667	9.43333
2929506	Erlenbach		DE	Baden-Württemberg	ort		4853	49.17250	9.26833
2660951	Ebnat-Kappel		CH	St. Gallen	ort		4852	47.26195	9.12473
2905991	Herrmannshöhe		DE	Niedersachsen	stadtteil	Braunschweig	4852	52.25000	10.50000
2807852	Winnweiler		DE	Rheinland-Pfalz	ort		4850	49.56667	7.85000
2660747	Flums		CH	St. Gallen	ort		4848	47.09058	9.34301
2929708	Erdmannhausen		DE	Baden-Württemberg	ort		4848	48.94256	9.29615
2661691	Au		CH	Zürich	ort		4844	47.24185	8.64406
2812067	Weismain		DE	Bayern	ort		4840	50.08512	11.24024
11694980	Laahen		AT	Oberösterreich	stadtteil		4836	48.17192	14.00637
2661533	Bettlach		CH	Solothurn	ort		4834	47.20062	7.42405
2878878	Lengefeld		DE	Sachsen	ort		4834	50.71911	13.19290
2956847	Altshausen		DE	Baden-Württemberg	ort		4832	47.93333	9.53333
2898483	Hosenfeld		DE	Hessen	ort		4831	50.50502	9.47966
2779685	Feldbach		AT	Steiermark	ort		4829	46.95306	15.88833
2934286	Dürrröhrsdorf		DE	Sachsen	ort		4829	51.03395	13.99718
2939767	Creglingen		DE	Baden-Württemberg	ort		4828	49.46937	10.03119
2856159	Ötisheim		DE	Baden-Württemberg	ort		4827	48.96667	8.80000
2924983	Frensdorf		DE	Bayern	ort		4827	49.81667	10.86667
2768465	Pottschach		AT	Niederösterreich	ort		4826	47.69856	16.00725
2904543	Himmelpforten		DE	Niedersachsen	ort		4820	53.61413	9.30516
2873011	Maßbach		DE	Bayern	ort		4819	50.18321	10.27522
2875631	Lübars		DE	Berlin	stadtteil	Berlin	4817	52.61591	13.35350
2885910	Königsbrück		DE	Sachsen	ort		4815	51.26451	13.90540
2853200	Pliening		DE	Bayern	ort		4812	48.19556	11.80069
2882563	Kumhausen		DE	Bayern	ort		4812	48.50938	12.15637
2858999	Obersontheim		DE	Baden-Württemberg	ort		4810	49.05667	9.89917
2837788	Schmiedeberg		DE	Sachsen	ort		4806	50.83644	13.67622
2839726	Schenklengsfeld		DE	Hessen	ort		4806	50.81667	9.85000
2851615	Putbus		DE	Mecklenburg-Vorpommern	ort		4803	54.35511	13.47634
2908273	Heeslingen		DE	Niedersachsen	ort		4803	53.31667	9.33333
2935633	Dornum		DE	Niedersachsen	ort		4796	53.64648	7.42957
11591766	Eggendorf		AT	Niederösterreich	ort		4794	47.85809	16.32182
2863088	Niedernberg		DE	Bayern	ort		4793	49.91222	9.13694
2916839	Großdubrau		DE	Sachsen	ort		4793	51.25422	14.45897
2849875	Rauschenberg		DE	Hessen	ort		4790	50.88329	8.91864
2957468	Altenstadt		DE	Bayern	ort		4790	48.16030	10.11437
2941107	Burg Stargard		DE	Mecklenburg-Vorpommern	ort		4780	53.49582	13.31122
2825180	Suderburg		DE	Niedersachsen	ort		4778	52.89586	10.45141
2773010	Langenlois		AT	Niederösterreich	ort		4777	48.46667	15.66667
2773229	Laa an der Thaya		AT	Niederösterreich	ort		4777	48.71667	16.38333
2952842	Barbing		DE	Bayern	ort		4776	49.00000	12.20000
2661496	Birmensdorf		CH	Zürich	ort		4772	47.35515	8.44256
2911099	Hammersbach		DE	Hessen	ort		4772	50.21667	8.98333
2839916	Scheinfeld		DE	Bayern	ort		4770	49.66931	10.46554
2854149	Pfeffenhausen		DE	Bayern	ort		4770	48.66466	11.96594
2813914	Warthausen		DE	Baden-Württemberg	ort		4769	48.12863	9.79749
2658626	Sennwald		CH	St. Gallen	ort		4768	47.26063	9.50268
2660309	Hombrechtikon		CH	Zürich	ort		4767	47.25298	8.77212
6295147	Veltheim (Kreis 5) / Rosenberg		CH	Zürich	stadtteil	Winterthur	4765	47.51386	8.71583
2875430	Lüdersdorf		DE	Mecklenburg-Vorpommern	ort		4764	53.86835	11.74902
2812469	Weinbach		DE	Hessen	ort		4763	50.43843	8.29133
2809191	Wiesentheid		DE	Bayern	ort		4759	49.79451	10.34509
2855068	Pegau		DE	Sachsen	ort		4759	51.16715	12.25144
2875978	Lonsee		DE	Baden-Württemberg	ort		4759	48.54340	9.91999
2824316	Talheim		DE	Baden-Württemberg	ort		4758	49.08333	9.19306
2833269	Selbitz		DE	Bayern	ort		4758	50.31702	11.75019
2864420	Neunkirchen am Sand		DE	Bayern	ort		4758	49.52464	11.31955
2868531	Mühlberg		DE	Brandenburg	ort		4758	51.43453	13.22177
2861374	Oberaudorf		DE	Bayern	ort		4756	47.64822	12.17242
2770651	Neustift im Stubaital		AT	Tirol	ort		4747	47.11667	11.31667
2917060	Großaitingen		DE	Bayern	ort		4747	48.22753	10.77948
2660030	Langnau / Langnau (Dorf)		CH	Zürich	stadtteil	Zürich	4745	47.28643	8.53627
2933857	Ebhausen		DE	Baden-Württemberg	ort		4744	48.58333	8.68333
2925665	Frammersbach		DE	Bayern	ort		4737	50.06468	9.46888
2851262	Rabenau		DE	Sachsen	ort		4735	50.96484	13.64305
2958376	Allershausen		DE	Bayern	ort		4734	48.43333	11.60000
2926654	Fischach		DE	Bayern	ort		4733	48.29047	10.65592
2658706	Schönenwerd		CH	Solothurn	ort		4732	47.36910	8.00167
2910048	Hartmannsdorf		DE	Sachsen	ort		4732	50.88635	12.79904
2950635	Bergen		DE	Bayern	ort		4731	47.80837	12.58982
2778455	Gloggnitz		AT	Niederösterreich	ort		4730	47.67487	15.93893
2828907	Steinach		DE	Thüringen	ort		4729	50.43129	11.15909
2822930	Thedinghausen		DE	Niedersachsen	ort		4727	52.96667	9.01667
2907018	Helbra		DE	Sachsen-Anhalt	ort		4723	51.55000	11.50000
2953544	Bad Berneck im Fichtelgebirge		DE	Bayern	ort		4723	50.04564	11.67238
12110955	Schwarzer Berg		DE	Niedersachsen	stadtteil	Braunschweig	4721	52.28989	10.51201
2923439	Gablingen		DE	Bayern	ort		4707	48.45000	10.81667
2939710	Crottendorf		DE	Sachsen	ort		4705	50.51667	12.95000
2869325	Moosthenning		DE	Bayern	ort		4700	48.67659	12.49737
6639664	Préverenges		CH	Waadt	ort		4695	46.51854	6.52682
2824229	Tann		DE	Hessen	ort		4695	50.64284	10.02385
2911514	Hallenberg		DE	Nordrhein-Westfalen	ort		4694	51.11115	8.62008
2882141	Laage		DE	Mecklenburg-Vorpommern	ort		4692	53.92560	12.34694
2766643	Sankt Johann im Pongau		AT	Salzburg	ort		4690	47.35000	13.20000
2769242	Parndorf		AT	Burgenland	ort		4689	47.99963	16.86049
2779548	Fischamend-Markt		AT	Niederösterreich	stadtteil	Wien	4688	48.11667	16.60000
2898004	Hügelsheim		DE	Baden-Württemberg	ort		4688	48.80000	8.11667
2658053	Wangen		CH	Solothurn	ort		4686	47.34365	7.86982
2818754	Unterschneidheim		DE	Baden-Württemberg	ort		4684	48.93333	10.36667
2860510	Oberhaid		DE	Bayern	ort		4680	50.12614	11.80514
2911940	Haimhausen		DE	Bayern	ort		4680	48.31545	11.55453
2815739	Wachenheim		DE	Rheinland-Pfalz	ort		4678	49.44045	8.18041
2824742	Sulzfeld		DE	Baden-Württemberg	ort		4677	49.10472	8.85583
2949970	Bernsbach		DE	Sachsen	ort		4676	50.57624	12.76751
2778439	Gmünd		AT	Niederösterreich	ort		4674	48.76830	14.98080
2827965	Steinhöfel		DE	Brandenburg	ort		4672	52.40000	14.16667
2661024	Dielsdorf		CH	Zürich	ort		4671	47.48146	8.45850
2823515	Tengen		DE	Baden-Württemberg	ort		4670	47.82128	8.66117
2870996	Mintraching		DE	Bayern	ort		4668	48.95357	12.24209
2840936	Schacht-Audorf		DE	Schleswig-Holstein	ort		4667	54.31282	9.71586
2903290	Hochdorf		DE	Baden-Württemberg	ort		4665	48.69283	9.46494
2871680	Merzhausen		DE	Baden-Württemberg	ort		4663	47.96667	7.83333
2899040	Horgenzell		DE	Baden-Württemberg	ort		4663	47.80534	9.49727
2892808	Karlskron		DE	Bayern	ort		4661	48.68333	11.41667
2915191	Groß Pankow		DE	Brandenburg	ort		4661	53.11952	12.04975
2877171	Lindhorst		DE	Niedersachsen	ort		4658	52.35789	9.28319
2907459	Heimbach		DE	Nordrhein-Westfalen	ort		4658	50.63693	6.46896
2772635	Leonding		AT	Oberösterreich	ort		4657	48.27965	14.25330
2809065	Wiggensbach		DE	Bayern	ort		4656	47.74781	10.22987
3206154	Böbingen an der Rems		DE	Baden-Württemberg	ort		4655	48.81955	9.92130
2852198	Pressath		DE	Bayern	ort		4654	49.76859	11.93972
2762315	Völkermarkt		AT	Kärnten	ort		4653	46.66222	14.63444
2658919	Rüschlikon		CH	Zürich	ort		4653	47.30688	8.55135
2659700	Meiringen		CH	Bern	ort		4652	46.72709	8.18720
2843741	Röttenbach		DE	Bayern	ort		4649	49.66429	10.92607
2877942	Liebenwalde		DE	Brandenburg	ort		4649	52.87125	13.39465
3205000	Barby		DE	Sachsen-Anhalt	ort		4646	51.96711	11.88261
2896689	Igensdorf		DE	Bayern	ort		4645	49.62322	11.23137
2660281	Huttwil		CH	Bern	ort		4643	47.11502	7.86209
2944599	Breitengüßbach		DE	Bayern	ort		4643	49.97209	10.88591
2953540	Bad Bocklet		DE	Bayern	ort		4642	50.26648	10.07902
2876117	Lohsa		DE	Sachsen	ort		4641	51.38333	14.40000
2920939	Gersdorf		DE	Sachsen	ort		4637	50.75000	12.71667
2953403	Bad Meinberg		DE	Nordrhein-Westfalen	stadtteil	Detmold	4636	51.89588	8.98313
2815048	Waldershof		DE	Bayern	ort		4634	49.98144	12.06291
2837117	Schömberg		DE	Baden-Württemberg	ort		4633	48.20997	8.75949
2946373	Boostedt		DE	Schleswig-Holstein	ort		4630	54.01667	10.03333
2943074	Brunnthal		DE	Bayern	ort		4628	48.00652	11.68405
2959140	Ahorn		DE	Bayern	ort		4624	50.23762	10.95417
2959368	Affalterbach		DE	Baden-Württemberg	ort		4623	48.92267	9.32362
2847595	Rheinzabern		DE	Rheinland-Pfalz	ort		4620	49.11806	8.27806
2658176	Vechigen		CH	Bern	ort		4619	46.94616	7.56065
2769625	Oberwaltersdorf		AT	Niederösterreich	ort		4618	47.97567	16.32191
6295078	Stadt Winterthur (Kreis 1) / Lind		CH	Zürich	stadtteil	Winterthur	4617	47.50571	8.73372
2941271	Burgheim		DE	Bayern	ort		4616	48.70035	11.01599
2659550	Münchwilen		CH	Thurgau	ort		4612	47.47719	8.99677
2936616	Doberschütz		DE	Sachsen	ort		4612	51.49870	12.74792
8740442	Längenfeld		AT	Tirol	ort		4611	47.07398	10.96951
2659311	Oensingen		CH	Solothurn	ort		4609	47.28764	7.71612
2880215	Lauchheim		DE	Baden-Württemberg	ort		4609	48.87135	10.24222
2951232	Bellenberg		DE	Bayern	ort		4607	48.25726	10.09094
2920104	Glashütte		DE	Sachsen	ort		4601	50.85196	13.77977
2849347	Rehfelde		DE	Brandenburg	ort		4600	52.53417	13.90884
2847655	Rheinbreitbach		DE	Rheinland-Pfalz	ort		4598	50.61667	7.23333
2815074	Waldenburg		DE	Sachsen	ort		4597	50.87653	12.59919
2953366	Bad Saarow		DE	Brandenburg	ort		4594	52.28333	14.06667
2916966	Groß-Bieberau		DE	Hessen	ort		4593	49.80064	8.82430
2806072	Wörthsee		DE	Bayern	ort		4589	48.07250	11.20175
2897431	Hungen		DE	Hessen	ort		4588	50.47368	8.89326
2771305	Möllersdorf		AT	Niederösterreich	ort		4587	48.02575	16.30508
2824787	Sulzberg		DE	Bayern	ort		4587	47.66033	10.34991
2918911	Görwihl		DE	Baden-Württemberg	ort		4587	47.64275	8.07482
2660716	Frick		CH	Aargau	ort		4583	47.51169	8.02471
2907594	Heiligengrabe		DE	Brandenburg	ort		4581	53.14461	12.36254
3205653	Emmingen-Liptingen		DE	Baden-Württemberg	ort		4580	47.93333	8.88333
2845559	Röhrnbach		DE	Bayern	ort		4579	48.73859	13.52271
2773863	Koblach		AT	Vorarlberg	ort		4577	47.33306	9.60000
2910762	Hanstedt		DE	Niedersachsen	ort		4574	53.26667	10.01667
11903598	Vasoldsberg		AT	Steiermark	ort		4572	47.01634	15.55835
2853900	Philippsthal		DE	Hessen	ort		4570	50.83948	10.00906
2865642	Neuenkirchen		DE	Niedersachsen	ort		4569	52.13778	8.38835
2912534	Hagenburg		DE	Niedersachsen	ort		4569	52.43367	9.32473
2819710	Unterensingen		DE	Baden-Württemberg	ort		4565	48.65452	9.35799
2941156	Burgsolms		DE	Hessen	stadtteil	Wetzlar	4565	50.54191	8.40411
2770803	Neudörfl		AT	Burgenland	ort		4564	47.79655	16.29770
2881508	Landsberg		DE	Sachsen-Anhalt	ort		4563	51.52698	12.16076
2660117	Konolfingen		CH	Bern	ort		4562	46.87909	7.62013
2953178	Baindt		DE	Baden-Württemberg	ort		4561	47.85000	9.66667
3208380	Wörth		DE	Bayern	ort		4559	48.24531	11.90214
2910344	Harpstedt		DE	Niedersachsen	ort		4558	52.90942	8.58962
2958296	Allmendingen		DE	Baden-Württemberg	ort		4556	48.33052	9.72419
2936796	Dischingen		DE	Baden-Württemberg	ort		4552	48.70000	10.36667
2815782	Wachau		DE	Sachsen	ort		4551	51.16172	13.90651
2809362	Wiesau		DE	Bayern	ort		4550	49.90817	12.18889
2850161	Rattelsdorf		DE	Bayern	ort		4550	50.01502	10.88857
2858712	Heidstock		DE	Saarland	ort		4550	49.25571	6.88156
11002721	Röchling-Höhe		DE	Saarland	ort		4550	49.27102	6.83457
2941502	Burg		DE	Brandenburg	ort		4549	51.83448	14.14856
2813935	Wartenberg		DE	Bayern	ort		4548	48.40597	11.98865
2818027	Uttenreuth		DE	Bayern	ort		4545	49.59675	11.07216
2949221	Biederitz		DE	Sachsen-Anhalt	ort		4545	52.15000	11.71667
3205561	Oy-Mittelberg		DE	Bayern	ort		4544	47.63333	10.43333
2661360	Bubendorf		CH	Basel-Landschaft	ort		4543	47.44586	7.73759
2874006	Mammendorf		DE	Bayern	ort		4540	48.20836	11.16326
2863782	Neuzelle		DE	Brandenburg	ort		4539	52.09016	14.64804
2910108	Hartheim		DE	Baden-Württemberg	ort		4538	47.93333	7.63333
2884451	Kreischa		DE	Sachsen	ort		4537	50.94534	13.75514
2816796	Vogt		DE	Baden-Württemberg	ort		4534	47.76667	9.76667
2873022	Maselheim		DE	Baden-Württemberg	ort		4534	48.13333	9.88333
2661555	Berikon		CH	Aargau	ort		4527	47.35155	8.37232
2862621	Nienburg/Saale		DE	Sachsen-Anhalt	ort		4527	51.83747	11.76979
2921226	Gerabronn		DE	Baden-Württemberg	ort		4527	48.97071	9.91986
2875512	Lucka		DE	Thüringen	ort		4526	51.09727	12.33336
2806080	Wörth an der Donau		DE	Bayern	ort		4524	49.00093	12.40539
2658256	Ehrendingen		CH	Aargau	ort		4519	47.50250	8.34729
2660872	Erlenbach		CH	Zürich	ort		4519	47.30298	8.59743
2843497	Rückersdorf		DE	Bayern	ort		4518	49.49757	11.24751
2806353	Wöllstein		DE	Rheinland-Pfalz	ort		4516	49.81667	7.96667
2942930	Bubenreuth		DE	Bayern	ort		4516	49.62745	11.01723
2777972	Grieskirchen		AT	Oberösterreich	ort		4515	48.23333	13.83333
3205634	Seeon-Seebruck		DE	Bayern	ort		4513	47.96667	12.46667
11704365	Völkermarkter Vorstadt		AT	Kärnten	stadtteil	Klagenfurt am Wörthersee	4511	46.62418	14.32081
2658894	Sachseln		CH	Obwalden	ort		4511	46.86718	8.23344
2943425	Bruck in der Oberpfalz		DE	Bayern	ort		4510	49.24927	12.30710
2768472	Pottendorf		AT	Niederösterreich	ort		4508	47.90000	16.38333
2762391	Viehofen		AT	Niederösterreich	stadtteil		4507	48.21667	15.61667
2953550	Badbergen		DE	Niedersachsen	ort		4507	52.63333	7.98333
2817679	Velpke		DE	Niedersachsen	ort		4506	52.40797	10.93637
2952335	Baruth		DE	Brandenburg	ort		4505	52.04468	13.50270
2940127	Chieming		DE	Bayern	ort		4503	47.89258	12.54012
2774390	Kirchdorf an der Krems		AT	Oberösterreich	ort		4502	47.90558	14.12228
2822522	Thurnau		DE	Bayern	ort		4502	50.02542	11.39348
2876194	Löhnberg		DE	Hessen	ort		4502	50.51299	8.27202
2939650	Daaden		DE	Rheinland-Pfalz	ort		4499	50.73333	7.96667
2782627	Altmünster		AT	Oberösterreich	ort		4496	47.90219	13.76415
2829760	Stadtlauringen		DE	Bayern	ort		4496	50.18708	10.36164
2864749	Neukirchen		DE	Sachsen	ort		4492	50.80188	12.38416
2829130	Stegen		DE	Baden-Württemberg	ort		4490	47.98333	7.96667
2661380	Bronschhofen		CH	St. Gallen	ort		4489	47.47835	9.03454
2910863	Hankensbüttel		DE	Niedersachsen	ort		4487	52.73333	10.60000
2658982	Romont		CH	Freiburg	ort		4483	46.69652	6.91898
2898876	Hornberg		DE	Baden-Württemberg	ort		4482	48.21068	8.23275
2864324	Neureichenau		DE	Bayern	ort		4480	48.74861	13.74699
11670102	Fronreute		DE	Baden-Württemberg	ort		4478	47.87053	9.56944
2812568	Weilerbach		DE	Rheinland-Pfalz	ort		4476	49.48333	7.63333
2855467	Pappenheim		DE	Bayern	ort		4476	48.93383	10.97431
2890646	Kirchberg an der Jagst		DE	Baden-Württemberg	ort		4476	49.20056	9.98226
2846790	Rietz Neuendorf		DE	Brandenburg	ort		4473	52.22758	14.17463
2913587	Güntersleben		DE	Bayern	ort		4472	49.86972	9.90500
2658502	Stansstad		CH	Nidwalden	ort		4471	46.97680	8.33553
2928116	Fahrenzhausen		DE	Bayern	ort		4466	48.35317	11.55521
2760610	Zeltweg		AT	Steiermark	ort		4463	47.18333	14.75000
2658862	Saint-Prex		CH	Waadt	ort		4461	46.47963	6.45992
2867763	Müllrose		DE	Brandenburg	ort		4461	52.24736	14.41794
2660170	Kerzers		CH	Freiburg	ort		4459	46.97586	7.19570
2827602	Steißlingen		DE	Baden-Württemberg	ort		4457	47.80000	8.93333
2770727	Neumarkt am Wallersee		AT	Salzburg	ort		4456	47.95000	13.23333
2909226	Hattorf		DE	Niedersachsen	ort		4456	51.65035	10.23681
2959793	Abstatt		DE	Baden-Württemberg	ort		4456	49.06820	9.29070
2839748	Schenkendöbern		DE	Brandenburg	ort		4455	51.95723	14.63541
2901405	Hohentengen		DE	Baden-Württemberg	ort		4453	48.02946	9.37739
2843272	Rühen		DE	Niedersachsen	ort		4452	52.48560	10.88642
2924862	Freyburg		DE	Sachsen-Anhalt	ort		4451	51.21362	11.76804
2958835	Aindling		DE	Bayern	ort		4451	48.51360	10.95315
2807068	Wohldorf-Ohlstedt		DE	Hamburg	stadtteil	Norderstedt	4450	53.69282	10.13117
2839527	Scheyern		DE	Bayern	ort		4450	48.50000	11.46667
2866304	Netzschkau		DE	Sachsen	ort		4448	50.61411	12.24382
12110932	Altes Hochschulviertel		DE	Niedersachsen	stadtteil	Braunschweig	4444	52.27358	10.52747
2808413	Wilster		DE	Schleswig-Holstein	ort		4443	53.92253	9.37465
2660701	Füllinsdorf		CH	Basel-Landschaft	ort		4442	47.50688	7.73129
2807279	Wittgensdorf		DE	Sachsen	ort		4440	50.88316	12.87031
2852154	Pretzschendorf		DE	Sachsen	ort		4440	50.87385	13.52499
2823682	Tegernheim		DE	Bayern	ort		4439	49.02394	12.17303
3272454	Stadecken-Elsheim		DE	Rheinland-Pfalz	ort		4438	49.91222	8.12528
2808204	Windhagen		DE	Rheinland-Pfalz	ort		4433	50.64121	7.35352
2840117	Schechen		DE	Bayern	ort		4430	47.92911	12.12393
2924186	Frontenhausen		DE	Bayern	ort		4430	48.54628	12.53118
2805396	Wyk auf Föhr		DE	Schleswig-Holstein	ort		4429	54.69140	8.56702
2881921	Lähden		DE	Niedersachsen	ort		4429	52.74547	7.57036
2913425	Gutach im Breisgau		DE	Baden-Württemberg	ort		4429	48.11667	7.98333
3208552	Jarplund-Weding		DE	Schleswig-Holstein	ort		4429	54.73714	9.41813
2909944	Harzgerode		DE	Sachsen-Anhalt	ort		4428	51.64189	11.14330
2958028	Altdorf		DE	Baden-Württemberg	ort		4426	48.63112	8.99626
2658989	Rolle		CH	Waadt	ort		4425	46.45820	6.33499
2657900	Zumikon		CH	Zürich	ort		4424	47.33158	8.62271
2920812	Gessertshausen		DE	Bayern	ort		4424	48.32904	10.73278
2949482	Beverstedt		DE	Niedersachsen	ort		4423	53.43413	8.81915
2849145	Reichenbach		DE	Sachsen	ort		4422	51.14144	14.80270
2935326	Dransfeld		DE	Niedersachsen	ort		4422	51.49910	9.76179
2824572	Surwold		DE	Niedersachsen	ort		4421	52.97800	7.51534
2874486	Mahlberg		DE	Baden-Württemberg	ort		4421	48.28639	7.81411
2834081	Seckach		DE	Baden-Württemberg	ort		4420	49.44222	9.33417
2659703	Meilen		CH	Zürich	ort		4419	47.27232	8.64617
2896613	Ihrlerstein		DE	Bayern	ort		4419	48.93333	11.86667
2659358	Oberrieden		CH	Zürich	ort		4413	47.27444	8.57838
2895882	Iphofen		DE	Bayern	ort		4413	49.70239	10.26037
2661110	Cortaillod		CH	Neuenburg	ort		4410	46.94306	6.84440
2873400	Markersdorf		DE	Sachsen	ort		4408	51.13333	14.88333
2658623	Seon		CH	Aargau	ort		4407	47.34848	8.16072
2842144	Salzhausen		DE	Niedersachsen	ort		4406	53.22339	10.16981
2885016	Kraftsdorf		DE	Thüringen	ort		4403	50.87574	11.92944
2804882	Zell		DE	Rheinland-Pfalz	ort		4402	50.02918	7.18232
2844579	Rot		DE	Baden-Württemberg	ort		4402	47.92278	9.10485
2814297	Wanfried		DE	Hessen	ort		4398	51.18207	10.17283
2928408	Eurasburg		DE	Bayern	ort		4397	47.85389	11.40587
2873343	Marklohe		DE	Niedersachsen	ort		4396	52.66857	9.14219
2847198	Riederich		DE	Baden-Württemberg	ort		4395	48.56029	9.26883
2931424	Eisingen		DE	Baden-Württemberg	ort		4393	48.95000	8.66667
2658613	Sevelen		CH	St. Gallen	ort		4392	47.12213	9.48601
2856217	Ostrau		DE	Sachsen	ort		4390	51.20639	12.88421
2856162	Ötigheim		DE	Baden-Württemberg	ort		4386	48.89085	8.23442
2856038	Otterfing		DE	Bayern	ort		4383	47.90898	11.67546
2920652	Giebelstadt		DE	Bayern	ort		4379	49.65308	9.94441
2771581	Mils bei Solbad Hall		AT	Tirol	ort		4377	47.28333	11.53333
6292591	Wetzikon / Kempten		CH	Zürich	stadtteil	Zürich	4377	47.33319	8.80982
2773848	Köflach		AT	Steiermark	ort		4375	47.06667	15.08333
2837569	Schnaittenbach		DE	Bayern	ort		4375	49.54692	12.00184
2920348	Gingen an der Fils		DE	Baden-Württemberg	ort		4365	48.65979	9.78092
2949489	Bevern		DE	Niedersachsen	ort		4363	51.85826	9.49408
2930248	Engelsbrand		DE	Baden-Württemberg	ort		4361	48.83333	8.65000
2806474	Wolkenstein		DE	Sachsen	ort		4359	50.65552	13.07132
2770885	Nenzing		AT	Vorarlberg	ort		4357	47.18436	9.70539
2833800	Seehausen		DE	Sachsen-Anhalt	ort		4355	52.88872	11.75236
2824285	Tambach-Dietharz		DE	Thüringen	ort		4354	50.79245	10.61568
2658123	Villeneuve		CH	Waadt	ort		4349	46.39869	6.92654
2658469	Strengelbach		CH	Aargau	ort		4349	47.27917	7.92895
2870143	Möhrendorf		DE	Bayern	ort		4349	49.63333	11.00000
2773691	Kössen		AT	Tirol	ort		4346	47.66990	12.40545
3208324	Asbach-Bäumenheim		DE	Bayern	ort		4346	48.68333	10.81667
2893983	Kaisheim		DE	Bayern	ort		4344	48.76751	10.79639
2659569	Moudon		CH	Waadt	ort		4343	46.66758	6.79781
2779640	Ferlach		AT	Kärnten	ort		4342	46.52694	14.30194
2941151	Bürgstadt		DE	Bayern	ort		4342	49.71476	9.26916
2658597	Sigriswil		CH	Bern	ort		4341	46.71656	7.71335
2660426	Hägendorf		CH	Solothurn	ort		4338	47.33497	7.84133
2871573	Metten		DE	Bayern	ort		4335	48.85512	12.91554
2863643	Niederau		DE	Sachsen	ort		4334	51.17730	13.54563
2870687	Mittelherwigsdorf		DE	Sachsen	ort		4334	50.91667	14.76667
2882347	Kürnach		DE	Bayern	ort		4332	49.85000	10.03333
2659597	Morbio Inferiore		CH	Tessin	ort		4331	45.84915	9.01907
2915147	Großreuth bei Schweinau		DE	Bayern	stadtteil	Nürnberg	4331	49.43449	11.02273
2857756	Ofterdingen		DE	Baden-Württemberg	ort		4329	48.41667	9.03333
2931024	Ellerbek		DE	Schleswig-Holstein	ort		4326	53.65817	9.86991
2941497	Burg		DE	Schleswig-Holstein	ort		4321	53.99708	9.25891
2895898	Inzell		DE	Bayern	ort		4320	47.76302	12.75146
2929626	Eriskirch		DE	Baden-Württemberg	ort		4319	47.62479	9.54197
2878948	Lemberg		DE	Rheinland-Pfalz	ort		4317	49.17309	7.65111
2919812	Glonn		DE	Bayern	ort		4317	47.98751	11.86721
2866075	Neuburg		DE	Bayern	ort		4313	48.50654	13.44718
2760772	Ybbs an der Donau		AT	Niederösterreich	ort		4310	48.16667	15.08333
2866990	Nastätten		DE	Rheinland-Pfalz	ort		4310	50.19883	7.85892
7284134	Schelfstadt		DE	Mecklenburg-Vorpommern	stadtteil	Schwerin	4308	53.63382	11.41711
2863083	Niederndodeleben		DE	Sachsen-Anhalt	ort		4307	52.13416	11.50085
2773045	Landskron		AT	Kärnten	ort		4304	46.61667	13.88333
2858811	Oberteuringen		DE	Baden-Württemberg	ort		4304	47.72409	9.46979
2874039	Malsfeld		DE	Hessen	ort		4301	51.09083	9.53889
11694974	Bernardin		AT	Oberösterreich	stadtteil		4300	48.16042	14.00834
2857159	Oppenweiler		DE	Baden-Württemberg	ort		4295	48.98270	9.45850
2763742	Thalheim bei Wels		AT	Oberösterreich	ort		4294	48.15000	14.03333
2927464	Feldafing		DE	Bayern	ort		4293	47.94602	11.29326
2953318	Bad Wiessee		DE	Bayern	ort		4293	47.71667	11.71667
2958577	Aldersbach		DE	Bayern	ort		4293	48.58972	13.08971
2779663	Felixdorf		AT	Niederösterreich	ort		4292	47.88159	16.24208
2938441	Deining		DE	Bayern	ort		4289	49.22556	11.53968
6295166	Wülflingen (Kreis 6) / Oberfeld		CH	Zürich	stadtteil	Winterthur	4288	47.49873	8.69897
2838240	Schlotheim		DE	Thüringen	ort		4288	51.24643	10.65842
2955007	Aßling		DE	Bayern	ort		4288	47.99297	12.00643
2779595	Fieberbrunn		AT	Tirol	ort		4287	47.47626	12.54347
2660550	Gossau		CH	Zürich	ort		4287	47.30510	8.75831
2958707	Albershausen		DE	Baden-Württemberg	ort		4286	48.69136	9.56493
2878290	Leutersdorf		DE	Sachsen	ort		4284	50.95000	14.65000
2853071	Pockau		DE	Sachsen	ort		4283	50.70000	13.23333
2762079	Waidhofen an der Thaya		AT	Niederösterreich	ort		4280	48.81667	15.28333
2890662	Kirchberg		DE	Bayern	ort		4279	48.90006	13.18200
2659963	Le Landeron		CH	Neuenburg	ort		4278	47.05702	7.07052
2809444	Wienhausen		DE	Niedersachsen	ort		4278	52.58021	10.18862
2852190	Pressig		DE	Bayern	ort		4277	50.35245	11.30969
2866087	Neubukow		DE	Mecklenburg-Vorpommern	ort		4276	54.03177	11.67391
2858149	Odelzhausen		DE	Bayern	ort		4275	48.30889	11.19889
2915563	Großhabersdorf		DE	Bayern	ort		4274	49.40000	10.78333
2861695	Nüdlingen		DE	Bayern	ort		4273	50.22063	10.12296
2930850	Elmenhorst		DE	Mecklenburg-Vorpommern	ort		4273	54.15583	12.01084
3205645	Bodman-Ludwigshafen		DE	Baden-Württemberg	ort		4272	47.81817	9.05540
2822368	Tiefenort		DE	Thüringen	ort		4268	50.83946	10.16604
2924917	Freudenberg		DE	Bayern	ort		4268	49.48333	11.98333
2765508	Schwanenstadt		AT	Oberösterreich	ort		4264	48.05537	13.77505
2817694	Vellberg		DE	Baden-Württemberg	ort		4264	49.08430	9.87914
2957108	Althütte		DE	Baden-Württemberg	ort		4263	48.91565	9.56984
2837096	Schonach im Schwarzwald		DE	Baden-Württemberg	ort		4259	48.14229	8.20289
2820179	Ummendorf		DE	Baden-Württemberg	ort		4254	48.06667	9.83333
2821418	Trebsen		DE	Sachsen	ort		4244	51.28898	12.75496
2856194	Seeheilbad Graal-Müritz		DE	Mecklenburg-Vorpommern	ort		4242	54.25124	12.25139
2953350	Bad Schmiedeberg		DE	Sachsen-Anhalt	ort		4241	51.68516	12.73483
2811348	Welzow		DE	Brandenburg	ort		4240	51.58381	14.17082
2876044	Loitz		DE	Mecklenburg-Vorpommern	ort		4236	53.44205	13.38802
2936497	Döhlau		DE	Bayern	ort		4235	50.28333	11.95000
2866175	Neubeuern		DE	Bayern	ort		4234	47.77368	12.14002
2826033	Strehla		DE	Sachsen	ort		4231	51.35248	13.22660
2764812	Spielberg bei Knittelfeld		AT	Steiermark	ort		4228	47.21667	14.78333
2657889	Zuzwil		CH	St. Gallen	ort		4226	47.47452	9.11196
2660892	Ennetbürgen		CH	Nidwalden	ort		4226	46.98423	8.41003
2659691	Mellingen		CH	Aargau	ort		4224	47.41903	8.27331
2939442	Dahlem		DE	Nordrhein-Westfalen	ort		4221	50.38607	6.54768
2957543	Altenmarkt		DE	Bayern	ort		4219	47.77960	12.13560
2782673	Altenmarkt im Pongau		AT	Salzburg	ort		4218	47.38333	13.41667
2847658	Rheinböllen		DE	Rheinland-Pfalz	ort		4218	50.01127	7.67249
2913449	Güsten		DE	Sachsen-Anhalt	ort		4218	51.79637	11.61246
2817339	Vierkirchen		DE	Bayern	ort		4216	48.36667	11.46667
2658874	Sainte-Croix		CH	Waadt	ort		4214	46.82203	6.50283
2657891	Bad Zurzach		CH	Aargau	ort		4213	47.58764	8.29365
2823418	Tessin		DE	Mecklenburg-Vorpommern	ort		4212	54.02764	12.46519
2660787	Feusisberg		CH	Schwyz	ort		4210	47.18707	8.74724
2818677	Untersiemau		DE	Bayern	ort		4208	50.19415	10.97448
2820882	Trusetal		DE	Thüringen	ort		4208	50.78333	10.41667
2855823	Owingen		DE	Baden-Württemberg	ort		4207	47.80967	9.17173
2905421	Hesel		DE	Niedersachsen	ort		4202	53.30000	7.60000
2844245	Rötha		DE	Sachsen	ort		4199	51.19783	12.41447
2839980	Scheidegg		DE	Bayern	ort		4198	47.58141	9.84829
2880189	Lauenau		DE	Niedersachsen	ort		4198	52.27393	9.36928
2766080	Scheibbs		AT	Niederösterreich	ort		4196	48.00474	15.16817
2782649	Altheim		AT	Oberösterreich	ort		4195	48.25154	13.23406
2781520	Braunau am Inn		AT	Oberösterreich	ort		4194	48.25628	13.04343
2658315	Triengen		CH	Luzern	ort		4193	47.23573	8.07652
2824227	Tanna		DE	Thüringen	ort		4193	50.49460	11.85725
2824437	Tabarz		DE	Thüringen	ort		4192	50.87529	10.51607
6293731	Zollikerberg		CH	Zürich	ort		4187	47.34510	8.60088
2848277	Remptendorf		DE	Thüringen	ort		4187	50.53333	11.65000
2658331	Tramelan		CH	Bern	ort		4186	47.22298	7.10287
2849464	Regis-Breitingen		DE	Sachsen	ort		4185	51.08883	12.43841
2958937	Aichhalden		DE	Baden-Württemberg	ort		4184	48.26719	8.40233
2816760	Vöhringen		DE	Baden-Württemberg	ort		4183	48.33446	8.66392
6295514	Schwerzenbach		CH	Zürich	ort		4180	47.38213	8.65727
2660932	Egnach		CH	Thurgau	ort		4179	47.54268	9.38048
2915137	Großrinderfeld		DE	Baden-Württemberg	ort		4179	49.66536	9.73356
8521704	Bärnbach		AT	Steiermark	ort		4178	47.07141	15.12792
2864705	Neukloster		DE	Mecklenburg-Vorpommern	ort		4176	53.86548	11.68512
2880489	Lanstrop		DE	Nordrhein-Westfalen	ort		4176	51.57504	7.56752
2886924	Kochel		DE	Bayern	ort		4172	47.65926	11.36827
2661874	Aarwangen		CH	Bern	ort		4171	47.23845	7.76854
2776801	Hartberg		AT	Steiermark	ort		4170	47.28333	15.96667
2958436	Allendorf an der Lahn		DE	Hessen	ort		4170	50.55109	8.62008
2816762	Vöhrenbach		DE	Baden-Württemberg	ort		4167	48.05000	8.30000
2917107	Gröningen		DE	Sachsen-Anhalt	ort		4166	51.93744	11.21601
2659089	Rebstein		CH	St. Gallen	ort		4163	47.39812	9.58503
7284138	Feldstadt		DE	Mecklenburg-Vorpommern	stadtteil	Schwerin	4160	53.62331	11.40673
2866632	Nehren		DE	Baden-Württemberg	ort		4159	48.43097	9.06990
2819117	Unterlüß		DE	Niedersachsen	ort		4158	52.83471	10.29685
2918434	Grabenstätt		DE	Bayern	ort		4152	47.84531	12.54330
3207405	Lautertal		DE	Bayern	ort		4150	50.33333	10.96667
2909129	Hauenstein		DE	Rheinland-Pfalz	ort		4148	49.19211	7.85492
7284135	Werdervorstadt		DE	Mecklenburg-Vorpommern	stadtteil	Schwerin	4148	53.63909	11.42767
6295300	Dietikon / Oberdorf		CH	Zürich	stadtteil	Zürich	4147	47.40065	8.39416
2918767	Gößweinstein		DE	Bayern	ort		4147	49.76898	11.33841
2806963	Woldegk		DE	Mecklenburg-Vorpommern	ort		4144	53.46058	13.58356
2872972	Massing		DE	Bayern	ort		4144	48.39118	12.60947
2761314	Wieselburg		AT	Niederösterreich	ort		4143	48.13333	15.13333
2823835	Tauche		DE	Brandenburg	ort		4140	52.15000	14.16667
2658146	Vétroz		CH	Wallis	ort		4137	46.22171	7.27858
2658924	Rupperswil		CH	Aargau	ort		4137	47.40131	8.12877
2769631	Oberwagram		AT	Niederösterreich	stadtteil		4135	48.20157	15.64917
6295148	Veltheim (Kreis 5) / Blumenau		CH	Zürich	stadtteil	Winterthur	4135	47.50618	8.71563
2859481	Ober-Olm		DE	Rheinland-Pfalz	ort		4133	49.93722	8.18889
2924819	Fridolfing		DE	Bayern	ort		4133	47.99773	12.82628
2835164	Spiegelau		DE	Bayern	ort		4132	48.91517	13.36229
2863049	Niedernhall		DE	Baden-Württemberg	ort		4132	49.29516	9.61604
2929165	Eschau		DE	Bayern	ort		4129	49.81889	9.25920
6294548	Uster / Nieder-Uster		CH	Zürich	stadtteil	Zürich	4128	47.34743	8.70088
2806322	Wolpertswende		DE	Baden-Württemberg	ort		4128	47.89471	9.61202
2884885	Kraiburg am Inn		DE	Bayern	ort		4127	48.18191	12.43073
2780547	Ebensee		AT	Oberösterreich	ort		4125	47.80716	13.77900
2808657	Wilhelmsthal		DE	Bayern	ort		4123	50.31113	11.37278
2930461	Empfingen		DE	Baden-Württemberg	ort		4123	48.39258	8.71036
2658387	Thayngen		CH	Schaffhausen	ort		4120	47.74717	8.70724
2819282	Unterjettingen		DE	Baden-Württemberg	ort		4120	48.56230	8.78445
2920645	Gieboldehausen		DE	Niedersachsen	ort		4120	51.60962	10.21619
2852658	Poppenhausen		DE	Bayern	ort		4119	50.09999	10.14244
2933256	Egeln		DE	Sachsen-Anhalt	ort		4119	51.94384	11.43265
2830919	Sörup		DE	Schleswig-Holstein	ort		4118	54.71667	9.66667
2920728	Geyer		DE	Sachsen	ort		4118	50.62632	12.92074
2770369	Oberalm		AT	Salzburg	ort		4117	47.70000	13.10000
2924201	Fronhausen		DE	Hessen	ort		4116	50.70000	8.70000
2760887	Wolkersdorf im Weinviertel		AT	Niederösterreich	ort		4115	48.38333	16.51667
2931245	Elbingerode		DE	Sachsen-Anhalt	ort		4112	51.77039	10.80557
2841643	Sankt Blasien		DE	Baden-Württemberg	ort		4111	47.76252	8.12714
2895938	Inning am Ammersee		DE	Bayern	ort		4111	48.07636	11.15232
2922136	Gechingen		DE	Baden-Württemberg	ort		4111	48.69527	8.82915
2781742	Bisamberg		AT	Niederösterreich	ort		4110	48.33333	16.35000
2872527	Meeder		DE	Bayern	ort		4107	50.32118	10.90697
2917586	Grettstadt		DE	Bayern	ort		4106	49.98333	10.31667
2951950	Baumholder		DE	Rheinland-Pfalz	ort		4106	49.61738	7.33381
2809085	Wietzendorf		DE	Niedersachsen	ort		4105	52.91667	9.98333
2918350	Gräfenberg		DE	Bayern	ort		4105	49.64426	11.24971
2880052	Lauscha		DE	Thüringen	ort		4104	50.47687	11.15962
2918770	Gößnitz		DE	Thüringen	ort		4104	50.88902	12.43292
2819892	Unterbreizbach		DE	Thüringen	ort		4102	50.81667	9.98333
2841457	Sankt Wolfgang		DE	Bayern	ort		4102	48.21667	12.13333
2918970	Gornau		DE	Sachsen	ort		4101	50.75901	13.03731
2780394	Eferding		AT	Oberösterreich	ort		4100	48.30866	14.02233
2660659	Gebenstorf		CH	Aargau	ort		4100	47.48136	8.23949
2921375	Gemünden an der Wohra		DE	Hessen	ort		4100	50.97401	8.96946
2857770	Offingen		DE	Bayern	ort		4099	48.48258	10.36249
2872775	Maulburg		DE	Baden-Württemberg	ort		4099	47.64631	7.78210
2821094	Triptis		DE	Thüringen	ort		4097	50.73567	11.87015
2892867	Bad Karlshafen		DE	Hessen	ort		4097	51.64263	9.45477
2761999	Walding		AT	Oberösterreich	ort		4095	48.35209	14.15760
2953409	Bad Liebenstein		DE	Thüringen	ort		4094	50.81569	10.35123
2913721	Gumtow		DE	Brandenburg	ort		4093	52.98333	12.25000
2841484	Sankt Peter-Ording		DE	Schleswig-Holstein	ort		4092	54.30363	8.64138
2866779	Neckarbischofsheim		DE	Baden-Württemberg	ort		4091	49.29625	8.96380
2924916	Freudenberg		DE	Baden-Württemberg	ort		4089	49.75349	9.32748
6295121	Seen (Kreis 3) / Waser		CH	Zürich	stadtteil	Winterthur	4088	47.48913	8.76034
2832921	Seßlach		DE	Bayern	ort		4088	50.18969	10.84197
8468977	Marin-Epagnier		CH	Neuenburg	ort		4087	47.01017	6.99941
2856057	Otterbach		DE	Rheinland-Pfalz	ort		4087	49.48554	7.73450
2850303	Raschau		DE	Sachsen	ort		4085	50.53127	12.83312
2870202	Mögglingen		DE	Baden-Württemberg	ort		4085	48.82320	9.96250
2843256	Ruhland		DE	Brandenburg	ort		4083	51.45755	13.86643
2821192	Triebes		DE	Thüringen	ort		4081	50.68489	12.02042
2914890	Großwallstadt		DE	Bayern	ort		4081	49.87936	9.15338
2816619	Volkmarode		DE	Niedersachsen	ort		4079	52.28990	10.59872
2871690	Merzen		DE	Niedersachsen	ort		4078	52.48333	7.83333
2824005	Tapfheim		DE	Bayern	ort		4077	48.67322	10.68377
2822484	Thyrnau		DE	Bayern	ort		4075	48.61667	13.53333
2846235	Rockenberg		DE	Hessen	ort		4075	50.43050	8.73688
2957761	Alten Buseck		DE	Hessen	ort		4075	50.62218	8.75322
2821617	Traitsching		DE	Bayern	ort		4074	49.15000	12.65000
2820533	Üchtelhausen		DE	Bayern	ort		4073	50.09184	10.26861
2866492	Nerchau		DE	Sachsen	ort		4073	51.27094	12.78912
2808956	Wildenfels		DE	Sachsen	ort		4072	50.66784	12.60886
2864728	Neukirchen beim Heiligen Blut		DE	Bayern	ort		4071	49.25867	12.96867
2864759	Neukirchen		DE	Bayern	ort		4071	49.26015	12.96921
2919896	Gliesmarode		DE	Niedersachsen	stadtteil	Braunschweig	4071	52.27892	10.55726
2921388	Gemmrigheim		DE	Baden-Württemberg	ort		4071	49.02833	9.15556
2951404	Beierfeld		DE	Sachsen	ort		4069	50.56529	12.79049
2837672	Schmöckwitz		DE	Berlin	stadtteil		4068	52.37513	13.64948
2926703	Finsing		DE	Bayern	ort		4068	48.21615	11.82412
2874282	Maikammer		DE	Rheinland-Pfalz	ort		4066	49.30528	8.13167
2768282	Puch bei Hallein		AT	Salzburg	ort		4065	47.71536	13.09296
2847688	Rhede		DE	Niedersachsen	ort		4063	53.06020	7.27127
2778220	Götzens		AT	Tirol	ort		4062	47.23606	11.31154
2659974	Le Chenit		CH	Waadt	ort		4062	46.60688	6.23062
2660120	Kölliken		CH	Aargau	ort		4059	47.33337	8.02237
2815180	Waldaschaff		DE	Bayern	ort		4056	49.97528	9.30194
2833010	Sennfeld		DE	Bayern	ort		4054	50.03895	10.25986
2803891	Zörbig		DE	Sachsen-Anhalt	ort		4052	51.62894	12.11740
2658051	Wängi		CH	Thurgau	ort		4051	47.49654	8.95325
2657956	Wolhusen		CH	Luzern	ort		4050	47.05983	8.07389
2853332	Plattenburg		DE	Brandenburg	ort		4049	52.95919	12.02951
2780207	Eisenerz		AT	Steiermark	ort		4048	47.53333	14.88333
2811277	Wenden		DE	Niedersachsen	ort		4047	52.32401	10.51392
2867561	Münsing		DE	Bayern	ort		4047	47.90000	11.36667
2916972	Großbettlingen		DE	Baden-Württemberg	ort		4047	48.59052	9.30782
2949949	Bernstadt		DE	Sachsen	ort		4046	51.04736	14.82784
2660128	Klosters Serneus		CH	Graubünden	ort		4044	46.88918	9.83826
2883602	Kröpelin		DE	Mecklenburg-Vorpommern	ort		4044	54.06963	11.79473
2847985	Rettenberg		DE	Bayern	ort		4043	47.57428	10.29173
2658718	Schmitten		CH	Freiburg	ort		4040	46.85750	7.25031
2953534	Bad Buchau		DE	Baden-Württemberg	ort		4040	48.06231	9.61244
2953829	Aying		DE	Bayern	ort		4040	47.97010	11.77752
2659317	Obfelden		CH	Zürich	ort		4039	47.26413	8.42150
2824230	Tann		DE	Bayern	ort		4039	48.31463	12.89301
2897063	Hütschenhausen		DE	Rheinland-Pfalz	ort		4039	49.41667	7.48333
3272462	Billigheim-Ingenheim		DE	Rheinland-Pfalz	ort		4038	49.13667	8.09056
2812752	Weiherhammer		DE	Bayern	ort		4036	49.63333	12.06667
2659814	Lützelflüh		CH	Bern	ort		4035	47.00757	7.69165
2804865	Zell am Main		DE	Bayern	ort		4035	49.81214	9.86962
2883552	Krostitz		DE	Sachsen	ort		4033	51.46208	12.45360
2772154	Mäder		AT	Vorarlberg	ort		4031	47.35000	9.61667
2803923	Zolling		DE	Bayern	ort		4029	48.45000	11.76667
2782048	Bad Schallerbach		AT	Oberösterreich	ort		4028	48.22999	13.91925
2660228	Jegenstorf		CH	Bern	ort		4027	47.04802	7.50787
2905466	Herzlake		DE	Niedersachsen	ort		4027	52.68530	7.59946
2953397	Bad Muskau		DE	Sachsen	ort		4027	51.55051	14.71240
2934000	Eberhardzell		DE	Baden-Württemberg	ort		4026	48.00000	9.81667
2765080	Sierning		AT	Oberösterreich	ort		4025	48.04343	14.30935
2839195	Schiltach		DE	Baden-Württemberg	ort		4025	48.28932	8.34169
2947090	Bodenwöhr		DE	Bayern	ort		4025	49.27082	12.30146
2834651	Schwebheim		DE	Bayern	ort		4023	49.99036	10.24776
2659461	Niederlenz		CH	Aargau	ort		4022	47.40079	8.17640
2953509	Bad Elster		DE	Sachsen	ort		4021	50.28192	12.23430
2661635	Balgach		CH	St. Gallen	ort		4019	47.40556	9.60702
2943516	Brück		DE	Brandenburg	ort		4018	52.19766	12.76868
2847654	Rheinbrohl		DE	Rheinland-Pfalz	ort		4017	50.50000	7.33333
2830080	Sprendlingen		DE	Rheinland-Pfalz	ort		4014	49.86667	7.98333
2877979	Liebenau		DE	Niedersachsen	ort		4009	52.60362	9.09719
3210390	Marktrodach		DE	Bayern	ort		4007	50.25000	11.38333
2949032	Biessenhofen		DE	Bayern	ort		4006	47.83057	10.64022
2915111	Großrückerswalde		DE	Sachsen	ort		4005	50.63333	13.11667
2849093	Reichenberg		DE	Bayern	ort		4004	49.73193	9.91478
2660942	Egg		CH	Zürich	ort		4003	47.29976	8.69032
2660902	Engelberg		CH	Obwalden	ort		4001	46.82107	8.40133
8469173	Oberrohrdorf		CH	Aargau	ort		4001	47.41833	8.31983
2853776	Piesteritz		DE	Sachsen-Anhalt	stadtteil		4000	51.86956	12.59835
2660392	Heiden		CH	Appenzell Ausserrhoden	ort		3999	47.44255	9.53293
2956310	Amstetten		DE	Baden-Württemberg	ort		3999	48.57876	9.87388
2884656	Krauschwitz		DE	Sachsen	ort		3998	51.52153	14.71211
2951926	Baunach		DE	Bayern	ort		3998	49.98592	10.85179
2883000	Kühbach		DE	Bayern	ort		3997	48.49101	11.18691
2661316	Bürglen		CH	Uri	ort		3996	46.87565	8.66539
2925240	Bad Fredeburg		DE	Nordrhein-Westfalen	ort		3995	51.18930	8.30978
2903658	Hirschfelde		DE	Sachsen	ort		3994	50.94437	14.88510
2881771	Lambrecht		DE	Rheinland-Pfalz	ort		3991	49.37055	8.07264
2869627	Moorrege		DE	Schleswig-Holstein	ort		3988	53.66667	9.66667
2823426	Tespe		DE	Niedersachsen	ort		3987	53.39640	10.41084
2927959	Falkenhain		DE	Sachsen	ort		3987	51.39888	12.87083
2953322	Bad Überkingen		DE	Baden-Württemberg	ort		3987	48.59991	9.79586
2871173	Mietingen		DE	Baden-Württemberg	ort		3986	48.18333	9.90000
2658537	Speicher		CH	Appenzell Ausserrhoden	ort		3985	47.41090	9.44335
2942290	Büchlberg		DE	Bayern	ort		3984	48.67112	13.52100
2818014	Utting am Ammersee		DE	Bayern	ort		3983	48.02608	11.08612
2878382	Leubsdorf		DE	Sachsen	ort		3981	50.80000	13.16667
2782058	Bad Gastein		AT	Salzburg	ort		3980	47.11547	13.13467
2763715	Thaur		AT	Tirol	ort		3979	47.29476	11.47529
2659516	Näfels		CH	Glarus	ort		3978	47.09775	9.06361
2959659	Achstetten		DE	Baden-Württemberg	ort		3978	48.25886	9.89748
2900889	Hohndorf		DE	Sachsen	ort		3976	50.74044	12.68058
2660559	Gordola		CH	Tessin	ort		3974	46.18256	8.86657
12110944	Querum -  Wabenkamp		DE	Niedersachsen	stadtteil	Braunschweig	3974	52.29462	10.56841
2880150	Lauf		DE	Baden-Württemberg	ort		3973	48.65000	8.13333
2807991	Winkelhaid		DE	Bayern	ort		3971	49.38963	11.29888
6295545	Seuzach Dorf		CH	Zürich	ort		3969	47.53560	8.73209
2908411	Hecklingen		DE	Sachsen-Anhalt	ort		3969	51.84705	11.53416
2881154	Langenbernsdorf		DE	Sachsen	ort		3968	50.75583	12.32669
2769648	Obertrum am See		AT	Salzburg	ort		3966	47.93722	13.07722
12110950	Nordbahnhof		DE	Niedersachsen	stadtteil	Braunschweig	3965	52.27924	10.52470
2807640	Winzer		DE	Bayern	ort		3964	48.72285	13.07751
2917579	Greußen		DE	Thüringen	ort		3962	51.22964	10.94422
2898316	Hoya		DE	Niedersachsen	ort		3959	52.80781	9.14028
2928017	Falkenberg		DE	Bayern	ort		3956	48.46154	12.73049
2937096	Dietingen		DE	Baden-Württemberg	ort		3953	48.20480	8.64864
2765499	Schwarzach		AT	Vorarlberg	ort		3949	47.44904	9.76213
2920999	Gernrode		DE	Sachsen-Anhalt	ort		3947	51.72575	11.13876
2661187	Cheseaux		CH	Waadt	ort		3946	46.58624	6.60587
2934094	Ebelsbach		DE	Bayern	ort		3946	49.98572	10.67442
2953399	Bad Münster am Stein-Ebernburg		DE	Rheinland-Pfalz	stadtteil		3940	49.81159	7.84523
2890544	Kirchenlamitz		DE	Bayern	ort		3939	50.15190	11.94831
2765323	Seebach		AT	Kärnten	ort		3938	46.61667	13.86667
2858424	Obing		DE	Bayern	ort		3938	48.00049	12.40528
2959422	Adlkofen		DE	Bayern	ort		3934	48.55000	12.26667
2766392	Sankt Stefan im Rosental		AT	Steiermark	ort		3929	46.90389	15.71000
2911491	Hallerndorf		DE	Bayern	ort		3928	49.75909	10.97946
2912496	Hagen im Bremischen		DE	Niedersachsen	ort		3928	53.35707	8.64341
2779029	Gainfarn		AT	Niederösterreich	ort		3926	47.96280	16.19368
2659078	Reiden		CH	Luzern	ort		3926	47.24719	7.97135
3209193	Rossau		DE	Sachsen	ort		3925	51.00000	13.06667
2813847	Wäschenbeuren		DE	Baden-Württemberg	ort		3924	48.75991	9.68735
2828913	Steinach		DE	Baden-Württemberg	ort		3924	48.30000	8.05000
2855175	Pausa		DE	Sachsen	ort		3924	50.58172	11.99732
2901572	Hohenpeißenberg		DE	Bayern	ort		3924	47.80000	11.00000
2953417	Bad Köstritz		DE	Thüringen	ort		3924	50.93032	12.01005
2866759	Neckarsteinach		DE	Hessen	ort		3923	49.40735	8.84342
2879326	Leiblfing		DE	Bayern	ort		3919	48.77565	12.51793
2658521	Stabio		CH	Tessin	ort		3917	45.84846	8.93642
2874695	Lychen		DE	Brandenburg	ort		3917	53.21242	13.31483
2871636	Messel		DE	Hessen	ort		3916	49.93833	8.74056
2956584	Amelinghausen		DE	Niedersachsen	ort		3915	53.12397	10.21274
2894833	Johannesberg		DE	Bayern	ort		3914	50.03159	9.14252
2890485	Kirchheim		DE	Hessen	ort		3913	50.83333	9.56667
2661880	Aarberg		CH	Bern	ort		3911	47.04439	7.27578
6295499	Zürich (Kreis 4) / Werd		CH	Zürich	stadtteil	Zürich	3911	47.37178	8.52584
2896768	Ichtershausen		DE	Thüringen	ort		3910	50.87602	10.97028
12110945	Bürgerpark		DE	Niedersachsen	stadtteil	Braunschweig	3905	52.25142	10.52840
2958523	Alfhausen		DE	Niedersachsen	ort		3904	52.50000	7.95000
2946421	Bönningstedt		DE	Schleswig-Holstein	ort		3903	53.66667	9.91667
2760416	Zwettl Stadt		AT	Niederösterreich	ort		3900	48.60726	15.16714
2825275	Stützengrün		DE	Sachsen	ort		3900	50.53333	12.53333
2777279	Gumpoldskirchen		AT	Niederösterreich	ort		3899	48.04538	16.27710
2865378	Neufahrn		DE	Bayern	ort		3899	48.25587	12.44078
2942566	Buchenberg		DE	Bayern	ort		3898	47.69593	10.23927
2765347	Schwertberg		AT	Oberösterreich	ort		3895	48.27340	14.58474
2865906	Neudrossenfeld		DE	Bayern	ort		3895	50.01667	11.50000
2823049	Thallwitz		DE	Sachsen	ort		3894	51.43333	12.68333
2929122	Eschede		DE	Niedersachsen	ort		3894	52.73494	10.23540
2848187	Rennerod		DE	Rheinland-Pfalz	ort		3891	50.60820	8.06697
2884296	Kreut		DE	Bayern	ort		3889	47.79868	11.48312
2825186	Süderbrarup		DE	Schleswig-Holstein	ort		3887	54.63333	9.78333
2658976	Root		CH	Luzern	ort		3886	47.11458	8.39021
2661493	Birr		CH	Aargau	ort		3884	47.43432	8.20891
2872428	Mehlingen		DE	Rheinland-Pfalz	ort		3882	49.49136	7.85467
2934505	Durbach		DE	Baden-Württemberg	ort		3880	48.49352	8.01736
2659686	Menzingen		CH	Zug	ort		3878	47.17764	8.59215
3208367	Schondorf am Ammersee		DE	Bayern	ort		3877	48.05296	11.09138
2660863	Erstfeld		CH	Uri	ort		3876	46.81885	8.65052
2933009	Eging		DE	Bayern	ort		3876	48.46328	12.18957
2847442	Rickenbach		DE	Baden-Württemberg	ort		3875	47.61895	7.97873
2867847	Mulfingen		DE	Baden-Württemberg	ort		3874	49.34028	9.80083
2658306	Troistorrents		CH	Wallis	ort		3873	46.22890	6.91589
2918844	Gosheim		DE	Baden-Württemberg	ort		3872	48.13430	8.75426
2779082	Fußach		AT	Vorarlberg	ort		3871	47.47933	9.66278
2827610	Steinwiesen		DE	Bayern	ort		3869	50.29444	11.46295
2891205	Kiedrich		DE	Hessen	ort		3869	50.03965	8.08531
2950697	Berga		DE	Thüringen	ort		3869	50.75184	12.16445
2661375	Brügg		CH	Bern	ort		3868	47.12370	7.27887
2837136	Schöllkrippen		DE	Bayern	ort		3868	50.08545	9.24697
2661531	Bevaix		CH	Neuenburg	ort		3866	46.92958	6.81470
2944169	Breuna		DE	Hessen	ort		3866	51.41575	9.18500
2920883	Gerstungen		DE	Thüringen	ort		3865	50.96667	10.06667
2805623	Wurzbach		DE	Thüringen	ort		3864	50.46357	11.53779
2658038	Weggis		CH	Luzern	ort		3863	47.03208	8.43219
2659470	Niederbipp		CH	Bern	ort		3862	47.27175	7.69583
2866757	Neckartailfingen		DE	Baden-Württemberg	ort		3862	48.61172	9.26371
2884026	Kreuzwertheim		DE	Bayern	ort		3862	49.76818	9.51819
2819738	Untereisesheim		DE	Baden-Württemberg	ort		3861	49.21111	9.20194
2659325	Wetzikon / Ober-Wetzikon		CH	Zürich	stadtteil	Zürich	3858	47.32514	8.80005
2862322	Nobitz		DE	Thüringen	ort		3858	50.97621	12.48605
2870936	Mistelgau		DE	Bayern	ort		3858	49.91260	11.46586
2875559	Lübtheen		DE	Mecklenburg-Vorpommern	ort		3858	53.30118	11.08368
2817970	Vacha		DE	Thüringen	ort		3856	50.82790	10.02185
2883471	Kruft		DE	Rheinland-Pfalz	ort		3854	50.38333	7.33333
2873032	Mascherode		DE	Niedersachsen	ort		3851	52.22338	10.56653
2659464	Niedergösgen		CH	Solothurn	ort		3847	47.37157	7.98837
2957528	Altenmünster		DE	Bayern	ort		3846	48.46495	10.59065
3208536	Aukrug		DE	Schleswig-Holstein	ort		3846	54.08333	9.78333
2659447	Wichtrach		CH	Bern	ort		3843	46.85010	7.57748
2805361	Zaberfeld		DE	Baden-Württemberg	ort		3843	49.05611	8.92694
2859512	Obernzell		DE	Bayern	ort		3843	48.55485	13.63729
2660351	Hilterfingen		CH	Bern	ort		3841	46.73521	7.66185
2822749	Thierhaupten		DE	Bayern	ort		3841	48.56531	10.90862
2839303	Schildau		DE	Sachsen	ort		3838	51.45721	12.93024
2865114	Neuhausen		DE	Baden-Württemberg	ort		3838	47.83754	8.77449
2856330	Osterwieck		DE	Sachsen-Anhalt	ort		3837	51.96990	10.71042
2818297	Upgant-Schott		DE	Niedersachsen	ort		3836	53.51667	7.28333
2778355	Gols		AT	Burgenland	ort		3835	47.89689	16.91113
2815345	Wahrenholz		DE	Niedersachsen	ort		3830	52.61667	10.60000
2953482	Badenweiler		DE	Baden-Württemberg	ort		3829	47.80223	7.67236
2832231	Sigmaringendorf		DE	Baden-Württemberg	ort		3827	48.06586	9.26208
2777905	Grossarl		AT	Salzburg	ort		3825	47.23333	13.20000
2762908	Grünburg		AT	Oberösterreich	ort		3824	47.97234	14.26472
2915128	Groß-Rohrheim		DE	Hessen	ort		3822	49.72111	8.48278
2765581	Schruns		AT	Vorarlberg	ort		3818	47.08028	9.91917
11746594	Innere Stadt		AT	Steiermark	stadtteil	Graz	3818	47.06650	15.44051
2870795	Mittelbiberach		DE	Baden-Württemberg	ort		3818	48.08333	9.75000
2873344	Marklkofen		DE	Bayern	ort		3818	48.55000	12.56667
2942017	Buggingen		DE	Baden-Württemberg	ort		3816	47.84750	7.63799
2805667	Wurmlingen		DE	Baden-Württemberg	ort		3812	48.00000	8.78333
2762077	Waidhofen an der Ybbs		AT	Niederösterreich	ort		3811	47.96004	14.77361
2809367	Wiesa		DE	Sachsen	ort		3811	50.61114	13.01377
3208010	Sailauf		DE	Bayern	ort		3811	50.02461	9.25932
2946060	Börnsen		DE	Schleswig-Holstein	ort		3810	53.47620	10.28160
6292759	Horgen / Allmend		CH	Zürich	stadtteil	Zürich	3809	47.24729	8.60660
2900844	Hohnstein		DE	Sachsen	ort		3806	50.97991	14.11408
2660194	Kaltbrunn		CH	St. Gallen	ort		3803	47.21367	9.02590
2661038	Degersheim		CH	St. Gallen	ort		3802	47.37429	9.20019
2880758	Langerringen		DE	Bayern	ort		3802	48.14590	10.75894
2922502	Gars		DE	Bayern	ort		3802	48.15386	12.27767
2658937	Rudolfstetten		CH	Aargau	ort		3800	47.37101	8.38083
2822076	Tittling		DE	Bayern	ort		3800	48.72619	13.38221
2874042	Malschwitz		DE	Sachsen	ort		3800	51.23759	14.52163
2914105	Grünsfeld		DE	Baden-Württemberg	ort		3799	49.60949	9.74725
2890660	Kirchberg		DE	Rheinland-Pfalz	ort		3797	49.94395	7.40700
2929008	Eschershausen		DE	Niedersachsen	ort		3794	51.92664	9.64282
2880684	Langewiesen		DE	Thüringen	ort		3793	50.67252	10.97102
2948147	Bitz		DE	Baden-Württemberg	ort		3792	48.24400	9.09144
2875330	Ludwigsstadt		DE	Bayern	ort		3790	50.48605	11.38734
2762343	Vöcklabruck		AT	Oberösterreich	ort		3789	48.00279	13.65652
2766351	Sankt Veit im Pongau		AT	Salzburg	ort		3788	47.33333	13.15000
2771682	Melk		AT	Niederösterreich	ort		3788	48.22737	15.33186
2873228	Maroldsweisach		DE	Bayern	ort		3788	50.19578	10.66003
2953422	Bad Kleinen		DE	Mecklenburg-Vorpommern	ort		3787	53.77134	11.47165
2838529	Schlierbach		DE	Baden-Württemberg	ort		3784	48.67362	9.51811
2854310	Pfaffing		DE	Bayern	ort		3782	48.05456	12.10917
2932938	Ehekirchen		DE	Bayern	ort		3782	48.63333	11.10000
3208608	Kanzlerfeld		DE	Niedersachsen	ort		3782	52.28594	10.45671
2806062	Wössingen		DE	Baden-Württemberg	ort		3781	49.01205	8.60754
2905208	Hettstadt		DE	Bayern	ort		3780	49.79944	9.81500
2766701	Sankt Georgen an der Gusen		AT	Oberösterreich	ort		3779	48.27183	14.44951
2813685	Wasungen		DE	Thüringen	ort		3779	50.66190	10.36947
2884761	Kranichfeld		DE	Thüringen	ort		3779	50.85446	11.20057
2910720	Happurg		DE	Bayern	ort		3779	49.49372	11.47119
2938465	Deidesheim		DE	Rheinland-Pfalz	ort		3779	49.40782	8.18445
2777258	Gunskirchen		AT	Oberösterreich	ort		3778	48.13333	13.95000
2880871	Langenwetzendorf		DE	Thüringen	ort		3774	50.67884	12.09407
2879892	Lauterhofen		DE	Bayern	ort		3773	49.36840	11.60294
2919232	Göllheim		DE	Rheinland-Pfalz	ort		3773	49.59500	8.05083
2950660	Berge		DE	Niedersachsen	ort		3772	52.62326	7.74550
2773250	Kundl		AT	Tirol	ort		3771	47.46667	11.98333
2818025	Uttenweiler		DE	Baden-Württemberg	ort		3770	48.15000	9.61667
2823679	Tegernsee		DE	Bayern	ort		3770	47.71230	11.75820
2660812	Fehraltorf		CH	Zürich	ort		3767	47.38775	8.75149
2885742	Königswartha		DE	Sachsen	ort		3767	51.31028	14.32797
2919366	Goldberg		DE	Mecklenburg-Vorpommern	ort		3767	53.58878	12.08855
2764172	Strasswalchen		AT	Salzburg	ort		3765	47.97947	13.25535
2859119	Oberschöna		DE	Sachsen	ort		3764	50.89759	13.25379
2803848	Zschadrass		DE	Sachsen	ort		3763	51.13828	12.81848
2841509	Sankt Michaelisdonn		DE	Schleswig-Holstein	ort		3762	53.98333	9.11667
2857610	Öhningen		DE	Baden-Württemberg	ort		3761	47.66186	8.88674
2827955	Steinhöring		DE	Bayern	ort		3759	48.08679	12.03140
2953553	Bad Bellingen		DE	Baden-Württemberg	ort		3759	47.73147	7.55756
2908531	Hebertsfelden		DE	Bayern	ort		3756	48.40596	12.82259
2881244	Langenbach		DE	Bayern	ort		3755	48.43333	11.85000
2899723	Holzheim		DE	Bayern	ort		3755	48.51422	10.53057
2762320	Volders		AT	Tirol	ort		3754	47.28333	11.56667
2658631	Sempach		CH	Luzern	ort		3754	47.13577	8.19149
2778284	Göss		AT	Steiermark	stadtteil		3752	47.35871	15.10015
2777921	Grödig		AT	Salzburg	ort		3751	47.73833	13.03730
2659851	Lostorf		CH	Solothurn	ort		3749	47.38372	7.94655
2871142	Mildenau		DE	Sachsen	ort		3749	50.58689	13.07263
2871716	Mertingen		DE	Bayern	ort		3748	48.65695	10.80557
2872020	Melverode		DE	Niedersachsen	ort		3748	52.22969	10.52542
2936259	Donaustauf		DE	Bayern	ort		3745	49.03258	12.20459
2657948	Würenlingen		CH	Aargau	ort		3741	47.53356	8.25666
2836450	Schönwald		DE	Bayern	ort		3741	50.19970	12.08503
2878138	Lichtenau		DE	Bayern	ort		3741	49.15979	10.37935
2901398	Hohenthann		DE	Bayern	ort		3741	48.66115	12.09251
2944630	Breitenbrunn		DE	Sachsen	ort		3741	50.47553	12.76649
2836680	Schönewalde		DE	Brandenburg	ort		3740	51.67901	13.60247
2922245	Gau-Odernheim		DE	Rheinland-Pfalz	ort		3740	49.78472	8.19417
2930934	Ellingen		DE	Bayern	ort		3738	49.06076	10.96783
2804109	Ostseebad Zinnowitz		DE	Mecklenburg-Vorpommern	ort		3736	54.07668	13.91127
2661384	Brittnau		CH	Aargau	ort		3735	47.25954	7.94689
2895051	Jemgum		DE	Niedersachsen	ort		3735	53.26667	7.38333
2771277	Mondsee		AT	Oberösterreich	ort		3734	47.85648	13.34908
2660805	Feldmeilen		CH	Zürich	ort		3732	47.27873	8.62165
2850894	Raguhn		DE	Sachsen-Anhalt	ort		3732	51.71167	12.27531
2813308	Wehingen		DE	Baden-Württemberg	ort		3731	48.14533	8.79151
2660498	Grindelwald		CH	Bern	ort		3730	46.62396	8.03601
2778079	Gratwein		AT	Steiermark	ort		3729	47.11667	15.31667
2856284	Ostheim vor der Rhön		DE	Bayern	ort		3729	50.45996	10.23057
2836772	Schöneck		DE	Sachsen	ort		3728	50.39052	12.32731
2937809	Deutsch Evern		DE	Niedersachsen	ort		3727	53.20000	10.43333
2763841	Taxach		AT	Salzburg	ort		3724	47.72610	13.07184
2956572	Amendingen		DE	Bayern	ort		3724	48.00302	10.17918
2658690	Schüpfheim		CH	Luzern	ort		3723	46.95161	8.01723
2907399	Heimenkirch		DE	Bayern	ort		3723	47.62959	9.90304
2922336	Gatow		DE	Berlin	stadtteil	Potsdam	3722	52.48324	13.18285
2927828	Farchant		DE	Bayern	ort		3722	47.53036	11.11151
2771725	Mayrhofen		AT	Tirol	ort		3720	47.16667	11.86667
2811860	Weißensee		DE	Thüringen	ort		3720	51.19989	11.06914
2899396	Hondelage		DE	Niedersachsen	ort		3719	52.31444	10.60567
11670101	Helmstadt-Bargen		DE	Baden-Württemberg	ort		3718	49.31427	8.99712
2823497	Tennenbronn		DE	Baden-Württemberg	ort		3717	48.19041	8.35176
2859234	Oberrot		DE	Baden-Württemberg	ort		3713	49.01444	9.66722
2902514	Hofkirchen		DE	Bayern	ort		3712	48.67805	13.11917
2919290	Goldkronach		DE	Bayern	ort		3711	50.01086	11.68750
2950130	Bermatingen		DE	Baden-Württemberg	ort		3711	47.73333	9.35000
2805694	Wurmannsquick		DE	Bayern	ort		3710	48.35334	12.78603
2841639	Sankt Egidien		DE	Sachsen	ort		3709	50.78617	12.62395
2942866	Buch		DE	Bayern	ort		3709	48.22479	10.18055
2953276	Bahlingen		DE	Baden-Württemberg	ort		3709	48.12064	7.73982
2854910	Penzing		DE	Bayern	ort		3707	48.07481	10.92745
2953529	Bad Ditzenbach		DE	Baden-Württemberg	ort		3704	48.58830	9.70393
2921996	Gehren		DE	Thüringen	ort		3703	50.64852	11.00471
2913598	Guntersblum		DE	Rheinland-Pfalz	ort		3702	49.79750	8.34556
2658864	Saint-Maurice		CH	Wallis	ort		3701	46.21826	7.00320
2873307	Marktbreit		DE	Bayern	ort		3700	49.66541	10.14811
2890394	Kirchroth		DE	Bayern	ort		3699	48.95000	12.55000
2661361	Brüttisellen		CH	Zürich	ort		3697	47.42173	8.63263
2871130	Mildstedt		DE	Schleswig-Holstein	ort		3697	54.46667	9.10000
2953443	Bad Heilbrunn		DE	Bayern	ort		3697	47.74671	11.45934
11670106	Langenbrettach		DE	Baden-Württemberg	ort		3694	49.22601	9.41842
2925890	Föritz		DE	Thüringen	ort		3693	50.34174	11.23180
2831121	Sonnewalde		DE	Brandenburg	ort		3692	51.69223	13.64730
2903625	Hirschhorn		DE	Hessen	ort		3691	49.44566	8.89594
2818155	Ursensollen		DE	Bayern	ort		3690	49.40204	11.75503
2907546	Heiligenstadt		DE	Bayern	ort		3690	49.86303	11.17185
2937223	Diespeck		DE	Bayern	ort		3690	49.60000	10.63333
2873288	Markt Rettenbach		DE	Bayern	ort		3688	47.94733	10.39608
2873296	Marktleugast		DE	Bayern	ort		3688	50.17306	11.63389
2948202	Bissingen an der Teck		DE	Baden-Württemberg	ort		3687	48.59915	9.49146
2660007	La Tour-de-Trême		CH	Freiburg	ort		3686	46.61061	7.06496
2853406	Plate		DE	Mecklenburg-Vorpommern	ort		3686	53.55145	11.50927
3207000	Viereth-Trunstadt		DE	Bayern	ort		3684	49.92222	10.77716
2660758	Fleurier		CH	Neuenburg	ort		3681	46.90224	6.58253
6295537	Geroldswil		CH	Zürich	ort		3681	47.42213	8.41085
2890617	Kirchdorf		DE	Baden-Württemberg	ort		3679	48.07667	10.12629
2659731	Matten		CH	Bern	ort		3676	46.67833	7.86889
2815186	Waldalgesheim		DE	Rheinland-Pfalz	ort		3676	49.95000	7.83333
2872996	Massenbachhausen		DE	Baden-Württemberg	ort		3676	49.17778	9.04333
11704366	St. Veiter Vorstadt		AT	Kärnten	stadtteil	Klagenfurt am Wörthersee	3674	46.63170	14.30579
2661568	Bellevue		CH	Genf	ort		3674	46.25739	6.15475
2918204	Grainau		DE	Bayern	ort		3674	47.47614	11.02405
2658994	Roggwil		CH	Bern	ort		3673	47.24119	7.82141
2873295	Marktleuthen		DE	Bayern	ort		3673	50.13007	12.00226
2880978	Langenlonsheim		DE	Rheinland-Pfalz	ort		3673	49.90000	7.90000
2832045	Simbach		DE	Bayern	ort		3672	48.56606	12.73888
2777015	Haidershofen		AT	Niederösterreich	ort		3670	48.07579	14.46131
3205682	Mühlhausen-Ehingen		DE	Baden-Württemberg	ort		3669	47.81102	8.81224
2894948	Jeßnitz		DE	Sachsen-Anhalt	ort		3667	51.68307	12.29992
2838531	Schlier		DE	Baden-Württemberg	ort		3665	47.77004	9.67354
2938740	Dauchingen		DE	Baden-Württemberg	ort		3665	48.08993	8.55011
2812644	Weil		DE	Bayern	ort		3664	48.11717	10.92161
2874747	Lützen		DE	Sachsen-Anhalt	ort		3664	51.25671	12.14164
2911909	Haina		DE	Hessen	ort		3662	51.02774	8.97441
2935494	Dorum		DE	Niedersachsen	ort		3658	53.68790	8.56734
2659451	Niederurnen		CH	Glarus	ort		3657	47.12598	9.05428
2661260	Caslano		CH	Tessin	ort		3655	45.97364	8.87739
2761457	Westendorf		AT	Tirol	ort		3652	47.43208	12.21406
2869682	Moorenweis		DE	Bayern	ort		3652	48.15561	11.07851
2850980	Radibor		DE	Sachsen	ort		3651	51.24481	14.39842
2890222	Kirtorf		DE	Hessen	ort		3649	50.76942	9.10389
2805400	Wyhl		DE	Baden-Württemberg	ort		3645	48.16617	7.64917
2764720	Stadl-Traun		AT	Oberösterreich	ort		3643	48.07963	13.86140
2763308	Trumau		AT	Niederösterreich	ort		3640	47.99348	16.34268
2953334	Bad Steben		DE	Bayern	ort		3640	50.36648	11.64438
2661836	Agno		CH	Tessin	ort		3639	45.99863	8.90030
2871326	Michelfeld		DE	Baden-Württemberg	ort		3638	49.09750	9.67861
2929557	Erlau		DE	Sachsen	ort		3638	51.00938	12.94549
2660177	Kehrsatz		CH	Bern	ort		3636	46.91035	7.47096
2872149	Meißenheim		DE	Baden-Württemberg	ort		3636	48.41035	7.77266
3209070	Marschacht		DE	Niedersachsen	ort		3635	53.41520	10.37524
2911580	Haldenwang		DE	Bayern	ort		3634	47.80000	10.35000
6295528	Niederglatt		CH	Zürich	ort		3632	47.49066	8.49987
2764953	Söll		AT	Tirol	ort		3631	47.50378	12.19221
2814572	Wallhausen		DE	Baden-Württemberg	ort		3630	49.21042	10.06219
2918232	Grafrath		DE	Bayern	ort		3630	48.11667	11.16667
3206256	Ölbronn-Dürrn		DE	Baden-Württemberg	ort		3627	48.96667	8.75000
2761941	Wals		AT	Salzburg	ort		3626	47.78333	12.96667
6295145	Töss (Kreis 4) / Eichliacker		CH	Zürich	stadtteil	Winterthur	3626	47.48727	8.70740
2658211	Utzenstorf		CH	Bern	ort		3625	47.13248	7.55355
2908888	Hausen		DE	Bayern	ort		3625	49.68945	11.03216
2805313	Zahna		DE	Sachsen-Anhalt	ort		3623	51.91410	12.78561
2908486	Hechthausen		DE	Niedersachsen	ort		3623	53.64041	9.23942
2935375	Drage		DE	Niedersachsen	ort		3623	53.41667	10.26667
11704362	Langholzfeld		AT	Oberösterreich	stadtteil	Linz	3622	48.24297	14.24772
2911426	Halsbrücke		DE	Sachsen	ort		3619	50.95000	13.35000
6292397	Rüti / Dorfzentrum, Südl. Teil		CH	Zürich	stadtteil		3618	47.25368	8.85654
2823989	Tarmstedt		DE	Niedersachsen	ort		3616	53.22505	9.07763
2843803	Rott		DE	Bayern	ort		3616	47.92008	12.08771
2918282	Gräfenroda		DE	Thüringen	ort		3615	50.74781	10.81063
2811570	Welden		DE	Bayern	ort		3614	48.45505	10.66086
2812104	Weischlitz		DE	Sachsen	ort		3614	50.45000	12.06667
2837368	Schnelldorf		DE	Bayern	ort		3614	49.20000	10.18333
2945945	Bosau		DE	Schleswig-Holstein	ort		3611	54.09787	10.43570
2808048	Wingst		DE	Niedersachsen	ort		3610	53.73572	9.08054
2857044	Orscholz		DE	Saarland	ort		3609	49.50593	6.52502
2870986	Mirow		DE	Mecklenburg-Vorpommern	ort		3609	53.50510	11.50294
2877980	Liebenau		DE	Hessen	ort		3606	51.49699	9.28207
6252010	Wettswil / Wettswil (Dorf)		CH	Zürich	stadtteil	Zürich	3605	47.34152	8.47149
2948204	Bissingen		DE	Bayern	ort		3605	48.71694	10.61766
2855820	Owschlag		DE	Schleswig-Holstein	ort		3603	54.39336	9.59243
11819471	Neualm		AT	Salzburg	ort		3602	47.69336	13.08758
2863674	Niederaichbach		DE	Bayern	ort		3602	48.60000	12.31667
2864778	Neukieritzsch		DE	Sachsen	ort		3602	51.14995	12.41090
2916937	Großbothen		DE	Sachsen	ort		3602	51.18784	12.75101
2658577	Sins		CH	Aargau	ort		3600	47.19296	8.39384
2660204	Kaiseraugst		CH	Aargau	ort		3600	47.53966	7.72605
2814053	Warngau		DE	Bayern	ort		3600	47.83217	11.72173
2884845	Kralenriede		DE	Niedersachsen	stadtteil	Braunschweig	3600	52.30701	10.52834
2933442	Edemissen		DE	Niedersachsen	ort		3600	52.38702	10.26140
2852054	Priestewitz		DE	Sachsen	ort		3598	51.25000	13.51667
2924680	Friedland		DE	Brandenburg	ort		3597	52.10493	14.26399
2809241	Wiesenfelden		DE	Bayern	ort		3596	49.04066	12.54008
2867673	Münchhausen		DE	Hessen	ort		3594	50.96081	8.71837
2890645	Kirchberg an der Murr		DE	Baden-Württemberg	ort		3593	48.94297	9.34083
2811000	Werbach		DE	Baden-Württemberg	ort		3589	49.67083	9.63944
2947139	Bodenfelde		DE	Niedersachsen	ort		3588	51.64044	9.55569
2896761	Icking		DE	Bayern	ort		3586	47.95000	11.43333
2811941	Weißenberg		DE	Sachsen	ort		3583	51.19644	14.65874
2863732	Nickenich		DE	Rheinland-Pfalz	ort		3582	50.41421	7.32728
2841320	Satrup		DE	Schleswig-Holstein	ort		3581	54.69237	9.60549
3208565	Risum-Lindholm		DE	Schleswig-Holstein	ort		3581	54.75802	8.86906
2765257	Seekirchen am Wallersee		AT	Salzburg	ort		3579	47.90000	13.13333
2818170	Ursberg		DE	Bayern	ort		3579	48.26428	10.44594
2842861	Rust		DE	Baden-Württemberg	ort		3577	48.26667	7.73333
2924347	Friolzheim		DE	Baden-Württemberg	ort		3575	48.83333	8.83333
2928979	Eschlkam		DE	Bayern	ort		3575	49.29883	12.91573
2956570	Amerang		DE	Bayern	ort		3574	47.99139	12.30795
2941173	Burgrieden		DE	Baden-Württemberg	ort		3573	48.23333	9.93333
2925651	Frankenau		DE	Hessen	ort		3572	51.09269	8.93447
2837575	Schnaitsee		DE	Bayern	ort		3571	48.06667	12.36667
2860134	Oberjettingen		DE	Baden-Württemberg	ort		3571	48.57468	8.77636
2938924	Dargun		DE	Mecklenburg-Vorpommern	ort		3570	53.90090	12.85014
2855824	Owen		DE	Baden-Württemberg	ort		3569	48.58742	9.44978
2866753	Neckarwestheim		DE	Baden-Württemberg	ort		3568	49.04694	9.19000
2775200	Inzing		AT	Tirol	ort		3566	47.27370	11.19751
2929871	Epfendorf		DE	Baden-Württemberg	ort		3566	48.25000	8.60000
2659385	Oberglatt		CH	Zürich	ort		3564	47.47576	8.51896
2660604	Giswil		CH	Obwalden	ort		3563	46.83333	8.18065
2829742	Stadtsteinach		DE	Bayern	ort		3563	50.16433	11.50349
2768855	Pichling bei Köflach		AT	Steiermark	ort		3562	47.04785	15.07098
2775848	Hof bei Salzburg		AT	Salzburg	ort		3562	47.81929	13.21488
2955939	Anrode		DE	Thüringen	ort		3562	51.26667	10.33333
2921816	Geisa		DE	Thüringen	ort		3561	50.71465	9.95075
2803882	Zornheim		DE	Rheinland-Pfalz	ort		3559	49.89000	8.22472
2901406	Hohentengen		DE	Baden-Württemberg	ort		3556	47.57005	8.43250
2814066	Warmsen		DE	Niedersachsen	ort		3552	52.45695	8.84949
2831634	Sohren		DE	Rheinland-Pfalz	ort		3551	49.93333	7.31667
2869783	Mönkeberg		DE	Schleswig-Holstein	ort		3551	54.35000	10.18333
2830133	Spraitbach		DE	Baden-Württemberg	ort		3550	48.88065	9.76217
2659538	Muotathal		CH	Schwyz	ort		3548	46.97676	8.76499
2843617	Rötz		DE	Bayern	ort		3548	49.34316	12.52963
2811852	Weißenstadt		DE	Bayern	ort		3545	50.10217	11.88849
2818354	Unterwössen		DE	Bayern	ort		3545	47.73333	12.46667
2847049	Riegel		DE	Baden-Württemberg	ort		3544	48.15111	7.74915
2868967	Mötzingen		DE	Baden-Württemberg	ort		3542	48.53320	8.77447
2661863	Adelboden		CH	Bern	ort		3541	46.49142	7.56031
2885688	Konradsreuth		DE	Bayern	ort		3540	50.26667	11.85000
2931423	Eisingen		DE	Bayern	ort		3539	49.75972	9.83111
2946100	Bornhöved		DE	Schleswig-Holstein	ort		3537	54.06667	10.23333
2780850	Donawitz		AT	Steiermark	stadtteil		3536	47.36667	15.06667
2940309	Carlsberg		DE	Rheinland-Pfalz	ort		3536	49.50389	8.04167
3205010	Hohenau		DE	Bayern	ort		3536	48.84983	13.48825
2762157	Murau		AT	Steiermark	ort		3534	47.11056	14.16944
2926119	Floß		DE	Bayern	ort		3534	49.72395	12.27593
3207895	Sankt Katharinen		DE	Rheinland-Pfalz	ort		3534	50.58333	7.38333
2763364	Tribuswinkel		AT	Niederösterreich	ort		3533	48.00623	16.27075
2782645	Althofen		AT	Kärnten	ort		3531	46.87298	14.47449
2853146	Plößberg		DE	Bayern	ort		3531	49.91977	11.86883
2904552	Himmelkron		DE	Bayern	ort		3531	50.06667	11.60000
2955835	Anzing		DE	Bayern	ort		3531	48.15171	11.85330
2830100	Spreenhagen		DE	Brandenburg	ort		3530	52.34325	13.87663
2956277	Amtzell		DE	Baden-Württemberg	ort		3530	47.70000	9.75000
6291716	Rümlang / Rümlang (Dorfkern)		CH	Zürich	stadtteil	Zürich	3528	47.44940	8.53255
2813723	Wasserlosen		DE	Bayern	ort		3524	50.09476	10.03017
2828805	Steinbach		DE	Bayern	ort		3522	50.15328	11.65055
2911648	Halblech		DE	Bayern	ort		3521	47.63155	10.82024
2953421	Bad Klosterlausnitz		DE	Thüringen	ort		3521	50.91667	11.86667
6691324	Langendorf		CH	Solothurn	ort		3518	47.21974	7.51469
2833988	Seebad Heringsdorf		DE	Mecklenburg-Vorpommern	ort		3517	53.95379	14.16852
2933798	Eching		DE	Bayern	ort		3516	48.50000	12.06667
2765495	Schwarzach im Pongau		AT	Salzburg	ort		3515	47.32048	13.15171
2768627	Pöchlarn		AT	Niederösterreich	ort		3515	48.20000	15.20000
2823137	Thaleischweiler-Fröschen		DE	Rheinland-Pfalz	ort		3515	49.26667	7.58333
3206164	Burgstetten		DE	Baden-Württemberg	ort		3515	48.92805	9.37239
2958710	Albersdorf		DE	Schleswig-Holstein	ort		3514	54.15000	9.28333
2955999	Annaburg		DE	Sachsen-Anhalt	ort		3512	51.73298	13.04729
6291373	Wallisellen / Wallisellen-West		CH	Zürich	stadtteil	Zürich	3511	47.41906	8.58586
2817512	Vettelschoß		DE	Rheinland-Pfalz	ort		3510	50.61667	7.35000
2760855	Wördern		AT	Niederösterreich	ort		3509	48.33400	16.21016
2763929	Tamsweg		AT	Salzburg	ort		3509	47.12808	13.81102
12110935	Petritor - West		DE	Niedersachsen	stadtteil	Braunschweig	3508	52.26609	10.49382
2876092	Loiching		DE	Bayern	ort		3506	48.61667	12.43333
2920043	Glattbach		DE	Bayern	ort		3506	50.00760	9.14990
2944636	Breitenbrunn		DE	Bayern	ort		3506	49.36388	12.02013
2835255	Schwangau		DE	Bayern	ort		3505	47.57722	10.73416
2875246	Luhe-Wildenau		DE	Bayern	ort		3505	49.58367	12.14921
2939997	Claußnitz		DE	Sachsen	ort		3505	50.93333	12.88333
2951254	Belgershain		DE	Sachsen	ort		3503	51.23333	12.55000
2915574	Groß Grönau		DE	Schleswig-Holstein	ort		3502	53.80000	10.75000
2822443	Tiefenbach		DE	Bayern	ort		3501	48.50000	12.10000
2834183	Schwindegg		DE	Bayern	ort		3501	48.27155	12.25978
2873852	Mansfeld		DE	Sachsen-Anhalt	ort		3501	51.59234	11.45223
2945866	Bösingen		DE	Baden-Württemberg	ort		3501	48.23333	8.55000
2660279	Ibach		CH	Schwyz	ort		3500	47.01105	8.64538
2866416	Nesselwang		DE	Bayern	ort		3498	47.62342	10.50243
2872815	Mauer		DE	Baden-Württemberg	ort		3498	49.34083	8.80028
2659954	Lens		CH	Wallis	ort		3497	46.28298	7.44976
2659579	Mörschwil		CH	St. Gallen	ort		3496	47.47097	9.42278
2660038	La Neuveville		CH	Bern	ort		3495	47.06592	7.09717
2871829	Merenberg		DE	Hessen	ort		3493	50.50707	8.19194
2949415	Biberbach		DE	Bayern	ort		3492	48.51778	10.81139
2949569	Beuren		DE	Baden-Württemberg	ort		3492	48.56927	9.40406
2829581	Stammham		DE	Bayern	ort		3487	48.29604	11.86961
2881094	Langenenslingen		DE	Baden-Württemberg	ort		3486	48.14851	9.37765
2763700	Theresienfeld		AT	Niederösterreich	ort		3485	47.85000	16.23333
2846066	Rodenbach		DE	Rheinland-Pfalz	ort		3485	49.57414	8.10695
2887987	Klein-Winternheim		DE	Rheinland-Pfalz	ort		3485	49.93833	8.21194
2861358	Oberaula		DE	Hessen	ort		3481	50.85000	9.46667
2818184	Urmitz		DE	Rheinland-Pfalz	ort		3480	50.41667	7.51667
2948307	Bischoffen		DE	Hessen	ort		3478	50.70000	8.45000
2658769	Saxon		CH	Wallis	ort		3477	46.14937	7.17514
2846715	Rimsting		DE	Bayern	ort		3476	47.88078	12.33713
2857131	Oranienbaum		DE	Sachsen-Anhalt	ort		3476	51.79860	12.40583
2867983	Mühlheim am Bach		DE	Baden-Württemberg	ort		3476	48.37863	8.69735
2919609	Göda		DE	Sachsen	ort		3476	51.17800	14.31951
2861721	Notzingen		DE	Baden-Württemberg	ort		3475	48.67076	9.45721
2952527	Bärnau		DE	Bayern	ort		3475	49.81079	12.43318
2904784	Hildrizhausen		DE	Baden-Württemberg	ort		3474	48.62423	8.96605
2814592	Wallerstein		DE	Bayern	ort		3473	48.88741	10.47591
2925729	Forstinning		DE	Bayern	ort		3473	48.16866	11.91244
2920389	Gilserberg		DE	Hessen	ort		3470	50.95000	9.06667
2776358	Hinterbrühl		AT	Niederösterreich	ort		3466	48.08611	16.24809
2814107	Warin		DE	Mecklenburg-Vorpommern	ort		3465	53.80026	11.70504
2852840	Polling		DE	Bayern	ort		3465	48.21667	12.56667
2939426	Dahlenburg		DE	Niedersachsen	ort		3465	53.18767	10.73650
2815600	Wackersberg		DE	Bayern	ort		3463	47.73333	11.55000
2829402	Stauchitz		DE	Sachsen	ort		3463	51.24350	13.21437
2882061	Laberweinting		DE	Bayern	ort		3463	48.80000	12.31667
2778131	Gramatneusiedl		AT	Niederösterreich	ort		3461	48.03040	16.48936
2865053	Neuhaus-Schierschnitz		DE	Thüringen	ort		3460	50.31237	11.24019
2900787	Hoisdorf		DE	Schleswig-Holstein	ort		3460	53.65000	10.31667
2909489	Hasloh		DE	Schleswig-Holstein	ort		3460	53.69471	9.91682
2950249	Bergtheim		DE	Bayern	ort		3460	49.90000	10.06667
2850523	Randersacker		DE	Bayern	ort		3459	49.76021	9.98277
2894884	Joachimsthal		DE	Brandenburg	ort		3459	52.97945	13.74493
2923595	Fürstenstein		DE	Bayern	ort		3459	48.71667	13.33333
2768953	Pfaffstätten		AT	Niederösterreich	ort		3458	48.01737	16.26354
2661637	Balerna		CH	Tessin	ort		3456	45.84638	9.00724
2958802	Alterhofen		DE	Bayern	ort		3454	48.84659	12.62012
2763466	Traisen		AT	Niederösterreich	ort		3453	48.03333	15.60000
2863012	Niederorschel		DE	Thüringen	ort		3453	51.37222	10.42372
2765961	Schladming		AT	Steiermark	ort		3452	47.39289	13.68699
2867707	Münchenbernsdorf		DE	Thüringen	ort		3450	50.82114	11.93226
2884850	Krakow am See		DE	Mecklenburg-Vorpommern	ort		3450	53.65163	12.27034
2808306	Windach		DE	Bayern	ort		3449	48.06667	11.03333
2890526	Kirchenthumbach		DE	Bayern	ort		3448	49.74866	11.72542
2879795	Lebus		DE	Brandenburg	ort		3447	52.42719	14.53235
2890218	Kisdorf		DE	Schleswig-Holstein	ort		3445	53.81667	10.01667
2931911	Eigeltingen		DE	Baden-Württemberg	ort		3444	47.85802	8.89784
2959244	Ahlbeck		DE	Mecklenburg-Vorpommern	ort		3444	53.66972	14.18622
2939940	Colbitz		DE	Sachsen-Anhalt	ort		3443	52.31708	11.60534
2765278	Seefeld in Tirol		AT	Tirol	ort		3440	47.33016	11.18786
2658774	Savigny		CH	Waadt	ort		3440	46.53844	6.73222
2806923	Wolfegg		DE	Baden-Württemberg	ort		3440	47.82030	9.79491
2951104	Benediktbeuern		DE	Bayern	ort		3437	47.70624	11.41522
11903643	Viktringer Vorstadt		AT	Kärnten	stadtteil	Klagenfurt am Wörthersee	3436	46.61773	14.30931
2888751	Kleinheubach		DE	Bayern	ort		3436	49.72109	9.21346
2867514	Münstermaifeld		DE	Rheinland-Pfalz	ort		3435	50.24638	7.36208
2849825	Rautheim		DE	Niedersachsen	ort		3434	52.24020	10.58696
2659798	Magden		CH	Aargau	ort		3433	47.52868	7.81128
2808734	Wilhelmsfeld		DE	Baden-Württemberg	ort		3433	49.47056	8.75361
2658276	Uetikon		CH	Zürich	ort		3431	47.26441	8.67925
2659165	Poschiavo		CH	Graubünden	ort		3428	46.32441	10.05823
2925234	Freden		DE	Niedersachsen	ort		3428	51.92771	9.89350
2943795	Brome		DE	Niedersachsen	ort		3428	52.60019	10.93754
2839658	Schernberg		DE	Thüringen	ort		3427	51.32774	10.76928
2660857	Eschlikon		CH	Thurgau	ort		3425	47.46361	8.96381
2661132	Confignon		CH	Genf	ort		3425	46.17341	6.08437
2947316	Bockhorn		DE	Bayern	ort		3425	48.31471	11.98694
2821157	Trierweiler		DE	Rheinland-Pfalz	ort		3424	49.76231	6.55987
2827907	Steinigtwolmsdorf		DE	Sachsen	ort		3422	51.06314	14.34540
2940430	Cadenberge		DE	Niedersachsen	ort		3421	53.76926	9.06269
2865553	Neuental		DE	Hessen	ort		3420	51.00000	9.21667
2659564	Muhen		CH	Aargau	ort		3419	47.33578	8.05536
2905372	Heßdorf		DE	Bayern	ort		3419	49.62728	10.91002
2770788	Neufeld an der Leitha		AT	Burgenland	ort		3418	47.86558	16.37856
2855665	Palling		DE	Bayern	ort		3416	48.00204	12.63702
2925141	Freiensteinau		DE	Hessen	ort		3416	50.42509	9.40267
2899780	Bad Holzhausen		DE	Nordrhein-Westfalen	ort		3415	52.28971	8.53954
2915552	Großharthau		DE	Sachsen	ort		3415	51.10694	14.09911
2658432	Tägerwilen		CH	Thurgau	ort		3414	47.65698	9.13999
2909194	Hatzfeld		DE	Hessen	ort		3409	50.99334	8.54570
2895213	Jandelsbrunn		DE	Bayern	ort		3408	48.73333	13.70000
2911242	Hamm		DE	Rheinland-Pfalz	ort		3406	50.76531	7.67761
2914872	Großweitzschen		DE	Sachsen	ort		3405	51.15845	13.04517
2936845	Dipperz		DE	Hessen	ort		3405	50.54333	9.79586
2942858	Buch		DE	Bayern	ort		3405	48.65234	12.16311
2658754	Schänis		CH	St. Gallen	ort		3404	47.15995	9.04549
2939032	Dänischenhagen		DE	Schleswig-Holstein	ort		3402	54.42775	10.12596
2871342	Michelbach an der Bilz		DE	Baden-Württemberg	ort		3401	49.07028	9.76250
2865134	Neuhaus am Inn		DE	Bayern	ort		3398	48.46086	13.42083
2820756	Türkenfeld		DE	Bayern	ort		3397	48.10531	11.08303
2952833	Barchfeld		DE	Thüringen	ort		3397	50.82872	11.17955
2765196	Seitenstetten Markt		AT	Niederösterreich	ort		3394	48.03333	14.65000
2928239	Eystrup		DE	Niedersachsen	ort		3394	52.77935	9.21315
2661302	Bütschwil		CH	St. Gallen	ort		3393	47.36022	9.07213
2820736	Türnich		DE	Nordrhein-Westfalen	ort		3393	50.85892	6.75535
2849566	Redwitz an der Rodach		DE	Bayern	ort		3392	50.17323	11.20833
2941179	Burgoberbach		DE	Bayern	ort		3391	49.23333	10.58333
2951124	Bempflingen		DE	Baden-Württemberg	ort		3390	48.57178	9.26834
2762318	Voldöpp		AT	Tirol	ort		3386	47.44469	11.88343
2659908	Leuk		CH	Wallis	ort		3386	46.31736	7.63412
2881659	Lamstedt		DE	Niedersachsen	ort		3380	53.63333	9.10000
2874047	Malsch		DE	Baden-Württemberg	ort		3378	49.24722	8.68278
2832492	Siegenburg		DE	Bayern	ort		3376	48.75421	11.84831
2872583	Meckenheim		DE	Rheinland-Pfalz	ort		3376	49.40444	8.23917
12110958	Viewegs Garten		DE	Niedersachsen	stadtteil	Braunschweig	3374	52.25847	10.53810
2803827	Zschepplin		DE	Sachsen	ort		3373	51.50000	12.60000
2832025	Simmelsdorf		DE	Bayern	ort		3372	49.59775	11.33901
2845747	Rohr		DE	Bayern	ort		3372	49.34112	10.88981
3208331	Ettringen		DE	Bayern	ort		3372	48.10000	10.65000
2772228	Ludesch		AT	Vorarlberg	ort		3371	47.20000	9.78306
2841381	Sasbach		DE	Baden-Württemberg	ort		3369	48.13837	7.61576
2857649	Ohlstadt		DE	Bayern	ort		3368	47.63333	11.23333
2763797	Ternberg		AT	Oberösterreich	ort		3367	47.94518	14.35870
2658415	Tavannes		CH	Bern	ort		3367	47.22079	7.19759
2658455	Sulgen		CH	Thurgau	ort		3367	47.53967	9.18585
2840590	Schalkau		DE	Thüringen	ort		3367	50.39536	11.00732
2954775	Au am Rhein		DE	Baden-Württemberg	ort		3365	48.95000	8.23333
2857800	Offenberg		DE	Bayern	ort		3364	48.86195	12.86293
2925306	Frauenstein		DE	Sachsen	ort		3364	50.80279	13.53790
2942614	Buchenbach		DE	Baden-Württemberg	ort		3364	47.96138	8.00909
2919657	Gnoien		DE	Mecklenburg-Vorpommern	ort		3362	53.96870	12.71099
2947120	Bodenmais		DE	Bayern	ort		3362	49.06667	13.10000
2781184	Burgfried		AT	Salzburg	ort		3358	47.68004	13.11175
2872117	Melbeck		DE	Niedersachsen	ort		3358	53.18333	10.40000
2951454	Behringen		DE	Thüringen	ort		3358	50.77283	11.01403
2845750	Rohr		DE	Bayern	ort		3357	48.76768	11.97152
2921314	Gensingen		DE	Rheinland-Pfalz	ort		3355	49.90000	7.93333
2927917	Falkenstein		DE	Bayern	ort		3354	49.09750	12.48802
2925507	Fränkisch-Crumbach		DE	Hessen	ort		3353	49.74611	8.85861
2808871	Wildflecken		DE	Bayern	ort		3352	50.37764	9.91092
2897593	Hunderdorf		DE	Bayern	ort		3352	48.89162	12.67382
2941401	Bürgel		DE	Thüringen	ort		3351	50.94217	11.75635
2824907	Sülfeld		DE	Schleswig-Holstein	ort		3349	53.80000	10.23333
2842568	Sachsen		DE	Bayern	ort		3349	49.28999	10.65971
2826120	Straßkirchen		DE	Bayern	ort		3348	48.83071	12.72105
2846714	Rinchnach		DE	Bayern	ort		3348	48.94956	13.20102
2810662	Wesenberg		DE	Mecklenburg-Vorpommern	ort		3346	53.28030	12.96936
2835597	Schuttertal		DE	Baden-Württemberg	ort		3343	48.26667	7.95000
2836143	Schrecksbach		DE	Hessen	ort		3343	50.83333	9.28333
2918288	Grafenrheinfeld		DE	Bayern	ort		3342	50.00000	10.20000
2771785	Mauerbach		AT	Niederösterreich	ort		3339	48.24514	16.16793
2782285	Attnang		AT	Oberösterreich	stadtteil		3339	48.01667	13.71667
2877126	Lindow		DE	Brandenburg	ort		3336	52.96689	12.98498
2933897	Eberstadt		DE	Baden-Württemberg	ort		3336	49.18028	9.32111
2894899	Jevenstedt		DE	Schleswig-Holstein	ort		3332	54.23333	9.66667
2941413	Burgbrohl		DE	Rheinland-Pfalz	ort		3332	50.45463	7.27720
2812931	Weidhausen bei Coburg		DE	Bayern	ort		3331	50.20354	11.14006
2899191	Höpfingen		DE	Baden-Württemberg	ort		3331	49.60250	9.42861
2772003	Mannersdorf am Leithagebirge		AT	Niederösterreich	ort		3328	47.96667	16.60000
2847429	Rickling		DE	Schleswig-Holstein	ort		3328	54.01667	10.16667
6295481	Zürich (Kreis 10) / Rütihof		CH	Zürich	stadtteil	Zürich	3326	47.41444	8.47928
2865098	Neuhausen		DE	Sachsen	ort		3325	50.67647	13.46750
2891297	Kettig		DE	Rheinland-Pfalz	ort		3325	50.40000	7.46667
2940929	Burtenbach		DE	Bayern	ort		3323	48.34051	10.45280
2930948	Ellhofen		DE	Baden-Württemberg	ort		3321	49.14667	9.32194
2896547	Illerrieden		DE	Baden-Württemberg	ort		3320	48.27017	10.05155
2852637	Poppenricht		DE	Bayern	ort		3319	49.47557	11.79778
2771028	Münster		AT	Tirol	ort		3317	47.42164	11.83356
2659203	Pieterlen		CH	Bern	ort		3317	47.17501	7.33791
2823045	Thalmassing		DE	Bayern	ort		3317	48.91167	12.15500
2948229	Bismark		DE	Sachsen-Anhalt	ort		3313	52.66195	11.55638
2778404	Göfis		AT	Vorarlberg	ort		3312	47.23356	9.63458
2856086	Ottenhofen		DE	Baden-Württemberg	ort		3311	48.73560	8.12981
2658714	Schöftland		CH	Aargau	ort		3310	47.30590	8.05119
2816127	Vordorf		DE	Niedersachsen	ort		3310	52.36522	10.52035
2833154	Selsingen		DE	Niedersachsen	ort		3310	53.37329	9.21289
2894737	Jöhstadt		DE	Sachsen	ort		3310	50.51229	13.09460
2948570	Birkenheide		DE	Rheinland-Pfalz	ort		3309	49.48139	8.26194
2763037	Untere Fellach		AT	Kärnten	ort		3307	46.62504	13.82681
2658720	Schmerikon		CH	St. Gallen	ort		3307	47.22538	8.94836
2871556	Mettenheim		DE	Bayern	ort		3307	48.26667	12.46667
3207786	Kobern-Gondorf		DE	Rheinland-Pfalz	ort		3306	50.30230	7.45612
2661601	Bassecourt		CH	Jura	ort		3305	47.33808	7.24373
2928394	Eußenheim		DE	Bayern	ort		3302	49.98589	9.80899
2862925	Niedersachswerfen		DE	Thüringen	ort		3301	51.55062	10.76594
2661057	Dagmersellen		CH	Luzern	ort		3300	47.21405	7.98519
2659062	Rheineck		CH	St. Gallen	ort		3298	47.46630	9.59028
2876212	Lohmen		DE	Sachsen	ort		3298	50.98831	14.00268
2761419	Weyer		AT	Oberösterreich	ort		3296	47.85717	14.66409
2774773	Kapfenberg		AT	Steiermark	ort		3296	47.44458	15.29331
2658093	Vouvry		CH	Wallis	ort		3296	46.33746	6.88950
2942147	Buckenhof		DE	Bayern	ort		3296	49.59324	11.05044
2660887	Entlebuch		CH	Luzern	ort		3293	46.99559	8.06354
2659822	Luterbach		CH	Solothurn	ort		3292	47.21426	7.58463
6292920	Richterswil / Richterswil (Dorfkern)		CH	Zürich	stadtteil		3292	47.20323	8.70516
2913692	Gundelsheim		DE	Bayern	ort		3292	49.93708	10.91990
2931985	Eicklingen		DE	Niedersachsen	ort		3292	52.55037	10.18439
2874978	Lustadt		DE	Rheinland-Pfalz	ort		3291	49.24476	8.27407
2658649	Seengen		CH	Aargau	ort		3288	47.32503	8.20724
2762303	Vomp		AT	Tirol	ort		3287	47.33333	11.68333
2832871	Seukendorf		DE	Bayern	ort		3287	49.48844	10.87999
2958331	Alling		DE	Bayern	ort		3286	48.14034	11.30144
2857013	Ortenberg		DE	Baden-Württemberg	ort		3284	48.45158	7.97178
2853231	Plessa		DE	Brandenburg	ort		3283	51.46667	13.61667
2885991	Königheim		DE	Baden-Württemberg	ort		3283	49.62028	9.59583
2921684	Geising		DE	Sachsen	ort		3283	50.75742	13.79278
2658269	Uitikon		CH	Zürich	ort		3282	47.36911	8.45699
2660920	Elgg		CH	Zürich	ort		3282	47.49715	8.86523
2855992	Otterstadt		DE	Rheinland-Pfalz	ort		3282	49.37222	8.44778
2930662	Elterlein		DE	Sachsen	ort		3282	50.57663	12.86836
2957469	Altenstadt		DE	Bayern	ort		3282	47.82359	10.87475
2864558	Neumark		DE	Sachsen	ort		3281	50.66010	12.35619
2773110	Lambach		AT	Oberösterreich	ort		3279	48.09276	13.87453
2871538	Mettlach		DE	Saarland	ort		3279	49.49489	6.58562
2953531	Baddeckenstedt		DE	Niedersachsen	ort		3278	52.08333	10.23333
2774851	Kaltenleutgeben		AT	Niederösterreich	ort		3276	48.11646	16.19956
2924820	Fridingen an der Donau		DE	Baden-Württemberg	ort		3276	48.01955	8.92322
2781161	Bürs		AT	Vorarlberg	ort		3275	47.14972	9.80000
2840297	Scharnebeck		DE	Niedersachsen	ort		3275	53.29237	10.50188
2880282	Lauben		DE	Bayern	ort		3274	47.78333	10.30000
2848737	Reinsberg		DE	Sachsen	ort		3273	51.00823	13.36542
2658075	Walchwil		CH	Zug	ort		3268	47.10169	8.51693
2810110	Westhofen		DE	Rheinland-Pfalz	ort		3268	49.70444	8.24806
2854574	Pettendorf		DE	Bayern	ort		3268	49.35475	12.35926
2820249	Ulmen		DE	Rheinland-Pfalz	ort		3265	50.20943	6.97941
2908678	Hauswalde		DE	Sachsen	ort		3265	51.15212	14.08630
2773321	Krumpendorf		AT	Kärnten	ort		3264	46.63333	14.21667
2771811	Mattsee		AT	Salzburg	ort		3263	47.96667	13.10000
2882431	Künzing		DE	Bayern	ort		3262	48.66667	13.08333
2815488	Waggum		DE	Niedersachsen	ort		3259	52.32632	10.55803
2820217	Ulrichstein		DE	Hessen	ort		3258	50.57550	9.19272
2904741	Hilgertshausen-Tandern		DE	Bayern	ort		3258	48.42960	11.35428
2805773	Wünschendorf		DE	Thüringen	ort		3257	50.79662	12.09824
2949426	Biberach		DE	Baden-Württemberg	ort		3257	48.61008	8.27704
2873701	Margetshöchheim		DE	Bayern	ort		3256	49.83750	9.86389
2938075	Dermbach		DE	Thüringen	ort		3254	50.71383	10.11839
2660400	Hausen am Albis / Hausen (Dorf)		CH	Zürich	ort		3253	47.24496	8.53299
2899069	Hordel		DE	Nordrhein-Westfalen	stadtteil	Bochum	3252	51.49784	7.17620
2933212	Egenhofen		DE	Bayern	ort		3252	48.28333	11.16667
6294605	Hegnau / Sunnebüel-Eich		CH	Zürich	stadtteil	Zürich	3250	47.39246	8.67910
2873318	Marksuhl		DE	Thüringen	ort		3250	50.91667	10.20000
2899539	Holzweißig		DE	Sachsen-Anhalt	ort		3250	51.59819	12.30842
2918468	Graben		DE	Bayern	ort		3250	48.18732	10.82222
2765602	Schrems		AT	Niederösterreich	ort		3248	48.78333	15.06667
2658691	Schüpfen		CH	Bern	ort		3248	47.03661	7.37723
8299680	Alberschwende		AT	Vorarlberg	ort		3247	47.45025	9.83152
11551033	Schärding Vorstadt		AT	Oberösterreich	stadtteil		3246	48.45195	13.43946
2920967	Gerolsbach		DE	Bayern	ort		3244	48.49283	11.36149
2774449	Kierling		AT	Niederösterreich	ort		3243	48.30997	16.27616
2661655	Ayent		CH	Wallis	ort		3243	46.28249	7.41028
2805193	Zarrentin		DE	Mecklenburg-Vorpommern	ort		3243	53.55075	10.91550
2938798	Dassow		DE	Mecklenburg-Vorpommern	ort		3242	53.91096	10.97551
2940613	Buttenheim		DE	Bayern	ort		3242	49.80365	11.03002
2661412	Breitenbach		CH	Solothurn	ort		3241	47.40668	7.54554
2820714	Tüßling		DE	Bayern	ort		3240	48.21218	12.59954
2948282	Bischofsmais		DE	Bayern	ort		3240	48.91796	13.08184
3205658	Herdwangen-Schönach		DE	Baden-Württemberg	ort		3240	47.85000	9.20000
2813758	Wasserburg		DE	Bayern	ort		3238	48.44105	10.26930
2895162	Jarmen		DE	Mecklenburg-Vorpommern	ort		3238	53.92385	13.34032
3207742	Höhn		DE	Rheinland-Pfalz	ort		3238	50.61667	7.98333
2923553	Furth		DE	Bayern	ort		3236	48.40616	12.38121
2925274	Fraunberg		DE	Bayern	ort		3236	48.36667	12.00000
2660688	Gachnang		CH	Thurgau	ort		3235	47.53935	8.85311
2954048	Auma		DE	Thüringen	ort		3235	50.70044	11.89958
2915209	Großolbersdorf		DE	Sachsen	ort		3234	50.70000	13.08333
2659113	Rafz		CH	Zürich	ort		3233	47.60438	8.54305
2844883	Rositz		DE	Thüringen	ort		3232	51.01728	12.36354
2658701	Schötz		CH	Luzern	ort		3231	47.16896	7.98870
11903599	St. Agathen und Perau		AT	Kärnten	stadtteil	Villach	3230	46.60627	13.85615
2658495	Steckborn		CH	Thurgau	ort		3229	47.66667	8.98333
2863876	Neuweiler		DE	Baden-Württemberg	ort		3229	48.66667	8.60000
2887290	Klütz		DE	Mecklenburg-Vorpommern	ort		3229	53.96470	11.16367
2769342	Ottensheim		AT	Oberösterreich	ort		3228	48.33246	14.17425
2770113	Ober-Grafendorf		AT	Niederösterreich	ort		3228	48.15040	15.54531
2659372	Oberkirch		CH	Luzern	ort		3228	47.15642	8.11567
6293334	Küsnacht / Heslibach		CH	Zürich	stadtteil	Zürich	3228	47.31307	8.58849
2852841	Polling		DE	Bayern	ort		3228	47.81102	11.13241
2817222	Villingendorf		DE	Baden-Württemberg	ort		3226	48.20000	8.58333
2841546	Sankt Kilian		DE	Thüringen	ort		3226	50.52749	10.76301
2817752	Veilsdorf		DE	Thüringen	ort		3225	50.40876	10.80947
2658489	Stein am Rhein		CH	Schaffhausen	ort		3224	47.65933	8.85964
2881661	Lamspringe		DE	Niedersachsen	ort		3223	51.96071	10.01105
2660219	Jonschwil		CH	St. Gallen	ort		3221	47.42402	9.08689
2825715	Stromberg		DE	Rheinland-Pfalz	ort		3221	50.45779	7.60041
2809856	Weyarn		DE	Bayern	ort		3217	47.85838	11.79923
2661554	Beringen		CH	Schaffhausen	ort		3216	47.69763	8.57431
2852129	Prichsenstadt		DE	Bayern	ort		3216	49.81933	10.34773
2879657	Legau		DE	Bayern	ort		3215	47.85628	10.12981
2782302	Asten		AT	Oberösterreich	ort		3214	48.21941	14.41784
2847237	Rieden an der Kötz		DE	Bayern	ort		3213	48.38499	10.25711
2761741	Weidling		AT	Niederösterreich	ort		3212	48.29100	16.30865
2904691	Hillesheim		DE	Rheinland-Pfalz	ort		3210	50.29177	6.66963
2771867	Sankt Florian		AT	Oberösterreich	ort		3209	48.20568	14.37836
2814279	Wangen		DE	Baden-Württemberg	ort		3209	48.72933	9.61175
2816578	Vollersode		DE	Niedersachsen	ort		3209	53.33333	8.91667
2866077	Neuburg		DE	Bayern	ort		3209	47.77056	10.35563
2829644	Staig		DE	Baden-Württemberg	ort		3205	48.29998	9.99138
2953359	Bad Salzschlirf		DE	Hessen	ort		3204	50.62388	9.50815
7284137	Altstadt		DE	Mecklenburg-Vorpommern	stadtteil	Schwerin	3202	53.62805	11.41582
2658892	Safenwil		CH	Aargau	ort		3201	47.32163	7.98254
2842656	Saara		DE	Thüringen	ort		3199	50.93284	12.42096
2804135	Zingst		DE	Mecklenburg-Vorpommern	ort		3198	54.43572	12.68880
2823355	Teuchern		DE	Sachsen-Anhalt	ort		3197	51.12094	12.02410
2846853	Rieste		DE	Niedersachsen	ort		3196	52.48333	8.01667
2869542	Moos		DE	Baden-Württemberg	ort		3195	47.72439	8.93479
2879944	Lauterbach/Schwarzwald		DE	Baden-Württemberg	ort		3193	48.22999	8.34240
2660856	Escholzmatt		CH	Luzern	ort		3192	46.91350	7.93426
2945136	Braubach		DE	Rheinland-Pfalz	ort		3192	50.27360	7.64508
2867616	Mundelsheim		DE	Baden-Württemberg	ort		3191	49.00083	9.20778
2906050	Herleshausen		DE	Hessen	ort		3189	51.00629	10.16731
2920979	Geroldsgrün		DE	Bayern	ort		3189	50.33333	11.60000
2854298	Pfaffroda		DE	Sachsen	ort		3187	50.86134	12.51497
2957938	Alteglofsheim		DE	Bayern	ort		3187	48.91667	12.20000
2832841	Sexau		DE	Baden-Württemberg	ort		3186	48.10209	7.90757
2851664	Pürgen		DE	Bayern	ort		3186	48.02472	10.92213
2812516	Weilheim		DE	Baden-Württemberg	ort		3185	47.66667	8.23333
2805475	Wusterwitz		DE	Brandenburg	ort		3184	52.36666	12.38488
2932063	Eichstetten		DE	Baden-Württemberg	ort		3184	48.09427	7.74244
2919123	Gondelsheim		DE	Baden-Württemberg	ort		3183	49.05917	8.65833
2842047	Sand		DE	Bayern	ort		3181	49.98585	10.58620
2956253	Andechs		DE	Bayern	ort		3181	47.97464	11.18279
2946713	Bolheim		DE	Baden-Württemberg	ort		3180	48.63141	10.14995
2955223	Ascheberg		DE	Schleswig-Holstein	ort		3178	54.15027	10.34552
2774758	Kaprun		AT	Salzburg	ort		3177	47.27239	12.75985
2824593	Surberg		DE	Bayern	ort		3176	47.86667	12.70000
2857653	Ohlsbach		DE	Baden-Württemberg	ort		3176	48.43222	7.99384
2930672	Elstra		DE	Sachsen	ort		3176	51.22172	14.13201
2772514	Lieboch		AT	Steiermark	ort		3175	46.97417	15.33750
2658734	Schindellegi		CH	Schwyz	ort		3174	47.17460	8.71345
2883794	Krölpa		DE	Thüringen	ort		3174	50.67743	11.53848
2894970	Jesewitz		DE	Sachsen	ort		3174	51.42276	12.56312
2869808	Mönchweiler		DE	Baden-Württemberg	ort		3173	48.10040	8.42219
2659152	Prangins		CH	Waadt	ort		3172	46.39518	6.24960
2659504	Neftenbach / Dorf Neftenbach		CH	Zürich	stadtteil	Winterthur	3171	47.52764	8.66490
2902818	Hodenhagen		DE	Niedersachsen	ort		3168	52.76506	9.59495
2815297	Waischenfeld		DE	Bayern	ort		3167	49.84645	11.34810
2948261	Bischweier		DE	Baden-Württemberg	ort		3167	48.83766	8.28412
2866511	Nentershausen		DE	Hessen	ort		3166	51.01667	9.93333
2927142	Ferdinandshof		DE	Mecklenburg-Vorpommern	ort		3165	53.66124	13.88724
2907501	Heiligkreuzsteinach		DE	Baden-Württemberg	ort		3164	49.48333	8.79500
2658841	Samstagern		CH	Zürich	ort		3163	47.19167	8.68196
2936280	Dommitzsch		DE	Sachsen	ort		3163	51.64071	12.87940
2774348	Kittsee		AT	Burgenland	ort		3162	48.09250	17.06389
2928793	Essenheim		DE	Rheinland-Pfalz	ort		3161	49.93056	8.15556
2835343	Schwalmtal		DE	Hessen	ort		3159	50.68333	9.21667
2909386	Hasselfelde		DE	Sachsen-Anhalt	ort		3159	51.69051	10.85373
2809277	Wiesenbach		DE	Baden-Württemberg	ort		3158	49.36139	8.80361
2928520	Euerbach		DE	Bayern	ort		3158	50.06199	10.13695
2659105	Randogne		CH	Wallis	ort		3157	46.30952	7.50058
2923333	Gaienhofen		DE	Baden-Württemberg	ort		3157	47.68333	8.98333
2660361	Hermiswil		CH	Bern	ort		3156	46.83125	7.47775
2902855	Höckendorf		DE	Sachsen	ort		3156	51.22423	13.90935
2934097	Ebeleben		DE	Thüringen	ort		3155	51.28283	10.72999
2831502	Sollstedt		DE	Thüringen	ort		3154	51.30976	10.48810
2958266	Allstedt		DE	Sachsen-Anhalt	ort		3153	51.40379	11.38689
2818229	Urbar		DE	Rheinland-Pfalz	ort		3152	50.38333	7.63333
11903600	Laab		AT	Oberösterreich	stadtteil		3150	48.26110	13.05418
2944093	Brietlingen		DE	Niedersachsen	ort		3150	53.33333	10.45000
2661315	Bürglen		CH	Thurgau	ort		3149	47.54921	9.14950
6295082	Stadt Winterthur (Kreis 1) / Neuwiesen		CH	Zürich	stadtteil	Winterthur	3149	47.50207	8.71625
2760749	Zams		AT	Tirol	ort		3148	47.15844	10.58970
2938805	Dassendorf		DE	Schleswig-Holstein	ort		3148	53.49532	10.35987
2920024	Glauburg		DE	Hessen	ort		3147	50.31667	9.00000
2810619	Wesselburen		DE	Schleswig-Holstein	ort		3146	54.21217	8.92419
2865603	Neuenmarkt		DE	Bayern	ort		3145	50.09193	11.58033
2767966	Rannersdorf		AT	Niederösterreich	ort		3144	48.12772	16.46379
2810775	Wernshausen		DE	Thüringen	ort		3143	50.72404	10.35086
2906185	Herbsleben		DE	Thüringen	ort		3140	51.11667	10.83333
2929305	Erolzheim		DE	Baden-Württemberg	ort		3140	48.09001	10.07300
2943362	Brüel		DE	Mecklenburg-Vorpommern	ort		3140	53.73719	11.71471
2658067	Waldkirch		CH	St. Gallen	ort		3137	47.46859	9.28665
2780836	Doppl		AT	Oberösterreich	ort		3136	48.24811	14.25416
2947069	Bodnegg		DE	Baden-Württemberg	ort		3136	47.71014	9.68841
2803972	Zöblitz		DE	Sachsen	ort		3134	50.65912	13.22981
2896592	Ilfeld		DE	Thüringen	ort		3134	51.57570	10.78469
2871835	Merching		DE	Bayern	ort		3133	48.24594	10.98530
2937228	Dieskau		DE	Sachsen-Anhalt	ort		3133	51.43553	12.04035
2772694	Leitring		AT	Steiermark	ort		3132	46.77957	15.55915
2813383	Wegeleben		DE	Sachsen-Anhalt	ort		3132	51.88376	11.17347
2883860	Kritzmow		DE	Mecklenburg-Vorpommern	ort		3132	54.05237	12.05311
2937142	Dietersburg		DE	Bayern	ort		3132	48.49249	12.92499
2826997	Stimpfach		DE	Baden-Württemberg	ort		3129	49.06135	10.09274
2914661	Grub		DE	Bayern	ort		3129	50.10285	11.92904
2858562	Oberwesel		DE	Rheinland-Pfalz	ort		3128	50.10777	7.72522
2938295	Demitz-Thumitz		DE	Sachsen	ort		3128	51.14149	14.24719
2942795	Buchbach		DE	Bayern	ort		3128	48.31231	12.27343
2815075	Waldenburg		DE	Baden-Württemberg	ort		3127	49.18468	9.63994
2881019	Langenhorn		DE	Schleswig-Holstein	ort		3126	54.66667	8.91667
2657978	Willisau		CH	Luzern	ort		3125	47.12183	7.99418
2660986	Dottikon		CH	Aargau	ort		3125	47.38437	8.23981
2873220	Marquartstein		DE	Bayern	ort		3125	47.75857	12.46219
2941422	Burgberg		DE	Bayern	ort		3124	47.53657	10.28883
2765286	Seeboden		AT	Kärnten	ort		3123	46.81909	13.51430
2658986	Romanel-sur-Lausanne		CH	Waadt	ort		3123	46.56403	6.60538
2813145	Weichs		DE	Bayern	ort		3123	48.38333	11.41667
2941926	Bühlertann		DE	Baden-Württemberg	ort		3123	49.04167	9.90861
2851928	Probstzella		DE	Thüringen	ort		3122	50.53333	11.38333
2773000	Langenwang		AT	Steiermark	ort		3119	47.56667	15.61667
2779631	Fernitz		AT	Steiermark	ort		3119	46.97389	15.50111
2774295	Klaus		AT	Vorarlberg	ort		3118	47.30913	9.64678
2661437	Bösingen		CH	Freiburg	ort		3118	46.89229	7.22770
2851113	Rackwitz		DE	Sachsen	ort		3118	51.43333	12.38333
2811514	Wellendingen		DE	Baden-Württemberg	ort		3117	48.14745	8.70375
2891844	Kelbra		DE	Sachsen-Anhalt	ort		3117	51.43528	11.04143
2928894	Eslarn		DE	Bayern	ort		3117	49.58345	12.52156
2915172	Großpostwitz		DE	Sachsen	ort		3116	51.12083	14.44065
2934697	Duingen		DE	Niedersachsen	ort		3116	52.00449	9.69578
2843445	Rudelzhausen		DE	Bayern	ort		3114	48.60000	11.76667
2774612	Katzelsdorf		AT	Niederösterreich	ort		3112	47.78055	16.26985
2807484	Wischhafen		DE	Niedersachsen	ort		3110	53.78333	9.31667
2811918	Weißenbrunn		DE	Bayern	ort		3110	50.20000	11.35000
2658289	Turbenthal		CH	Zürich	ort		3109	47.43633	8.84629
2955127	Asendorf		DE	Niedersachsen	ort		3108	52.77219	9.00489
2892409	Katharinenberg		DE	Thüringen	ort		3107	51.18137	10.26084
2779202	Frohnleiten		AT	Steiermark	ort		3106	47.26667	15.31667
2879381	Lehrberg		DE	Bayern	ort		3104	49.34568	10.51101
2660607	Gipf-Oberfrick		CH	Aargau	ort		3102	47.49875	8.00497
2814637	Wallenfels		DE	Bayern	ort		3101	50.26850	11.47058
2891973	Kefenrod		DE	Hessen	ort		3101	50.34475	9.21141
2851611	Putlitz		DE	Brandenburg	ort		3100	53.24899	12.04179
2658248	Unterkulm		CH	Aargau	ort		3099	47.30998	8.11371
2658194	Vallorbe		CH	Waadt	ort		3098	46.71256	6.37894
2834548	Schweina		DE	Thüringen	ort		3098	50.82502	10.33788
2780360	Eggenburg		AT	Niederösterreich	ort		3096	48.63892	15.81903
2848779	Reinhardtsgrimma		DE	Sachsen	ort		3094	50.89270	13.75534
2900341	Holm		DE	Schleswig-Holstein	ort		3094	53.61667	9.66667
2857037	Orsingen-Nenzingen		DE	Baden-Württemberg	ort		3093	47.84272	8.95909
2945698	Boxberg		DE	Sachsen	ort		3093	51.40373	14.57598
2950686	Bergatreute		DE	Baden-Württemberg	ort		3093	47.85000	9.75000
2846274	Röblingen am See		DE	Sachsen-Anhalt	ort		3092	51.45944	11.68231
2900520	Hollenstedt		DE	Niedersachsen	ort		3092	53.36667	9.71667
6295483	Zürich (Kreis 1) / Rathaus		CH	Zürich	stadtteil	Zürich	3091	47.37161	8.54501
2780536	Ebergassing		AT	Niederösterreich	ort		3090	48.04567	16.51709
2658878	Saint-Blaise		CH	Neuenburg	ort		3089	47.01511	6.98832
2872571	Mecklenburg		DE	Mecklenburg-Vorpommern	ort		3088	53.84270	11.46330
2805451	Wustrow		DE	Niedersachsen	ort		3086	52.92370	11.12846
2947067	Bodolz		DE	Bayern	ort		3086	47.56667	9.66667
2661095	Courroux		CH	Jura	ort		3085	47.36069	7.37371
2821099	Trippstadt		DE	Rheinland-Pfalz	ort		3085	49.35935	7.77480
6292396	Rüti / Westlicher Dorfteil		CH	Zürich	stadtteil		3083	47.25548	8.84490
2822868	Themar		DE	Thüringen	ort		3083	50.50465	10.61536
2841611	Sankt Goar		DE	Rheinland-Pfalz	ort		3083	50.14878	7.70720
2827400	Stephansposching		DE	Bayern	ort		3080	48.81667	12.80000
2936822	Dirmstein		DE	Rheinland-Pfalz	ort		3080	49.56333	8.24472
2895751	Irschenberg		DE	Bayern	ort		3079	47.83333	11.91667
2914137	Grünkraut		DE	Baden-Württemberg	ort		3078	47.74417	9.65588
2953352	Bad Schandau		DE	Sachsen	ort		3078	50.91743	14.15494
2931097	Ellefeld		DE	Sachsen	ort		3077	50.48367	12.38880
2870315	Mitwitz		DE	Bayern	ort		3076	50.25111	11.20818
2843399	Ruderting		DE	Bayern	ort		3074	48.65000	13.41667
2910949	Hanerau-Hademarschen		DE	Schleswig-Holstein	ort		3074	54.13333	9.41667
2845268	Romrod		DE	Hessen	ort		3073	50.71341	9.22010
2846806	Rietschen		DE	Sachsen	ort		3072	51.40000	14.78333
2875656	Löwenstein		DE	Baden-Württemberg	ort		3070	49.09558	9.38000
2660135	Klingnau		CH	Aargau	ort		3069	47.58361	8.24880
2958036	Altdöbern		DE	Brandenburg	ort		3067	51.65000	14.03333
2659900	Leysin		CH	Waadt	ort		3066	46.34183	7.01151
2892865	Karlshagen		DE	Mecklenburg-Vorpommern	ort		3066	54.11107	13.83193
2920377	Gimbsheim		DE	Rheinland-Pfalz	ort		3066	49.77778	8.37500
2922571	Garding		DE	Schleswig-Holstein	ort		3065	54.33056	8.78056
2772264	Loosdorf		AT	Niederösterreich	ort		3064	48.20000	15.40000
2773447	Krieglach		AT	Steiermark	ort		3062	47.54728	15.56248
2763595	Timelkam		AT	Oberösterreich	ort		3061	48.00394	13.60760
2658073	Wald		CH	Zürich	ort		3061	47.27595	8.91405
2902230	Hohburg		DE	Sachsen	ort		3061	51.41168	12.80508
2910121	Harthausen		DE	Rheinland-Pfalz	ort		3061	49.29417	8.34500
2839044	Schkopau		DE	Sachsen-Anhalt	ort		3060	51.39186	11.95224
2857182	Oppach		DE	Sachsen	ort		3060	51.06667	14.50000
2878111	Lichtenberg		DE	Sachsen	ort		3060	50.83492	13.42478
2940457	Buxheim		DE	Bayern	ort		3060	48.00000	10.13333
2854165	Pfatter		DE	Bayern	ort		3059	48.96309	12.38254
2866009	Neudietendorf		DE	Thüringen	ort		3059	50.91250	10.91346
2660873	Erlen		CH	Thurgau	ort		3057	47.54814	9.23415
2814747	Walheim		DE	Baden-Württemberg	ort		3057	49.01417	9.15111
2658782	Satigny		CH	Genf	ort		3055	46.21462	6.03553
2941416	Burgbernheim		DE	Bayern	ort		3055	49.45103	10.32385
2767815	Rechnitz		AT	Burgenland	ort		3054	47.30467	16.44095
2869931	Mommenheim		DE	Rheinland-Pfalz	ort		3053	49.88028	8.26500
3206153	Bad Teinach-Zavelstein		DE	Baden-Württemberg	ort		3053	48.69051	8.69285
2943697	Brotterode		DE	Thüringen	ort		3052	50.82412	10.44446
3208594	Büddenstedt		DE	Niedersachsen	ort		3051	52.17035	11.01877
2780579	Ebbs		AT	Tirol	ort		3050	47.63333	12.21667
2661585	Beckenried		CH	Nidwalden	ort		3050	46.96653	8.47575
2804313	Ziemetshausen		DE	Bayern	ort		3049	48.29244	10.53503
2870178	Mohlsdorf		DE	Thüringen	ort		3049	50.66974	12.26519
2905226	Hettenleidelheim		DE	Rheinland-Pfalz	ort		3049	49.53556	8.07361
2957681	Altenglan		DE	Rheinland-Pfalz	ort		3048	49.55000	7.46667
2805365	Zabeltitz		DE	Sachsen	ort		3047	51.35147	13.50462
2769494	Oedt		AT	Oberösterreich	ort		3046	48.21335	14.21013
2874902	Lütjensee		DE	Schleswig-Holstein	ort		3046	53.65000	10.36667
2929605	Erkheim		DE	Bayern	ort		3046	48.03730	10.33570
2816795	Vogtareuth		DE	Bayern	ort		3045	47.94694	12.18126
2935729	Dorndorf		DE	Thüringen	ort		3045	50.83472	10.08921
2659533	Murgenthal		CH	Aargau	ort		3044	47.27145	7.83935
2905299	Heßheim		DE	Rheinland-Pfalz	ort		3044	49.54583	8.30778
3319575	Oberperfuss		AT	Tirol	ort		3043	47.24451	11.24755
2658488	Steinen		CH	Schwyz	ort		3041	47.04975	8.61214
2867274	Mylau		DE	Sachsen	ort		3041	50.61861	12.26535
3272464	Hochdorf-Assenheim		DE	Rheinland-Pfalz	ort		3041	49.41944	8.28167
2867626	Münchweiler an der Rodalbe		DE	Rheinland-Pfalz	ort		3040	49.21798	7.70295
2779143	Fulpmes		AT	Tirol	ort		3038	47.15202	11.34922
2958908	Aidenbach		DE	Bayern	ort		3038	48.57028	13.09000
2855623	Pampow		DE	Mecklenburg-Vorpommern	ort		3037	53.75513	12.60815
11695614	Priel		AT	Kärnten	ort		3034	46.82758	14.83330
2658424	Tann		CH	Zürich	ort		3034	47.26898	8.85024
2661205	Château-d'Oex		CH	Waadt	ort		3034	46.47455	7.13155
6295079	Stadt Winterthur (Kreis 1) / Heiligberg		CH	Zürich	stadtteil	Winterthur	3034	47.49409	8.72334
2780043	Ennsdorf		AT	Niederösterreich	ort		3031	48.21181	14.50290
2893881	Kalchreuth		DE	Bayern	ort		3031	49.55785	11.13350
2859285	Oberriexingen		DE	Baden-Württemberg	ort		3029	48.92652	9.02701
2923253	Gaißach		DE	Bayern	ort		3028	47.75000	11.58333
2888436	Klein Nordende		DE	Schleswig-Holstein	ort		3027	53.72219	9.65424
2953330	Bad Sulza		DE	Thüringen	ort		3027	51.08929	11.62474
2903504	Hirzenhain		DE	Hessen	ort		3026	50.40000	9.13333
2953825	Aystetten		DE	Bayern	ort		3026	48.40556	10.77742
2779485	Fliess		AT	Tirol	ort		3019	47.11667	10.61667
2819030	Untermünkheim		DE	Baden-Württemberg	ort		3019	49.15255	9.73384
2948826	Bingen		DE	Baden-Württemberg	ort		3017	48.11127	9.27238
2847588	Rhens		DE	Rheinland-Pfalz	ort		3016	50.28125	7.61750
2864616	Neuler		DE	Baden-Württemberg	ort		3016	48.92803	10.06888
2881770	Lambrechtshagen		DE	Mecklenburg-Vorpommern	ort		3016	54.10208	12.01645
2948733	Bippen		DE	Niedersachsen	ort		3015	52.58333	7.73333
2659636	Mollis		CH	Glarus	ort		3014	47.08878	9.07242
2944828	Brehna		DE	Sachsen-Anhalt	ort		3014	51.55790	12.21276
2777927	Gröbming		AT	Steiermark	ort		3013	47.44272	13.90122
2766736	Sankt Dionysen		AT	Oberösterreich	ort		3012	48.22439	14.25485
2775499	Hornstein		AT	Burgenland	ort		3012	47.88049	16.44447
2885764	Königstein		DE	Sachsen	ort		3011	50.91570	14.07186
6941590	Givisiez		CH	Freiburg	ort		3010	46.81201	7.12639
2657916	Zizers		CH	Graubünden	ort		3009	46.93575	9.56491
2839090	Schirgiswalde		DE	Sachsen	ort		3009	51.07641	14.42834
2923315	Gailingen		DE	Baden-Württemberg	ort		3008	47.69711	8.75567
2661564	Belmont-sur-Lausanne		CH	Waadt	ort		3007	46.51891	6.67636
3206151	Bad Peterstal-Griesbach		DE	Baden-Württemberg	ort		3006	48.43333	8.21667
2925458	Frasdorf		DE	Bayern	ort		3005	47.80376	12.28512
2931182	Elfershausen		DE	Bayern	ort		3005	50.14743	9.96151
2818418	Unterwellenborn		DE	Thüringen	ort		3002	50.65000	11.43333
2894007	Kaisersesch		DE	Rheinland-Pfalz	ort		3001	50.23148	7.13864
2898774	Hörnsheim		DE	Hessen	ort		3000	50.51828	8.62976
2934466	Durlangen		DE	Baden-Württemberg	ort		3000	48.85632	9.79654
2941028	Burkau		DE	Sachsen	ort		3000	51.17579	14.17329
2822118	Tinnum		DE	Schleswig-Holstein	ort		2997	54.89932	8.33476
2920002	Gleichamberg		DE	Thüringen	ort		2997	50.37068	10.59822
2806007	Wrestedt		DE	Niedersachsen	ort		2996	52.90435	10.57494
2834611	Schwegenheim		DE	Rheinland-Pfalz	ort		2996	49.27000	8.32861
2881599	Landesbergen		DE	Niedersachsen	ort		2996	52.55598	9.12505
2959489	Adenau		DE	Rheinland-Pfalz	ort		2995	50.38238	6.93291
2820419	Uffing		DE	Bayern	ort		2994	47.71378	11.15034
2838547	Schlieben		DE	Brandenburg	ort		2994	51.72379	13.38304
2771042	Münchendorf		AT	Niederösterreich	ort		2992	48.03333	16.38333
2855414	Parkstetten		DE	Bayern	ort		2992	48.91667	12.60000
2885479	Körle		DE	Hessen	ort		2991	51.16667	9.51667
2910488	Hargesheim		DE	Rheinland-Pfalz	ort		2991	49.86230	7.82881
2781780	Biedermannsdorf		AT	Niederösterreich	ort		2988	48.08393	16.34542
2856205	Ostritz		DE	Sachsen	ort		2988	51.01451	14.93059
2929123	Escheburg		DE	Schleswig-Holstein	ort		2988	53.46667	10.31667
2764354	Steyregg		AT	Oberösterreich	ort		2987	48.28513	14.36995
2818999	Unterneukirchen		DE	Bayern	ort		2987	48.16667	12.61667
2847319	Ried		DE	Bayern	ort		2987	48.47698	11.26060
2955815	Apensen		DE	Niedersachsen	ort		2987	53.43333	9.61667
2766692	Sankt Georgen im Attergau		AT	Oberösterreich	ort		2986	47.93595	13.48306
2875870	Lorup		DE	Niedersachsen	ort		2986	52.92495	7.64339
2906527	Hemmingstedt		DE	Schleswig-Holstein	ort		2986	54.15000	9.06667
2661651	Bachenbülach		CH	Zürich	ort		2985	47.50317	8.54556
2804803	Zell unter Aichelberg		DE	Baden-Württemberg	ort		2984	48.64882	9.57137
2847242	Rieden		DE	Bayern	ort		2983	49.32361	11.94205
12110962	Bebelhof		DE	Niedersachsen	stadtteil	Braunschweig	2983	52.24310	10.54058
2658288	Turgi		CH	Aargau	ort		2982	47.49201	8.25412
2772653	Lenzing		AT	Oberösterreich	ort		2981	47.97326	13.60846
2890770	Kirchanschöring		DE	Bayern	ort		2980	47.95303	12.83435
2892052	Kaulsdorf		DE	Thüringen	ort		2980	50.61670	11.43295
2807696	Wintersdorf		DE	Thüringen	ort		2978	51.05320	12.35445
2926667	Fintel		DE	Niedersachsen	ort		2975	53.17188	9.66969
2865129	Neuhaus an der Pegnitz		DE	Bayern	ort		2974	49.62799	11.55066
2861802	Nortrup		DE	Niedersachsen	ort		2972	52.61503	7.86072
2871958	Mengersgereuth-Hämmern		DE	Thüringen	ort		2972	50.39730	11.11649
2761348	Wienersdorf		AT	Niederösterreich	ort		2971	48.00819	16.29169
2660670	Gams		CH	St. Gallen	ort		2971	47.20429	9.44172
2854840	Perlesreut		DE	Bayern	ort		2971	48.78181	13.43840
2830674	Speicher		DE	Rheinland-Pfalz	ort		2970	49.93333	6.63333
2859772	Obermichelbach		DE	Bayern	ort		2970	49.53117	10.90891
2860932	Oberelsbach		DE	Bayern	ort		2970	50.44118	10.11692
2817904	Valley		DE	Bayern	ort		2968	47.89310	11.77915
2925440	Frauenau		DE	Bayern	ort		2966	48.98895	13.30067
2916926	Großbreitenbach		DE	Thüringen	ort		2965	50.58335	11.00955
11694975	Brandln		AT	Oberösterreich	stadtteil		2964	48.14510	13.99504
2660269	Illnau		CH	Zürich	ort		2964	47.41130	8.72125
2909252	Hattenhofen		DE	Baden-Württemberg	ort		2964	48.66648	9.57456
2765102	Siegendorf im Burgenland		AT	Burgenland	ort		2963	47.78098	16.54232
2780147	Elixhausen		AT	Salzburg	ort		2963	47.86667	13.06667
2903817	Hirrlingen		DE	Baden-Württemberg	ort		2963	48.41245	8.88742
2823605	Teisnach		DE	Bayern	ort		2962	49.04114	12.98784
2955416	Arpke		DE	Niedersachsen	ort		2962	52.38597	10.10047
2955651	Luftkurort Arendsee		DE	Sachsen-Anhalt	ort		2962	52.88073	11.48621
2895891	Inzigkofen		DE	Baden-Württemberg	ort		2961	48.07034	9.17998
6291134	Embrach / Embrach (Dorfkern)		CH	Zürich	stadtteil	Winterthur	2960	47.50400	8.59477
2940377	Camburg		DE	Thüringen	ort		2958	51.05524	11.70967
2865223	Neuhardenberg		DE	Brandenburg	ort		2957	52.59601	14.23768
2890590	Eiselfing		DE	Bayern	ort		2956	48.04114	12.24272
2947810	Blender		DE	Niedersachsen	ort		2954	52.91667	9.13333
2867511	Münster-Sarmsheim		DE	Rheinland-Pfalz	ort		2952	49.94341	7.89426
2765077	Siezenheim		AT	Salzburg	ort		2951	47.81529	12.99039
2776470	Herzogenburg		AT	Niederösterreich	ort		2951	48.28137	15.69431
2782053	Bad Hofgastein		AT	Salzburg	ort		2951	47.17274	13.09871
2873841	Mantel		DE	Bayern	ort		2951	49.65412	12.04074
2893255	Kamsdorf		DE	Thüringen	ort		2951	50.64312	11.45401
2768464	Pöttsching		AT	Burgenland	ort		2950	47.80445	16.37109
2838725	Schleife		DE	Sachsen	ort		2950	51.53333	14.53333
2874000	Mamming		DE	Bayern	ort		2948	48.65174	12.60784
2943919	Broderstorf		DE	Mecklenburg-Vorpommern	ort		2948	54.08114	12.26350
2779450	Fohnsdorf		AT	Steiermark	ort		2947	47.20000	14.68333
2844829	Rossbach		DE	Bayern	ort		2944	48.58333	12.95000
2661557	Berg		CH	Thurgau	ort		2942	47.57879	9.16635
2821211	Tribsees		DE	Mecklenburg-Vorpommern	ort		2942	54.09556	12.75683
2660474	Grosswangen		CH	Luzern	ort		2941	47.13310	8.05041
2947038	Boffzen		DE	Niedersachsen	ort		2941	51.75065	9.39824
2953316	Bad Wilsnack		DE	Brandenburg	ort		2941	52.95607	11.94903
2951843	Bayerisch Gmain		DE	Bayern	ort		2940	47.71667	12.90000
2828911	Steinach		DE	Bayern	ort		2938	48.95417	12.60709
2867637	Münchsmünster		DE	Bayern	ort		2938	48.76667	11.68333
2659574	Mosnang		CH	St. Gallen	ort		2936	47.36252	9.04296
2803781	Zschornewitz		DE	Sachsen-Anhalt	ort		2936	51.71585	12.39998
2867863	Mulda		DE	Sachsen	ort		2936	50.80789	13.41477
2878944	Lemförde		DE	Niedersachsen	ort		2936	52.46557	8.37621
2776632	Hausmannstätten		AT	Steiermark	ort		2934	46.99111	15.51139
2886285	Kollnburg		DE	Bayern	ort		2934	49.04664	12.86121
2883170	Kubschütz		DE	Sachsen	ort		2932	51.16667	14.50000
2917726	Gremberghoven		DE	Nordrhein-Westfalen	ort		2932	50.90152	7.06129
2927510	Feilitzsch		DE	Bayern	ort		2932	50.36667	11.93333
2807327	Wittenförden		DE	Mecklenburg-Vorpommern	ort		2931	53.62917	11.32982
2815303	Waigolshausen		DE	Bayern	ort		2931	49.96430	10.12001
2843043	Rüningen		DE	Niedersachsen	stadtteil	Braunschweig	2929	52.22123	10.50405
2863517	Niederdorfelden		DE	Hessen	ort		2925	50.19415	8.80005
2660943	Egerkingen		CH	Solothurn	ort		2923	47.31957	7.78424
6295184	Mattenbach (Kreis 7) / Gutschick		CH	Zürich	stadtteil	Winterthur	2923	47.49104	8.75258
2885898	Königsdorf		DE	Bayern	ort		2923	47.81546	11.48063
2951327	Beindersheim		DE	Rheinland-Pfalz	ort		2923	49.56056	8.31944
2859360	Oberreichenbach		DE	Baden-Württemberg	ort		2922	48.73333	8.66667
2872796	Mauerstetten		DE	Bayern	ort		2922	47.89358	10.67127
2820716	Tussenhausen		DE	Bayern	ort		2921	48.10218	10.56069
2915550	Großhartmannsdorf		DE	Sachsen	ort		2921	50.80000	13.33333
2658653	Seedorf		CH	Bern	ort		2920	47.03445	7.31249
2815128	Waldburg		DE	Baden-Württemberg	ort		2920	47.75710	9.71342
2876539	Löcknitz		DE	Mecklenburg-Vorpommern	ort		2919	53.28694	11.78108
2894907	Jetzendorf		DE	Bayern	ort		2919	48.43333	11.41667
2771766	Mautern		AT	Niederösterreich	ort		2917	48.39319	15.57793
2952651	Bargfeld-Stegen		DE	Schleswig-Holstein	ort		2917	53.76778	10.18750
2827758	Steinmauern		DE	Baden-Württemberg	ort		2916	48.90095	8.19692
2767813	Reding		AT	Kärnten	ort		2914	46.81667	14.85000
2814246	Wankendorf		DE	Schleswig-Holstein	ort		2914	54.11224	10.20546
2869147	Morsum		DE	Niedersachsen	ort		2912	52.95347	9.07962
2659436	Nottwil		CH	Luzern	ort		2911	47.13469	8.13774
2806770	Wolframs-Eschenbach		DE	Bayern	ort		2911	49.22675	10.72769
2907616	Heiligenberg		DE	Baden-Württemberg	ort		2911	47.82094	9.31280
2839049	Schkölen		DE	Thüringen	ort		2909	51.04166	11.82141
2913224	Haag an der Amper		DE	Bayern	ort		2909	48.45840	11.82796
2820334	Uehlfeld		DE	Bayern	ort		2908	49.67085	10.72017
2874028	Malterdingen		DE	Baden-Württemberg	ort		2907	48.15719	7.78608
2932748	Eibelstadt		DE	Bayern	ort		2907	49.72392	9.99962
2955259	Aschau am Inn		DE	Bayern	ort		2907	48.19845	12.35003
2768271	Puchheim		AT	Oberösterreich	stadtteil		2904	48.00000	13.71667
2859302	Oberried		DE	Baden-Württemberg	ort		2904	47.93333	7.95000
2930622	Elze		DE	Niedersachsen	ort		2904	52.58157	9.73492
3272457	Rödersheim-Gronau		DE	Rheinland-Pfalz	ort		2903	49.43000	8.26139
2768242	Purbach am Neusiedler See		AT	Burgenland	ort		2901	47.91289	16.69561
2659404	Oberburg		CH	Bern	ort		2901	47.03665	7.62745
2658634	Selzach		CH	Solothurn	ort		2900	47.20531	7.45521
2659497	Netstal		CH	Glarus	ort		2900	47.06337	9.05734
2804791	Zemmer		DE	Rheinland-Pfalz	ort		2900	49.90000	6.70000
2912168	Hahnstätten		DE	Rheinland-Pfalz	ort		2900	50.30000	8.06667
2661398	Brienz		CH	Bern	ort		2899	46.75450	8.03847
2873056	Marzling		DE	Bayern	ort		2899	48.40904	11.79382
3205570	Straßlach-Dingharting		DE	Bayern	ort		2899	48.00491	11.51410
2805677	Wurmberg		DE	Baden-Württemberg	ort		2898	48.86667	8.81667
2835184	Schwarzach		DE	Bayern	ort		2898	48.91567	12.81143
2871803	Merkendorf		DE	Bayern	ort		2898	49.20361	10.70416
2928163	Fahrenbach		DE	Baden-Württemberg	ort		2898	49.43139	9.15056
2849263	Rehna		DE	Mecklenburg-Vorpommern	ort		2897	53.77877	11.04929
2936623	Döbernitz		DE	Sachsen	ort		2896	51.51241	12.34753
2952981	Bamenohl		DE	Nordrhein-Westfalen	ort		2896	51.16527	7.98412
2819248	Unterkirnach		DE	Baden-Württemberg	ort		2895	48.07946	8.36575
2893721	Kallmünz		DE	Bayern	ort		2895	49.16094	11.96051
2926960	Fichtenberg		DE	Baden-Württemberg	ort		2894	48.98601	9.71199
2850248	Rastenberg		DE	Thüringen	ort		2892	51.17496	11.42029
2953768	Babensham		DE	Bayern	ort		2892	48.08333	12.26667
2661300	Buttisholz		CH	Luzern	ort		2890	47.11442	8.09425
2841935	Sandberg		DE	Bayern	ort		2890	50.34824	10.00814
2843743	Röttenbach		DE	Bayern	ort		2890	49.15000	11.03333
2810336	Westerheim		DE	Baden-Württemberg	ort		2888	48.51511	9.62424
2931828	Eime		DE	Niedersachsen	ort		2888	52.07449	9.72118
2872173	Meisenheim		DE	Rheinland-Pfalz	ort		2887	49.70721	7.66765
2921164	Gerbstedt		DE	Sachsen-Anhalt	ort		2885	51.63281	11.62669
2658478	Stettlen		CH	Bern	ort		2884	46.95835	7.52508
2836407	Schopfloch		DE	Bayern	ort		2884	49.11917	10.30774
2881786	Lam		DE	Bayern	ort		2884	49.19665	13.05051
2813647	Wattenbek		DE	Schleswig-Holstein	ort		2883	54.16667	10.05000
6956026	Hausen		CH	Aargau	ort		2881	47.46396	8.20988
2837885	Schmidgaden		DE	Bayern	ort		2881	49.42340	12.09247
2832332	Siershahn		DE	Rheinland-Pfalz	ort		2879	50.48639	7.77972
2827994	Steinheim		DE	Bayern	ort		2878	48.01473	10.16081
2813209	Wehringen		DE	Bayern	ort		2877	48.25000	10.80000
2659079	Reichenburg		CH	Schwyz	ort		2876	47.17097	8.97704
2661542	Beromünster		CH	Luzern	ort		2876	47.20612	8.19265
6292398	Rüti / Oberdorf		CH	Zürich	stadtteil		2875	47.25894	8.86512
2804279	Ziesar		DE	Brandenburg	ort		2875	52.26616	12.28997
2852757	Pommersfelden		DE	Bayern	ort		2874	49.76667	10.81667
2926941	Fichtenwalde		DE	Brandenburg	ort		2874	52.28038	12.88349
2938633	Deckenpfronn		DE	Baden-Württemberg	ort		2874	48.65128	8.82417
6295549	Obermeilen		CH	Zürich	ort		2871	47.26574	8.65567
2820786	Tuningen		DE	Baden-Württemberg	ort		2870	48.03333	8.60000
2926170	Flintsbach		DE	Bayern	ort		2870	47.72576	12.12419
2774105	Kleinhöflein im Burgenland		AT	Burgenland	stadtteil		2868	47.84151	16.50413
2873153	Martfeld		DE	Niedersachsen	ort		2867	52.87572	9.06081
2776761	Haselbach		AT	Oberösterreich	ort		2862	48.25308	13.05614
2779324	Frauenkirchen		AT	Burgenland	ort		2862	47.83678	16.92581
2833590	Seeshaupt		DE	Bayern	ort		2862	47.82468	11.30219
2659402	Oberdiessbach		CH	Bern	ort		2860	46.84117	7.61730
2842434	Sagard		DE	Mecklenburg-Vorpommern	ort		2859	54.52556	13.55387
2911230	Hammah		DE	Niedersachsen	ort		2859	53.61667	9.36667
3209174	Admannshagen-Bargeshagen		DE	Mecklenburg-Vorpommern	ort		2855	54.13038	11.99915
2897879	Hülben		DE	Baden-Württemberg	ort		2854	48.51982	9.40790
2658464	Subingen		CH	Solothurn	ort		2852	47.19852	7.61949
2852995	Pöhl		DE	Sachsen	ort		2852	50.39311	12.32908
2782542	Andorf		AT	Oberösterreich	ort		2851	48.37130	13.57412
2928605	Ettringen		DE	Rheinland-Pfalz	ort		2851	50.35000	7.21667
2658992	Rohr		CH	Solothurn	ort		2849	47.41029	7.95333
2863756	Newel		DE	Rheinland-Pfalz	ort		2849	49.81240	6.58304
2916676	Großenaspe		DE	Schleswig-Holstein	ort		2849	53.98333	9.96667
6291558	Niederhasli		CH	Zürich	ort		2848	47.48012	8.48576
2949646	Betzigau		DE	Bayern	ort		2848	47.73333	10.38333
2839212	Schillingsfürst		DE	Bayern	ort		2847	49.28775	10.26276
2768386	Pregarten		AT	Oberösterreich	ort		2846	48.35488	14.53217
2855370	Partenstein		DE	Bayern	ort		2844	50.04176	9.51991
2928862	Espenhain		DE	Sachsen	ort		2843	51.18926	12.47885
2661194	Chavornay		CH	Waadt	ort		2841	46.70244	6.56940
2917626	Greppin		DE	Sachsen-Anhalt	ort		2840	51.64682	12.30066
2880912	Langensendelbach		DE	Bayern	ort		2837	49.64051	11.07104
6290434	Hedingen		CH	Zürich	ort		2835	47.29794	8.44833
2851459	Queidersbach		DE	Rheinland-Pfalz	ort		2834	49.36667	7.63333
2857432	Oldendorf		DE	Niedersachsen	ort		2834	53.58333	9.25000
2658433	Tafers		CH	Freiburg	ort		2833	46.81483	7.21852
2779669	Feldkirchen in Kärnten		AT	Kärnten	ort		2831	46.72368	14.09580
2658311	Trimmis		CH	Graubünden	ort		2831	46.90075	9.56120
2905643	Herrnhut		DE	Sachsen	ort		2830	51.01624	14.74381
2762575	Unterwaltersdorf		AT	Niederösterreich	ort		2829	47.95000	16.41667
2812831	Weihenzell		DE	Bayern	ort		2829	49.35000	10.61667
2833849	Seeg		DE	Bayern	ort		2829	47.65000	10.60000
2916570	Großenwiehe		DE	Schleswig-Holstein	ort		2829	54.70000	9.25000
2772810	Laxenburg		AT	Niederösterreich	ort		2828	48.06833	16.35607
2780135	Ellmau		AT	Tirol	ort		2828	47.51378	12.29937
2828089	Steingaden		DE	Bayern	ort		2828	47.70000	10.86667
2872980	Masserberg		DE	Thüringen	ort		2828	50.51981	10.97087
2658188	Vandœuvres		CH	Genf	ort		2826	46.22179	6.20285
2660254	Ins		CH	Bern	ort		2826	47.00584	7.10609
6295305	Dietikon / Hofacker		CH	Zürich	stadtteil	Zürich	2826	47.39718	8.41609
2887444	Klostermansfeld		DE	Sachsen-Anhalt	ort		2824	51.58333	11.50000
2834296	Schwepnitz		DE	Sachsen	ort		2823	51.32809	13.95772
2764182	Strassengel		AT	Steiermark	ort		2822	47.11573	15.33288
2774547	Kematen in Tirol		AT	Tirol	ort		2822	47.25000	11.26667
2658600	Signau		CH	Bern	ort		2821	46.91944	7.72418
2893939	Kalbe		DE	Sachsen-Anhalt	ort		2821	52.65656	11.38456
6692335	Muralto		CH	Tessin	ort		2818	46.17323	8.80219
2772879	Lassnitzhöhe		AT	Steiermark	ort		2817	47.06667	15.58333
6294614	Hegnau / Dammboden-Grindel		CH	Zürich	stadtteil	Zürich	2817	47.38713	8.66657
2946290	Börger		DE	Niedersachsen	ort		2816	52.91211	7.53576
2890984	Kieselbronn		DE	Baden-Württemberg	ort		2814	48.93333	8.75000
2924406	Friesack		DE	Brandenburg	ort		2814	52.73764	12.57969
2657887	Zweisimmen		CH	Bern	ort		2813	46.55539	7.37302
2919177	Golßen		DE	Brandenburg	ort		2813	51.97204	13.60115
2768006	Ramsau am Dachstein		AT	Steiermark	ort		2812	47.42150	13.65545
2661086	Couvet		CH	Neuenburg	ort		2811	46.92525	6.63270
2660491	Grossaffoltern		CH	Bern	ort		2810	47.06534	7.35689
2832819	Sibbesse		DE	Niedersachsen	ort		2810	52.05000	9.90000
2858416	Obrigheim		DE	Rheinland-Pfalz	ort		2809	49.59161	8.20483
2933018	Eggstätt		DE	Bayern	ort		2809	47.92698	12.37919
2869752	Mönsheim		DE	Baden-Württemberg	ort		2808	48.86667	8.86667
2952703	Bärenstein		DE	Sachsen	ort		2804	50.49989	13.02681
2772646	Leobendorf		AT	Niederösterreich	ort		2802	48.38333	16.31667
2930252	Engelsberg		DE	Bayern	ort		2801	48.11631	12.54267
2909296	Haste		DE	Niedersachsen	ort		2800	52.38105	9.39280
2659670	Mettmenstetten		CH	Zürich	stadtteil	Zürich	2798	47.24529	8.46347
2827318	Sternenfels		DE	Baden-Württemberg	ort		2797	49.05139	8.85083
2779430	Forchtenstein		AT	Burgenland	ort		2796	47.71161	16.34525
2774387	Kirchdorf in Tirol		AT	Tirol	ort		2795	47.55626	12.44511
2661104	Cossonay		CH	Waadt	ort		2795	46.61443	6.50631
2766340	Sankt Wolfgang im Salzkammergut		AT	Oberösterreich	ort		2794	47.73932	13.44666
2947372	Bockelwitz		DE	Sachsen	ort		2794	51.19942	12.95618
2899291	Hoogstede		DE	Niedersachsen	ort		2793	52.58333	6.95000
2760510	Zistersdorf		AT	Niederösterreich	ort		2792	48.54252	16.76136
2781024	Deutschkreutz		AT	Burgenland	ort		2791	47.60000	16.63333
2862696	Niederzissen		DE	Rheinland-Pfalz	ort		2791	50.45876	7.21810
2920850	Gerwisch		DE	Sachsen-Anhalt	ort		2791	52.17662	11.73972
2881939	Lägerdorf		DE	Schleswig-Holstein	ort		2790	53.88333	9.58333
2658043	Wattenwil		CH	Bern	ort		2788	46.76973	7.50835
2815198	Wald		DE	Bayern	ort		2787	49.15000	12.35000
2952261	Bassenheim		DE	Rheinland-Pfalz	ort		2787	50.35820	7.45961
2930820	Elmstein		DE	Rheinland-Pfalz	ort		2786	49.36667	7.93333
2958121	Alsleben		DE	Sachsen-Anhalt	ort		2786	51.70161	11.67648
2816010	Vörstetten		DE	Baden-Württemberg	ort		2785	48.06667	7.85000
2659456	Niederrohrdorf		CH	Aargau	ort		2784	47.42409	8.30404
2927726	Faulbach		DE	Bayern	ort		2784	49.78528	9.44417
2835352	Schwallungen		DE	Thüringen	ort		2782	50.69260	10.35706
2660568	Gommiswald		CH	St. Gallen	ort		2781	47.23128	9.02355
11608790	Südstadt		DE	Niedersachsen	ort		2781	52.23348	10.55808
2765231	Seewalchen		AT	Oberösterreich	ort		2780	47.95246	13.58382
2885165	Kottenheim		DE	Rheinland-Pfalz	ort		2780	50.35000	7.25000
2659631	Mönchaltorf		CH	Zürich	ort		2779	47.30958	8.72029
2816646	Volkertshausen		DE	Baden-Württemberg	ort		2779	47.81667	8.86667
2660681	Gais		CH	Appenzell Ausserrhoden	ort		2778	47.36150	9.45356
6295447	Zürich (Kreis 2) / Unter-Leimbach		CH	Zürich	stadtteil	Zürich	2778	47.33362	8.51433
2776866	Bad Häring		AT	Tirol	ort		2777	47.51071	12.11912
2777164	Haag		AT	Niederösterreich	ort		2777	48.11362	14.56753
2781859	Bergheim		AT	Salzburg	ort		2777	47.83333	13.03333
2659998	Laupen		CH	Bern	ort		2774	46.90214	7.23973
2661188	Chermignon-d'en Haut		CH	Wallis	ort		2773	46.28844	7.47487
2933287	Effeltrich		DE	Bayern	ort		2771	49.65929	11.09319
2901625	Hohenlinden		DE	Bayern	ort		2769	48.15612	11.99458
2955410	Arrach		DE	Bayern	ort		2769	49.19149	12.99387
2832333	Siersdorf		DE	Nordrhein-Westfalen	ort		2768	50.89827	6.22684
2861988	Nordhastedt		DE	Schleswig-Holstein	ort		2764	54.16667	9.18333
6295143	Töss (Kreis 4) / Schlosstal		CH	Zürich	stadtteil	Winterthur	2762	47.49279	8.70223
2939990	Cleebronn		DE	Baden-Württemberg	ort		2762	49.04500	9.03694
2658759	Schafisheim		CH	Aargau	ort		2758	47.37664	8.14263
2661661	Avenches		CH	Waadt	ort		2758	46.88004	7.04071
2858484	Oberwolfach		DE	Baden-Württemberg	ort		2758	48.31667	8.21667
2870304	Mochau		DE	Sachsen	ort		2757	51.13333	13.18333
2958917	Aichstetten		DE	Baden-Württemberg	ort		2757	47.89295	10.07837
2932329	Eichenbühl		DE	Bayern	ort		2756	49.70556	9.32917
2826187	Straßberg		DE	Baden-Württemberg	ort		2755	48.17805	9.09059
2953213	Baierbrunn		DE	Bayern	ort		2755	48.02030	11.48689
2911556	Halfing		DE	Bayern	ort		2754	47.95197	12.27525
2872807	Mauern		DE	Bayern	ort		2752	48.51667	11.90000
2768497	Pörtschach am Wörthersee		AT	Kärnten	ort		2751	46.63639	14.14639
2909087	Haundorf		DE	Bayern	ort		2751	49.17598	10.77124
2763459	Traismauer		AT	Niederösterreich	ort		2750	48.35000	15.73333
2905693	Herrischried		DE	Baden-Württemberg	ort		2750	47.66667	8.00000
2825620	Struppen		DE	Sachsen	ort		2749	50.93333	14.01667
3207526	Hoppstädten-Weiersbach		DE	Rheinland-Pfalz	ort		2749	49.61667	7.20000
2661596	Bätterkinden		CH	Bern	ort		2748	47.13164	7.53817
2857810	Offenau		DE	Baden-Württemberg	ort		2748	49.24583	9.16056
11748017	Dürnau		AT	Oberösterreich	ort		2747	47.99710	13.64459
2811937	Weißenborn		DE	Sachsen	stadtteil	Zwickau	2747	50.73952	12.47051
2818541	Unterthingau		DE	Bayern	ort		2747	47.77155	10.50446
2917206	Gröbzig		DE	Sachsen-Anhalt	ort		2747	51.68226	11.87453
2933821	Ebringen		DE	Baden-Württemberg	ort		2747	47.95780	7.77652
2859129	Oberschneiding		DE	Bayern	ort		2745	48.79573	12.64200
2955627	Aresing		DE	Bayern	ort		2741	48.27704	12.60538
2659561	Mühleberg		CH	Bern	ort		2739	46.95466	7.26102
2775768	Hohenau		AT	Niederösterreich	ort		2738	48.60420	16.90470
2817673	Veltenhof		DE	Niedersachsen	stadtteil	Braunschweig	2738	52.30774	10.48937
2828045	Steinhagen		DE	Mecklenburg-Vorpommern	ort		2738	54.22616	12.98867
2770555	Niederndorf		AT	Tirol	ort		2736	47.65000	12.21667
2950979	Benshausen		DE	Thüringen	ort		2736	50.65000	10.60000
2660529	Grandson		CH	Waadt	ort		2735	46.80946	6.64600
2838628	Schlettau		DE	Sachsen	ort		2733	50.55882	12.95269
2831992	Simmozheim		DE	Baden-Württemberg	ort		2731	48.75127	8.81142
2853202	Pleystein		DE	Bayern	ort		2730	49.64907	12.40631
2894617	Judenbach		DE	Thüringen	ort		2730	50.39591	11.22099
2914932	Groß Twülpstedt		DE	Niedersachsen	ort		2729	52.37361	10.91929
2877335	Lindenberg		DE	Niedersachsen	stadtteil	Braunschweig	2728	52.24578	10.56190
2886846	Kodersdorf		DE	Sachsen	ort		2728	51.24272	14.89336
2917858	Grebenau		DE	Hessen	ort		2728	50.74242	9.47307
2772531	Lichtenwörth		AT	Niederösterreich	ort		2727	47.82756	16.29873
2822563	Thüngersheim		DE	Bayern	ort		2726	49.87833	9.84917
2659281	Orsières		CH	Wallis	ort		2725	46.02903	7.14437
2658105	Volketswil / Volketswil (Dorf)		CH	Zürich	ort		2723	47.39016	8.69085
2781361	Bruckneudorf		AT	Burgenland	ort		2721	48.01667	16.78333
2886843	Köditz		DE	Bayern	ort		2721	50.33333	11.85000
2812092	Weisenbach		DE	Baden-Württemberg	ort		2720	48.72757	8.35378
2836480	Schönsee		DE	Bayern	ort		2720	49.51030	12.54763
2777216	Güssing		AT	Burgenland	ort		2719	47.05936	16.32431
2818929	Unterpleichfeld		DE	Bayern	ort		2718	49.86886	10.04399
2824776	Sulzburg		DE	Baden-Württemberg	ort		2717	47.84116	7.70777
2764557	Steinach am Brenner		AT	Tirol	ort		2716	47.08333	11.46667
2847271	Riede		DE	Niedersachsen	ort		2716	52.96667	8.95000
2938136	Derenburg		DE	Sachsen-Anhalt	ort		2716	51.87086	10.91029
2659122	Quarten		CH	St. Gallen	ort		2715	47.10700	9.24199
2659048	Rickenbach bei Wil		CH	Thurgau	ort		2714	47.44856	9.04902
2865639	Neuenkirchen		DE	Niedersachsen	ort		2714	52.51037	8.06371
2781692	Blindenmarkt		AT	Niederösterreich	ort		2712	48.12749	14.98647
2812584	Weiler		DE	Rheinland-Pfalz	ort		2712	49.95696	7.86484
2830873	Soyen		DE	Bayern	ort		2712	48.10808	12.21006
2833138	Selters		DE	Rheinland-Pfalz	ort		2711	50.53253	7.75577
2877767	Lieskau		DE	Sachsen-Anhalt	ort		2711	51.50395	11.86208
6293102	Wädenswil / Büelen		CH	Zürich	stadtteil	Zürich	2710	47.23395	8.66346
2883986	Kriebstein		DE	Sachsen	ort		2710	51.05000	13.01667
2893328	Kammerstein		DE	Bayern	ort		2709	49.29317	10.97277
2941159	Burgsinn		DE	Bayern	ort		2709	50.14968	9.65119
2767283	Rohrbach bei Mattersburg		AT	Burgenland	ort		2707	47.70520	16.43005
2661745	Anières		CH	Genf	ort		2706	46.27673	6.22204
2815205	Wald		DE	Baden-Württemberg	ort		2706	47.93333	9.16667
2808315	Wimsheim		DE	Baden-Württemberg	ort		2705	48.85000	8.83333
2766322	Satteins		AT	Vorarlberg	ort		2703	47.21667	9.66667
2661687	Aubonne		CH	Waadt	ort		2703	46.49514	6.39155
2892460	Kastl		DE	Bayern	ort		2701	49.36960	11.68261
2658846	Samedan		CH	Graubünden	ort		2700	46.53399	9.87276
2659996	Lauperswil		CH	Bern	ort		2700	46.96564	7.74214
2935209	Dreierwalde		DE	Nordrhein-Westfalen	ort		2700	52.33194	7.50333
2660893	Ennenda		CH	Glarus	ort		2699	47.03363	9.07888
2829759	Stadtlengsfeld		DE	Thüringen	ort		2698	50.78329	10.12918
2929429	Erligheim		DE	Baden-Württemberg	ort		2697	49.02250	9.09722
2658632	Sementina		CH	Tessin	ort		2695	46.18363	8.99162
2866885	Naundorf		DE	Sachsen	ort		2695	51.25718	13.10810
2876462	Loffenau		DE	Baden-Württemberg	ort		2695	48.77214	8.38463
2861258	Oberbiel		DE	Hessen	stadtteil	Wetzlar	2694	50.55320	8.42797
2909204	Hatzenbühl		DE	Rheinland-Pfalz	ort		2693	49.11111	8.24528
2761306	Wiesen		AT	Burgenland	ort		2691	47.73776	16.33798
2904667	Hillscheid		DE	Rheinland-Pfalz	ort		2691	50.40639	7.69861
2958126	Alsheim		DE	Rheinland-Pfalz	ort		2691	49.76806	8.34028
6292760	Horgen / Scheller-Stockerstrasse		CH	Zürich	stadtteil	Zürich	2690	47.26584	8.58760
2866793	Nebra		DE	Sachsen-Anhalt	ort		2690	51.28810	11.57749
2898863	Hornburg		DE	Niedersachsen	ort		2689	52.03095	10.60490
2952238	Bastheim		DE	Bayern	ort		2689	50.40080	10.20372
2852372	Prackenbach		DE	Bayern	ort		2688	49.09543	12.82614
2937944	Detern		DE	Niedersachsen	ort		2687	53.20927	7.67395
3208303	Klein Offenseth-Sparrieshoop		DE	Schleswig-Holstein	ort		2687	53.79748	9.68653
2823625	Teichwolframsdorf		DE	Thüringen	ort		2686	50.72093	12.24689
2771409	Mitterndorf an der Fischa		AT	Niederösterreich	ort		2685	47.99739	16.47357
2852656	Poppenhausen		DE	Hessen	ort		2685	50.48793	9.86795
2782813	Aldrans		AT	Tirol	ort		2684	47.25000	11.45000
2768279	Puchberg am Schneeberg		AT	Niederösterreich	ort		2683	47.78709	15.91352
2761734	Weigelsdorf		AT	Niederösterreich	ort		2680	47.95000	16.40000
2898299	Hoym		DE	Sachsen-Anhalt	ort		2680	51.78292	11.31244
2946801	Bokel		DE	Niedersachsen	ort		2680	53.39326	8.76803
2859511	Obernzenn		DE	Bayern	ort		2679	49.45193	10.46670
2878838	Lengerich		DE	Niedersachsen	ort		2679	52.55381	7.53164
3207685	Birken-Honigsessen		DE	Rheinland-Pfalz	ort		2678	50.81667	7.73333
2923371	Gägelow		DE	Mecklenburg-Vorpommern	ort		2676	53.68558	11.89639
2658253	Unterengstringen		CH	Zürich	ort		2675	47.41396	8.44761
2876685	Lobstädt		DE	Sachsen	ort		2675	51.13361	12.44861
2907111	Heist		DE	Schleswig-Holstein	ort		2675	53.65000	9.65000
2934281	Dürrwangen		DE	Bayern	ort		2673	49.10778	10.38500
2955822	Apelern		DE	Niedersachsen	ort		2673	52.28979	9.33580
2658293	Tuggen		CH	Schwyz	ort		2671	47.20291	8.94896
2848215	Rengsdorf		DE	Rheinland-Pfalz	ort		2671	50.50000	7.50000
2659462	Niederhelfenschwil		CH	St. Gallen	ort		2668	47.47487	9.18543
2917991	Grasleben		DE	Niedersachsen	ort		2667	52.30638	11.01465
2940201	Chamerau		DE	Bayern	ort		2667	49.20000	12.75000
2809415	Wieren		DE	Niedersachsen	ort		2666	52.88529	10.65871
2934635	Dummerstorf		DE	Mecklenburg-Vorpommern	ort		2666	54.01484	12.22821
2951352	Beilrode		DE	Sachsen	ort		2666	51.56667	13.06667
2661229	Chalais		CH	Wallis	ort		2665	46.26758	7.51145
2878731	Lenzen		DE	Brandenburg	ort		2664	53.09176	11.47453
2768275	Puchenau		AT	Oberösterreich	ort		2663	48.31214	14.23614
2904698	Hillerse		DE	Niedersachsen	ort		2663	51.68558	9.94973
2824940	Suhlendorf		DE	Niedersachsen	ort		2661	52.93333	10.76667
2948746	Binzen		DE	Baden-Württemberg	ort		2661	47.63333	7.61667
2924826	Frickingen		DE	Baden-Württemberg	ort		2660	47.81438	9.27349
2661214	Chardonne		CH	Waadt	ort		2659	46.47676	6.82680
2853700	Pilsach		DE	Bayern	ort		2659	49.32137	11.50311
2764587	Stegersbach		AT	Burgenland	ort		2658	47.16667	16.16667
2939754	Creuzburg		DE	Thüringen	ort		2658	51.05288	10.24750
2950187	Berkheim		DE	Baden-Württemberg	ort		2657	48.04263	10.08227
2845056	Rosenberg		DE	Baden-Württemberg	ort		2656	49.01892	10.02960
2811865	Weißensberg		DE	Bayern	ort		2655	47.58130	9.72586
2894982	Jesberg		DE	Hessen	ort		2655	51.00000	9.15000
12110952	Pappelberg		DE	Niedersachsen	stadtteil	Braunschweig	2655	52.28463	10.57363
2661453	Bonaduz		CH	Graubünden	ort		2654	46.81103	9.39821
2809837	Weyhausen		DE	Niedersachsen	ort		2654	52.46208	10.71699
2873298	Marktl		DE	Bayern	ort		2654	48.25516	12.84470
3209903	Brohl-Lützing		DE	Rheinland-Pfalz	ort		2654	50.48296	7.32908
2866466	Neschwitz		DE	Sachsen	ort		2653	51.27056	14.32900
2761208	Wildon		AT	Steiermark	ort		2652	46.88333	15.51667
2815605	Wackernheim		DE	Rheinland-Pfalz	ort		2652	49.97444	8.11667
2890615	Kirchdorf		DE	Bayern	ort		2652	48.45942	11.65438
2779973	Bad Erlach		AT	Niederösterreich	ort		2651	47.72722	16.21444
2892461	Kastl		DE	Bayern	ort		2651	48.20000	12.70000
2845475	Roitzsch		DE	Sachsen-Anhalt	ort		2650	51.57526	12.26331
2921261	Georgenthal		DE	Thüringen	ort		2649	50.83205	10.66266
2925977	Föhren		DE	Rheinland-Pfalz	ort		2649	49.85929	6.76480
3206259	Rietheim-Weilheim		DE	Baden-Württemberg	ort		2649	48.01667	8.76667
2849455	Regnitzlosau		DE	Bayern	ort		2648	50.30000	12.05000
2871831	Merdingen		DE	Baden-Württemberg	ort		2648	48.01667	7.68333
2878881	Lengdorf		DE	Bayern	ort		2648	48.25737	12.04973
2775541	Hopfgarten im Brixental		AT	Tirol	ort		2646	47.44980	12.15659
2659992	Lauterbrunnen		CH	Bern	ort		2646	46.59307	7.90938
2955542	Armsheim		DE	Rheinland-Pfalz	ort		2645	49.80972	8.05667
2660590	Glattbrugg		CH	Zürich	stadtteil	Zürich	2642	47.43130	8.56272
2845863	Roggenburg		DE	Bayern	ort		2642	48.27588	10.23136
2850807	Rain		DE	Bayern	ort		2642	48.90496	12.46871
2876837	List		DE	Schleswig-Holstein	ort		2642	55.01917	8.43132
2832228	Sigmarszell		DE	Bayern	ort		2641	47.58333	9.76667
2915529	Großheirath		DE	Bayern	ort		2640	50.17603	10.95050
2779879	Euratsfeld		AT	Niederösterreich	ort		2639	48.08181	14.93154
2781394	Brixen im Thale		AT	Tirol	ort		2639	47.45000	12.25000
2891687	Kemmern		DE	Bayern	ort		2639	49.95486	10.87784
2879870	Lautertal		DE	Hessen	ort		2638	50.58333	9.28333
2894014	Kaisersbach		DE	Baden-Württemberg	ort		2638	48.93023	9.63898
2922432	Gartz		DE	Brandenburg	ort		2638	53.20829	14.39226
2930695	Elster		DE	Sachsen-Anhalt	ort		2638	51.83011	12.82424
2869053	Möser		DE	Sachsen-Anhalt	ort		2637	52.21397	11.79279
2766549	Sankt Margarethen im Burgenland		AT	Burgenland	ort		2636	47.80335	16.60875
10629658	Vandans		AT	Vorarlberg	ort		2636	47.09569	9.86525
2916224	Großerlach		DE	Baden-Württemberg	ort		2636	49.05368	9.51356
2929302	Erpel		DE	Rheinland-Pfalz	ort		2635	50.58333	7.23333
2833050	Sengenthal		DE	Bayern	ort		2633	49.23333	11.46667
2657899	Zunzgen		CH	Basel-Landschaft	ort		2632	47.44925	7.80789
6293903	Effretikon / Watt		CH	Zürich	stadtteil	Winterthur	2632	47.42797	8.69822
6295126	Seen (Kreis 3) / Büelwiesen		CH	Zürich	stadtteil	Winterthur	2632	47.48446	8.76517
2895993	Ingoldingen		DE	Baden-Württemberg	ort		2632	48.02552	9.74195
2903889	Hinterzarten		DE	Baden-Württemberg	ort		2631	47.90276	8.10701
2659685	Menznau		CH	Luzern	ort		2628	47.08364	8.03971
2661226	Chamoson		CH	Wallis	ort		2628	46.20275	7.22319
2774550	Kematen an der Ybbs		AT	Niederösterreich	ort		2625	48.02541	14.76468
2884380	Kremperheide		DE	Schleswig-Holstein	ort		2625	53.88721	9.47809
2869751	Monsheim		DE	Rheinland-Pfalz	ort		2624	49.63722	8.21194
2879230	Leimersheim		DE	Rheinland-Pfalz	ort		2624	49.12421	8.34531
2829595	Stammbach		DE	Bayern	ort		2623	50.14551	11.69129
2840086	Scheer		DE	Baden-Württemberg	ort		2622	48.07292	9.29486
2856839	Oßling		DE	Sachsen	ort		2622	51.35999	14.16567
2933150	Eggebek		DE	Schleswig-Holstein	ort		2622	54.61667	9.36667
2940518	Buttstädt		DE	Thüringen	ort		2622	51.12227	11.41721
2768450	Poysdorf		AT	Niederösterreich	ort		2620	48.66667	16.63333
6295296	Dietikon / Vorstadt		CH	Zürich	stadtteil	Zürich	2619	47.40819	8.39719
2926135	Flonheim		DE	Rheinland-Pfalz	ort		2618	49.78500	8.04000
2779154	Fügen		AT	Tirol	ort		2617	47.34700	11.84939
2781612	Böheimkirchen		AT	Niederösterreich	ort		2617	48.19779	15.76178
2658744	Schenkon		CH	Luzern	ort		2616	47.17765	8.13204
2831731	Söchtenau		DE	Bayern	ort		2616	47.93118	12.22959
2891718	Kemberg		DE	Sachsen-Anhalt	ort		2616	51.77189	12.63227
6548670	Bertsdorf-Hörnitz		DE	Sachsen	ort		2616	50.88593	14.73696
2777696	Grossgmain		AT	Salzburg	ort		2615	47.72416	12.90851
2764296	Steinbrunn		AT	Burgenland	ort		2614	47.83333	16.41667
2864774	Neukirch		DE	Baden-Württemberg	ort		2612	47.65738	9.70333
2895886	Inzlingen		DE	Baden-Württemberg	ort		2611	47.58851	7.69094
2659950	Lenzerheide		CH	Graubünden	ort		2610	46.72215	9.55905
2925086	Freihung		DE	Bayern	ort		2610	49.62134	11.90817
2823795	Taura		DE	Sachsen	ort		2609	50.91667	12.85000
2934464	Dürmentingen		DE	Baden-Württemberg	ort		2609	48.11667	9.53333
2940119	Chorin		DE	Brandenburg	ort		2609	52.90197	13.87153
2777627	Grosspetersdorf		AT	Burgenland	ort		2608	47.23895	16.31783
2871889	Menslage		DE	Niedersachsen	ort		2608	52.68333	7.81667
6293331	Küsnacht / Goldbach		CH	Zürich	stadtteil	Zürich	2607	47.32729	8.58077
2890273	Kirschau		DE	Sachsen	ort		2607	51.09317	14.42840
2811420	Welschbillig		DE	Rheinland-Pfalz	ort		2606	49.85000	6.56667
2768236	Purgstall		AT	Niederösterreich	ort		2605	48.05841	15.13478
2913177	Haarbach		DE	Bayern	ort		2604	48.50000	13.15000
2768905	Pfunds		AT	Tirol	ort		2602	46.96667	10.55000
6295179	Wülflingen (Kreis 6) / Härti		CH	Zürich	stadtteil	Winterthur	2602	47.51262	8.68400
2892563	Kasendorf		DE	Bayern	ort		2602	50.03665	11.35203
2914188	Grünhain		DE	Sachsen	ort		2602	50.58019	12.80695
2659754	Märstetten-Dorf		CH	Thurgau	ort		2600	47.59252	9.06851
2882329	Seiffen		DE	Sachsen	ort		2600	50.65000	13.45000
2947403	Bockau		DE	Sachsen	ort		2599	50.54209	12.68639
2869488	Moosbach		DE	Bayern	ort		2598	49.58909	12.41036
2910575	Hardt		DE	Baden-Württemberg	ort		2598	48.18333	8.41667
2921525	Geldersheim		DE	Bayern	ort		2598	50.04286	10.15609
2806002	Wriedel		DE	Niedersachsen	ort		2596	53.03130	10.29848
2949967	Bernsdorf		DE	Sachsen	ort		2594	50.76667	12.66667
2776603	Heidenreichstein		AT	Niederösterreich	ort		2593	48.86667	15.11667
3319581	Ehrwald		AT	Tirol	ort		2593	47.40000	10.91667
2882332	Kurort Oberwiesenthal		DE	Sachsen	ort		2592	50.41943	12.96836
2921228	Geraberg		DE	Thüringen	ort		2591	50.71594	10.83737
2861599	Nußdorf am Inn		DE	Bayern	ort		2590	47.74232	12.15611
2907852	Heidenheim		DE	Bayern	ort		2589	49.01719	10.74347
2922342	Gatersleben		DE	Sachsen-Anhalt	ort		2589	51.82215	11.28661
2780113	Elsbethen		AT	Salzburg	ort		2587	47.76464	13.08104
6295349	Schlieren / Spital		CH	Zürich	stadtteil	Zürich	2587	47.39489	8.43027
2776161	Hirtenberg		AT	Niederösterreich	ort		2586	47.93095	16.17908
2838208	Schluchsee		DE	Baden-Württemberg	ort		2586	47.81667	8.18333
2954910	Attenkirchen		DE	Bayern	ort		2585	48.50526	11.76011
2848382	Reit im Winkl		DE	Bayern	ort		2584	47.67729	12.47086
2940218	Cavertitz		DE	Sachsen	ort		2584	51.38333	13.13333
2820967	Tröstau		DE	Bayern	ort		2583	50.01667	11.95000
2815132	Waldbrunn		DE	Bayern	ort		2582	49.75861	9.80361
2913290	Gützkow		DE	Mecklenburg-Vorpommern	ort		2582	53.72432	13.10664
2823578	Tellingstedt		DE	Schleswig-Holstein	ort		2581	54.21667	9.28333
2848606	Reischach		DE	Bayern	ort		2581	48.29073	12.72620
2894644	Jübek		DE	Schleswig-Holstein	ort		2581	54.55709	9.39773
2958798	Aitrach		DE	Baden-Württemberg	ort		2580	47.93333	10.08333
2871990	Memmingerberg		DE	Bayern	ort		2579	47.98803	10.22295
2906680	Helmstadt		DE	Bayern	ort		2579	49.76180	9.70803
2660587	Glattfelden		CH	Zürich	ort		2578	47.55871	8.50167
2903991	Hinterschmiding		DE	Bayern	ort		2578	48.82337	13.60369
2856197	Ostseebad Boltenhagen		DE	Mecklenburg-Vorpommern	ort		2574	53.98779	11.20193
2873080	Marxheim		DE	Bayern	ort		2574	48.74153	10.94504
2935303	Drebach		DE	Sachsen	ort		2574	50.67583	13.01620
2658371	Thusis		CH	Graubünden	ort		2572	46.69724	9.43938
2929112	Eschelbronn		DE	Baden-Württemberg	ort		2572	49.31944	8.86528
2836409	Schopfloch		DE	Baden-Württemberg	ort		2569	48.45477	8.55131
2842084	Samerberg		DE	Bayern	ort		2569	47.77654	12.19139
2772719	Leitendorf		AT	Steiermark	stadtteil		2568	47.36667	15.08333
2881107	Langendorf		DE	Sachsen-Anhalt	ort		2568	51.17972	11.96140
2760877	Wöllersdorf		AT	Niederösterreich	ort		2567	47.86500	16.17119
2823603	Teistungen		DE	Thüringen	ort		2566	51.46667	10.26667
2872697	Mauth		DE	Bayern	ort		2566	48.88972	13.58459
2782551	Andelsbuch		AT	Vorarlberg	ort		2565	47.41167	9.89326
2780553	Ebenfurth		AT	Niederösterreich	ort		2564	47.87738	16.36731
2890488	Kirchheim		DE	Bayern	ort		2563	48.17490	10.47461
6293098	Au / Mittel-Dorf		CH	Zürich	stadtteil	Zürich	2562	47.24303	8.64591
2901638	Hohenleipisch		DE	Brandenburg	ort		2562	51.50000	13.55000
3323982	Alpbach		AT	Tirol	ort		2561	47.39878	11.94373
2809210	Wiesent		DE	Bayern	ort		2561	49.01667	12.38333
2846922	Rieseby		DE	Schleswig-Holstein	ort		2561	54.54140	9.81689
2660935	Eggiwil		CH	Bern	ort		2559	46.87575	7.79567
2926426	Flachslanden		DE	Bayern	ort		2559	49.39845	10.51323
2949855	Berumbur		DE	Niedersachsen	ort		2559	53.60000	7.31667
2860422	Oberhausen		DE	Bayern	ort		2558	48.72201	11.11151
2860477	Oberharmersbach		DE	Baden-Württemberg	ort		2558	48.37358	8.12542
2868986	Möttingen		DE	Bayern	ort		2558	48.80924	10.59022
2931385	Eitelborn		DE	Rheinland-Pfalz	ort		2558	50.37806	7.72333
2875102	Lunestedt		DE	Niedersachsen	ort		2557	53.43621	8.75193
6293096	Wädenswil / Dorf (Wädenswil)		CH	Zürich	stadtteil	Zürich	2556	47.22923	8.67220
2770741	Neukirchen		AT	Oberösterreich	ort		2555	47.87502	13.71111
6295174	Wülflingen (Kreis 6) / Lindenplatz		CH	Zürich	stadtteil	Winterthur	2555	47.51098	8.69290
2835512	Schwabenheim		DE	Rheinland-Pfalz	ort		2555	49.92879	8.09525
2836319	Schorndorf		DE	Bayern	ort		2554	49.16041	12.59316
2660152	Kirchlindach		CH	Bern	ort		2553	46.99965	7.41735
2760640	Zell		AT	Tirol	ort		2551	47.58333	12.15000
2891605	Kenn		DE	Rheinland-Pfalz	ort		2550	49.80000	6.71667
2866074	Neuburg		DE	Rheinland-Pfalz	ort		2549	48.98933	8.24715
2950934	Bentwisch		DE	Mecklenburg-Vorpommern	ort		2549	54.11503	12.20465
2781269	Buch in Tirol		AT	Tirol	ort		2548	47.37447	11.75400
2660766	Fischingen		CH	Thurgau	ort		2548	47.41422	8.96862
2836451	Schönwald		DE	Baden-Württemberg	ort		2548	48.10549	8.20387
2924477	Friedrichstadt		DE	Schleswig-Holstein	ort		2548	54.37566	9.08672
2833184	Sellin		DE	Mecklenburg-Vorpommern	ort		2547	53.88495	11.60790
2890197	Kist		DE	Bayern	ort		2547	49.74278	9.84389
2858092	Oderberg		DE	Brandenburg	ort		2546	52.86571	14.04508
2813681	Watenbüttel		DE	Niedersachsen	ort		2545	52.30596	10.46551
2896677	Iggingen		DE	Baden-Württemberg	ort		2545	48.83167	9.87894
2779883	Eugendorf		AT	Salzburg	ort		2544	47.86765	13.12609
2835223	Schwarme		DE	Niedersachsen	ort		2544	52.90000	9.01667
2950722	Berg		DE	Bayern	ort		2544	50.37473	11.77850
2658684	Schwanden		CH	Glarus	ort		2541	46.99541	9.07010
2814478	Walsdorf		DE	Bayern	ort		2541	49.86667	10.78333
2841375	Sasbachwalden		DE	Baden-Württemberg	ort		2541	48.61667	8.13333
2856798	Ostelsheim		DE	Baden-Württemberg	ort		2541	48.72633	8.84816
2886281	Kölln-Reisiek		DE	Schleswig-Holstein	ort		2541	53.75748	9.69772
2888047	Klein Wanzleben		DE	Sachsen-Anhalt	ort		2541	52.07005	11.36594
2778270	Gössendorf		AT	Steiermark	ort		2539	46.99826	15.48556
6292636	Adliswil / Adliswil (Stadtkern)		CH	Zürich	stadtteil	Zürich	2538	47.31128	8.52675
2938065	Dernbach		DE	Rheinland-Pfalz	ort		2537	50.45551	7.79003
2765036	Silz		AT	Tirol	ort		2536	47.26667	10.93333
2660757	Flims		CH	Graubünden	ort		2536	46.83705	9.28458
2842124	Salzmünde		DE	Sachsen-Anhalt	ort		2536	51.52662	11.82650
2827613	Steinwenden		DE	Rheinland-Pfalz	ort		2535	49.45708	7.52726
2863429	Niederfrohna		DE	Sachsen	ort		2533	50.90000	12.71667
2842315	Salching		DE	Bayern	ort		2532	48.81047	12.57043
2854906	Penzlin		DE	Mecklenburg-Vorpommern	ort		2532	53.50400	13.08407
2951725	Beckdorf		DE	Niedersachsen	ort		2532	53.41667	9.61667
2836031	Schuby		DE	Schleswig-Holstein	ort		2530	54.51667	9.48333
2869908	Mönchberg		DE	Bayern	ort		2530	49.79326	9.26858
2938245	Denkingen		DE	Baden-Württemberg	ort		2530	48.11110	8.73820
2854325	Pfaffenweiler		DE	Baden-Württemberg	ort		2529	47.93333	7.75000
2896731	Iffeldorf		DE	Bayern	ort		2528	47.76667	11.31667
2764026	Sulz		AT	Vorarlberg	ort		2527	47.28721	9.65183
2836438	Schönwalde am Bungsberg		DE	Schleswig-Holstein	ort		2527	54.18333	10.75000
2820150	Undenheim		DE	Rheinland-Pfalz	ort		2525	49.83806	8.21889
2837074	Schönau im Schwarzwald		DE	Baden-Württemberg	ort		2525	47.78623	7.89445
2903125	Hochkirch		DE	Sachsen	ort		2525	51.14898	14.57063
6292761	Horgen / Oberdorf		CH	Zürich	stadtteil	Zürich	2524	47.25837	8.59013
2839763	Schenefeld		DE	Schleswig-Holstein	ort		2524	54.05000	9.48333
2933987	Ebermannsdorf		DE	Bayern	ort		2524	49.39375	11.93582
2781838	Berndorf		AT	Steiermark	ort		2522	47.41667	15.26667
2936292	Dömitz		DE	Mecklenburg-Vorpommern	ort		2522	53.14080	11.25017
2658230	Wetzikon / Unter-Wetzikon		CH	Zürich	stadtteil	Zürich	2521	47.31637	8.79369
2878308	Leutenberg		DE	Thüringen	ort		2521	50.56354	11.45619
2890854	Kindsbach		DE	Rheinland-Pfalz	ort		2521	49.41667	7.61667
2938197	Dentlein am Forst		DE	Bayern	ort		2520	49.14772	10.42309
2944103	Brieskow-Finkenheerd		DE	Brandenburg	ort		2518	52.25387	14.57285
2880228	Laucha		DE	Sachsen-Anhalt	ort		2517	51.22422	11.67988
2823395	Tettau		DE	Bayern	ort		2516	50.46979	11.25888
2911938	Haiming		DE	Bayern	ort		2516	48.21667	12.90000
2765342	Schwoich		AT	Tirol	ort		2515	47.54600	12.14049
2770482	Niklasdorf		AT	Steiermark	ort		2515	47.38333	15.15000
2844089	Rothenberg		DE	Hessen	ort		2515	49.49917	8.91917
2659021	Ringgenberg		CH	Bern	ort		2514	46.70114	7.89445
2855518	Papendorf		DE	Mecklenburg-Vorpommern	ort		2514	54.03523	12.13263
2885326	Kossa		DE	Sachsen	ort		2514	51.61707	12.68197
2941285	Burghaslach		DE	Bayern	ort		2514	49.73313	10.60070
2820088	Unlingen		DE	Baden-Württemberg	ort		2512	48.16734	9.52219
2871421	Meyenburg		DE	Brandenburg	ort		2511	53.04524	14.23691
6291254	Kloten / Rütlen		CH	Zürich	stadtteil	Zürich	2510	47.44726	8.58808
2921119	Gerhardshofen		DE	Bayern	ort		2510	49.63123	10.69133
2820498	Uder		DE	Thüringen	ort		2509	51.36243	10.07210
2841488	Sankt Peter		DE	Baden-Württemberg	ort		2509	48.01475	8.03294
2841477	Sankt Sebastian		DE	Rheinland-Pfalz	ort		2508	50.41077	7.56175
2910992	Handeloh		DE	Niedersachsen	ort		2508	53.24563	9.83923
2951340	Beimerstetten		DE	Baden-Württemberg	ort		2508	48.48333	9.98333
2805994	Wrist		DE	Schleswig-Holstein	ort		2507	53.93333	9.76667
2824753	Sulzemoos		DE	Bayern	ort		2507	48.29107	11.26356
2856975	Ortrand		DE	Brandenburg	ort		2507	51.37505	13.75982
2849727	Rechenberg-Bienenmühle		DE	Sachsen	ort		2506	50.73777	13.53502
2881789	Lalendorf		DE	Mecklenburg-Vorpommern	ort		2506	53.75774	12.38983
2828993	Steimbke		DE	Niedersachsen	ort		2505	52.65483	9.39091
2658490	Stein		CH	Aargau	ort		2504	47.54403	7.95256
2915294	Großmaischeid		DE	Rheinland-Pfalz	ort		2503	50.50000	7.63333
2929872	Epfenbach		DE	Baden-Württemberg	ort		2502	49.33917	8.90778
2808833	Wildpoldsried		DE	Bayern	ort		2501	47.76667	10.40000
2841128	Sauldorf		DE	Baden-Württemberg	ort		2501	47.94371	9.10833
2658126	Villars-sur-Ollon		CH	Waadt	ort		2500	46.29832	7.05631
2658993	Roggwil		CH	Thurgau	ort		2500	47.49981	9.39580
2857603	Ohorn		DE	Sachsen	ort		2500	51.17199	14.04669
2852162	Pretzfeld		DE	Bayern	ort		2499	49.75454	11.17430
2855923	Ottrau		DE	Hessen	ort		2496	50.80599	9.38575
2880957	Langenpreising		DE	Bayern	ort		2496	48.42569	11.97217
2919524	Göggingen		DE	Baden-Württemberg	ort		2496	48.86123	9.88398
2930602	Embsen		DE	Niedersachsen	ort		2496	53.17606	10.34625
2768125	Radfeld		AT	Tirol	ort		2495	47.44806	11.91424
2768468	Pottenstein		AT	Niederösterreich	ort		2495	47.95820	16.09480
2871884	Menteroda		DE	Thüringen	ort		2494	51.30763	10.56323
2767521	Retz		AT	Niederösterreich	ort		2493	48.75712	15.95485
2659555	Müllheim		CH	Thurgau	ort		2493	47.60195	9.00357
2658417	Täuffelen		CH	Bern	ort		2492	47.06630	7.19883
2951046	Benndorf		DE	Sachsen-Anhalt	ort		2491	51.57035	11.49290
2831097	Sontheim		DE	Bayern	ort		2490	48.00704	10.35461
2864265	Neusalza-Spremberg		DE	Sachsen	ort		2489	51.03945	14.53560
2895731	Irxleben		DE	Sachsen-Anhalt	ort		2489	52.16689	11.48064
2959538	Adelheidsdorf		DE	Niedersachsen	ort		2489	52.56404	10.06039
2659282	Orpund		CH	Bern	ort		2488	47.13891	7.30775
2864502	Neumühle		DE	Mecklenburg-Vorpommern	stadtteil	Schwerin	2487	53.63171	11.37085
2915343	Großlehna		DE	Sachsen	ort		2487	51.30687	12.17190
2814733	Walkenried		DE	Niedersachsen	ort		2485	51.58333	10.61667
2917380	Griesstätt		DE	Bayern	ort		2485	47.99403	12.17727
2840116	Schechingen		DE	Baden-Württemberg	ort		2484	48.87341	9.91744
2843603	Rövershagen		DE	Mecklenburg-Vorpommern	ort		2483	54.17668	12.24276
2771828	Matrei in Osttirol		AT	Tirol	ort		2482	47.00000	12.53333
2775224	Weerberg		AT	Tirol	ort		2482	47.29841	11.66592
2882192	Kutzenhausen		DE	Bayern	ort		2482	48.34202	10.69459
2916643	Großenehrich		DE	Thüringen	ort		2482	51.24838	10.83458
2767632	Reiterndorf		AT	Oberösterreich	ort		2481	47.70364	13.62914
2837850	Schmidmühlen		DE	Bayern	ort		2481	49.26898	11.92429
2937607	Dieblich		DE	Rheinland-Pfalz	ort		2481	50.31396	7.47185
2953325	Bad Tennstedt		DE	Thüringen	ort		2480	51.15447	10.83873
2659683	Merenschwand		CH	Aargau	ort		2479	47.25944	8.37633
2812670	Weihmichl		DE	Bayern	ort		2479	48.60000	12.05000
2848051	Rethem		DE	Niedersachsen	ort		2478	52.78621	9.37862
2903256	Höchenschwand		DE	Baden-Württemberg	ort		2478	47.73333	8.16667
2885746	Königswalde		DE	Sachsen	ort		2477	50.55000	13.05000
2658880	Saint-Aubin-Sauges		CH	Neuenburg	ort		2476	46.89419	6.77251
2857388	Oldisleben		DE	Thüringen	ort		2476	51.30975	11.17112
2897991	Huglfing		DE	Bayern	ort		2476	47.76667	11.16667
8987070	Haus im Ennstal		AT	Steiermark	ort		2475	47.41058	13.76759
2861603	Nußdorf		DE	Bayern	ort		2475	47.90564	12.59608
2812917	Weiding		DE	Bayern	ort		2472	49.26282	12.76311
2894771	Johanniskirchen		DE	Bayern	ort		2470	48.53333	12.95000
2895304	Jagstzell		DE	Baden-Württemberg	ort		2470	49.03055	10.09751
2890327	Kirchzell		DE	Bayern	ort		2468	49.61800	9.17785
2815317	Waidhaus		DE	Bayern	ort		2467	49.64218	12.49523
2876682	Loburg		DE	Sachsen-Anhalt	ort		2467	52.11509	12.07840
2942992	Brüsewitz		DE	Mecklenburg-Vorpommern	ort		2466	53.67588	11.24379
2833989	Seebad Bansin		DE	Mecklenburg-Vorpommern	ort		2465	53.97102	14.14147
2935488	Dörzbach		DE	Baden-Württemberg	ort		2465	49.38355	9.70732
2661495	Birmenstorf		CH	Aargau	ort		2462	47.46152	8.24816
2928006	Falkenberg		DE	Brandenburg	ort		2462	52.80510	13.95804
2938241	Denklingen		DE	Bayern	ort		2461	47.91667	10.85000
3272957	Hochstadt		DE	Rheinland-Pfalz	ort		2461	49.24750	8.20889
2917217	Gröbers		DE	Sachsen-Anhalt	ort		2460	51.43050	12.11623
2659544	Münsterlingen		CH	Thurgau	ort		2459	47.63197	9.23271
2659699	Meisterschwanden		CH	Aargau	ort		2459	47.29489	8.22867
2834020	Seebach		DE	Thüringen	ort		2459	51.16506	10.51428
2834129	Schwörstadt		DE	Baden-Württemberg	ort		2459	47.59314	7.87840
2856139	Ottenbach		DE	Baden-Württemberg	ort		2459	48.73649	9.74844
2899048	Horgau		DE	Bayern	ort		2459	48.39507	10.68283
2953662	Bachhagel		DE	Bayern	ort		2459	48.63217	10.32045
3319560	Maurach		AT	Tirol	ort		2458	47.42124	11.75305
2822531	Thurmansbang		DE	Bayern	ort		2458	48.76627	13.31550
2945647	Brachbach		DE	Rheinland-Pfalz	ort		2458	50.81667	7.93333
2766576	Sankt Lorenzen im Mürztal		AT	Steiermark	ort		2457	47.48333	15.36667
2773420	Kritzendorf		AT	Niederösterreich	ort		2457	48.32932	16.30011
2807859	Winningen		DE	Rheinland-Pfalz	ort		2457	50.31667	7.51667
2895574	Ittlingen		DE	Baden-Württemberg	ort		2457	49.19083	8.93083
2918707	Gottenheim		DE	Baden-Württemberg	ort		2456	48.05000	7.73333
2944181	Bretzenheim		DE	Rheinland-Pfalz	ort		2455	49.87796	7.89653
2945802	Bothel		DE	Niedersachsen	ort		2455	53.06667	9.50000
2913280	Gyhum		DE	Niedersachsen	ort		2454	53.21667	9.31667
2660869	Ermatingen		CH	Thurgau	ort		2453	47.67057	9.08573
2928170	Fahrdorf		DE	Schleswig-Holstein	ort		2453	54.50000	9.60000
2882589	Kulmain		DE	Bayern	ort		2452	49.90000	11.90000
2811685	Weitefeld		DE	Rheinland-Pfalz	ort		2451	50.72541	7.92805
2933187	Egestorf		DE	Niedersachsen	ort		2451	53.19300	10.06300
2881267	Langenaltheim		DE	Bayern	ort		2450	48.89318	10.93107
2956729	Alveslohe		DE	Schleswig-Holstein	ort		2449	53.78333	9.91667
2939983	Clenze		DE	Niedersachsen	ort		2448	52.93729	10.95750
2817239	Vilgertshofen		DE	Bayern	ort		2445	47.95000	10.91667
2898435	Hötensleben		DE	Sachsen-Anhalt	ort		2445	52.11974	11.02238
3319577	Igls		AT	Tirol	ort		2444	47.23127	11.41018
2813405	Weferlingen		DE	Sachsen-Anhalt	ort		2444	52.31205	11.05791
2840419	Schapen		DE	Niedersachsen	ort		2444	52.40000	7.56667
2862785	Niederviehbach		DE	Bayern	ort		2444	48.61667	12.38333
2879789	Lechbruck		DE	Bayern	ort		2442	47.70162	10.79493
2949103	Biere		DE	Sachsen-Anhalt	ort		2442	51.97431	11.65443
2781085	Debant		AT	Tirol	ort		2441	46.83333	12.81667
2884393	Krempe		DE	Schleswig-Holstein	ort		2441	53.83694	9.48831
2882342	Kürnbach		DE	Baden-Württemberg	ort		2440	49.07750	8.84556
2933029	Egglham		DE	Bayern	ort		2439	48.52902	13.05402
2775492	Hörtendorf		AT	Kärnten	ort		2437	46.63333	14.40000
2904909	Heyerode		DE	Thüringen	ort		2437	51.16439	10.32009
2923334	Gaiberg		DE	Baden-Württemberg	ort		2437	49.36639	8.74972
2924505	Friedrichskoog		DE	Schleswig-Holstein	ort		2437	54.01667	8.91667
2923503	Fußgönheim		DE	Rheinland-Pfalz	ort		2436	49.46111	8.29222
2659787	Maienfeld		CH	Graubünden	ort		2435	47.00472	9.53115
2835292	Schwanebeck		DE	Sachsen-Anhalt	ort		2435	51.96790	11.12393
2890499	Kirchham		DE	Bayern	ort		2435	48.34638	13.26719
2924703	Friedewald		DE	Hessen	ort		2435	50.88333	9.86667
2771299	Molln		AT	Oberösterreich	ort		2434	47.88723	14.25819
2867160	Nahe		DE	Schleswig-Holstein	ort		2434	53.80000	10.13333
2895034	Jengen		DE	Bayern	ort		2433	47.99934	10.72575
2767280	Rohrbach in Oberösterreich		AT	Oberösterreich	ort		2432	48.57275	13.98834
2774967	Kaindorf an der Sulm		AT	Steiermark	ort		2432	46.79248	15.53879
2864216	Neuschönau		DE	Bayern	ort		2432	48.88419	13.47576
2887718	Klingenmünster		DE	Rheinland-Pfalz	ort		2432	49.14056	8.01861
2854411	Pfaffenhausen		DE	Bayern	ort		2429	48.11878	10.45504
2777001	Haiming		AT	Tirol	ort		2428	47.25000	10.88333
2814287	Wangels		DE	Schleswig-Holstein	ort		2428	54.26667	10.76667
2948895	Bilshausen		DE	Niedersachsen	ort		2428	51.62974	10.15859
2761758	Weiden am See		AT	Burgenland	ort		2426	47.92532	16.86899
2658940	Rubigen		CH	Bern	ort		2426	46.89868	7.54460
2918200	Grainet		DE	Bayern	ort		2425	48.80000	13.65000
2763749	Thalgau		AT	Salzburg	ort		2424	47.84142	13.25325
2658498	Staufen		CH	Aargau	ort		2424	47.38197	8.16681
2858827	Obertaufkirchen		DE	Bayern	ort		2424	48.26046	12.27904
2658738	Schiers		CH	Graubünden	ort		2423	46.96973	9.68720
2810728	Wertach		DE	Bayern	ort		2423	47.60301	10.40966
2950318	Berglern		DE	Bayern	ort		2423	48.38407	11.93012
2780380	Egg		AT	Vorarlberg	ort		2422	47.43154	9.89762
2874832	Lutter am Barenberge		DE	Niedersachsen	ort		2422	51.98943	10.26930
2943488	Brücken		DE	Rheinland-Pfalz	ort		2422	49.43174	7.35998
2661560	Benken		CH	St. Gallen	ort		2419	47.19942	9.00735
2814241	Wanna		DE	Niedersachsen	ort		2419	53.74163	8.80828
2866773	Neckargerach		DE	Baden-Württemberg	ort		2419	49.40000	9.06667
2877104	Lindwedel		DE	Niedersachsen	ort		2418	52.60784	9.68737
2766526	Sankt Martin		AT	Steiermark	ort		2417	47.44667	15.28490
2907697	Heigenbrücken		DE	Bayern	ort		2417	50.02820	9.37116
2766523	Sankt Martin		AT	Kärnten	stadtteil	Villach	2416	46.61721	13.82879
2833795	Seehausen am Staffelsee		DE	Bayern	ort		2416	47.68928	11.18498
2909222	Hattstedt		DE	Schleswig-Holstein	ort		2416	54.53333	9.03333
2953420	Bad Kohlgrub		DE	Bayern	ort		2416	47.66667	11.05000
2780085	Endach		AT	Tirol	ort		2415	47.56796	12.15603
2658917	Russikon		CH	Zürich	ort		2415	47.39669	8.77515
2820058	Unter-Abtsteinach		DE	Hessen	ort		2414	49.52711	8.78679
2899058	Hördt		DE	Rheinland-Pfalz	ort		2413	49.16583	8.32639
2803776	Zschortau		DE	Sachsen	ort		2412	51.47930	12.35893
2921724	Geiselwind		DE	Bayern	ort		2412	49.77356	10.47063
2946733	Bolanden		DE	Rheinland-Pfalz	ort		2412	49.63917	8.01194
2906087	Heringen		DE	Thüringen	ort		2411	51.44705	10.87612
2768098	Radstadt		AT	Salzburg	ort		2410	47.38333	13.45000
2908913	Hausen		DE	Baden-Württemberg	ort		2410	47.68128	7.83986
2769225	Pasching		AT	Oberösterreich	ort		2409	48.25931	14.20369
2845209	Ronshausen		DE	Hessen	ort		2409	50.95000	9.85000
2763362	Trieben		AT	Steiermark	ort		2408	47.48574	14.48744
2843396	Rüdesheim		DE	Rheinland-Pfalz	ort		2408	49.84546	7.81452
2853253	Pleiskirchen		DE	Bayern	ort		2407	48.30713	12.59832
2856917	Osdorf		DE	Schleswig-Holstein	ort		2407	54.43333	10.01667
2773736	Königstetten		AT	Niederösterreich	ort		2406	48.30198	16.14492
2852479	Postmünster		DE	Bayern	ort		2405	48.41667	12.90000
2870435	Mitterfels		DE	Bayern	ort		2405	48.97633	12.67848
2930630	Elxleben		DE	Thüringen	ort		2405	51.05000	10.95000
2765890	Schlins		AT	Vorarlberg	ort		2404	47.20000	9.70000
2817204	Vilsheim		DE	Bayern	ort		2404	48.44882	12.10686
2954197	Auggen		DE	Baden-Württemberg	ort		2404	47.78333	7.60000
2769324	Oetz		AT	Tirol	ort		2402	47.20000	10.90000
6295543	Wolfhausen		CH	Zürich	ort		2402	47.25619	8.79910
2867286	Mutzschen		DE	Sachsen	ort		2402	51.26159	12.89125
3207412	Röslau		DE	Bayern	ort		2402	50.08333	11.98333
2657940	Yvonand		CH	Waadt	ort		2401	46.80034	6.74249
2806079	Wörth an der Isar		DE	Bayern	ort		2400	48.62300	12.33944
2865575	Neuensalz		DE	Sachsen	ort		2400	50.50000	12.21667
2895755	Irsch		DE	Rheinland-Pfalz	ort		2400	49.72620	6.69806
2659724	Matzingen		CH	Thurgau	ort		2399	47.51957	8.93365
2659129	Puidoux		CH	Waadt	ort		2398	46.50093	6.78249
6293332	Küsnacht / Itschnach		CH	Zürich	stadtteil	Zürich	2397	47.32714	8.60068
2659433	Novazzano		CH	Tessin	ort		2395	45.84073	8.98236
2910275	Harsleben		DE	Sachsen-Anhalt	ort		2395	51.86667	11.10000
2953451	Bad Grund		DE	Niedersachsen	ort		2393	51.81021	10.23694
2761096	Windischgarsten		AT	Oberösterreich	ort		2392	47.72223	14.32755
2766708	Sankt Georgen am Leithagebirge		AT	Burgenland	stadtteil		2391	47.85000	16.55000
2772618	Leopoldsdorf im Marchfelde		AT	Niederösterreich	ort		2391	48.22261	16.68858
2659845	Lotzwil		CH	Bern	ort		2391	47.19135	7.79102
2922012	Gehrde		DE	Niedersachsen	ort		2391	52.57684	8.00342
2768473	Pottenbrunn		AT	Niederösterreich	ort		2390	48.23333	15.70000
11695063	Gralla		AT	Steiermark	ort		2390	46.81404	15.55510
2659008	Riva San Vitale		CH	Tessin	ort		2390	45.90123	8.97167
2817616	Venusberg		DE	Sachsen	ort		2390	50.69918	13.01854
2896127	Inchenhofen		DE	Bayern	ort		2390	48.51288	11.11458
2952934	Bann		DE	Rheinland-Pfalz	ort		2390	49.38333	7.61667
2824954	Sugenheim		DE	Bayern	ort		2388	49.60276	10.43563
2940246	Casekow		DE	Brandenburg	ort		2388	53.21117	14.20824
2781678	Bludesch		AT	Vorarlberg	ort		2386	47.20000	9.73306
2775327	Illmitz		AT	Burgenland	ort		2385	47.76148	16.80024
2840232	Schashagen		DE	Schleswig-Holstein	ort		2385	54.13333	10.88333
2771779	Mauerkirchen		AT	Oberösterreich	ort		2384	48.19173	13.13338
2856801	Osteel		DE	Niedersachsen	ort		2383	53.54417	7.25400
2945043	Braunsbach		DE	Baden-Württemberg	ort		2382	49.19917	9.79056
2849300	Rehling		DE	Bayern	ort		2381	48.48333	10.93333
2929499	Erlenbach		DE	Bayern	ort		2381	49.97857	9.64459
3319549	Leutasch		AT	Tirol	ort		2380	47.36890	11.14404
2661694	Attalens		CH	Freiburg	ort		2380	46.50555	6.85039
2831727	Södel		DE	Hessen	ort		2380	50.39382	8.80474
2766121	Schattendorf		AT	Burgenland	ort		2379	47.70973	16.50979
2772902	Lassee		AT	Niederösterreich	ort		2379	48.22479	16.82230
2814077	Warmensteinach		DE	Bayern	ort		2379	49.99348	11.77866
2844658	Roßla		DE	Sachsen-Anhalt	ort		2378	51.46331	11.07576
2863213	Niederkirchen bei Deidesheim		DE	Rheinland-Pfalz	ort		2378	49.41500	8.21000
2916584	Großenseebach		DE	Bayern	ort		2378	49.63251	10.87483
2855707	Pähl		DE	Bayern	ort		2377	47.90000	11.18333
2843591	Roxheim		DE	Rheinland-Pfalz	ort		2375	49.86374	7.80980
11694350	Wolfern		AT	Oberösterreich	ort		2374	48.08278	14.37201
2944121	Briesen		DE	Brandenburg	ort		2374	52.34383	14.27804
2900590	Hollenbach		DE	Bayern	ort		2372	48.48333	11.06667
2942811	Buch am Ahorn		DE	Baden-Württemberg	ort		2372	49.53909	9.55560
2950492	Berghaupten		DE	Baden-Württemberg	ort		2372	48.40602	7.98672
2867953	Mühlingen		DE	Baden-Württemberg	ort		2370	47.91667	9.01667
2659212	Pfungen		CH	Zürich	ort		2369	47.51394	8.64230
2761474	Werndorf		AT	Steiermark	ort		2365	46.92417	15.49083
2944426	Breklum		DE	Schleswig-Holstein	ort		2365	54.60000	8.98333
6295133	Seen (Kreis 3) / Ganzenbühl		CH	Zürich	stadtteil	Winterthur	2362	47.48100	8.76249
2860537	Obergurig		DE	Sachsen	ort		2361	51.13294	14.40488
2807254	Wittislingen		DE	Bayern	ort		2360	48.61917	10.41722
2871082	Miltach		DE	Bayern	ort		2359	49.16196	12.76843
2873280	Markt Wald		DE	Bayern	ort		2359	48.13680	10.58198
2775089	Jennersdorf		AT	Burgenland	ort		2358	46.93848	16.14158
2661280	Camorino		CH	Tessin	ort		2358	46.16483	9.00547
2840021	Scheibenberg		DE	Sachsen	ort		2358	50.54023	12.91215
2856189	Ostseebad Sellin		DE	Mecklenburg-Vorpommern	ort		2358	54.37846	13.69394
2935384	Drachselsried		DE	Bayern	ort		2358	49.10759	13.01185
2849717	Rechlin		DE	Mecklenburg-Vorpommern	ort		2357	53.33549	12.72543
2769068	Pernitz		AT	Niederösterreich	ort		2356	47.89759	15.96022
2859641	Oberndorf		DE	Bayern	ort		2355	48.66918	10.86749
2877525	Lindberg		DE	Bayern	ort		2355	49.03680	13.25423
3207532	Neumagen-Dhron		DE	Rheinland-Pfalz	ort		2355	49.85553	6.89777
2660999	Domdidier		CH	Freiburg	ort		2353	46.86716	7.01337
2810317	Westerholt		DE	Niedersachsen	ort		2353	53.60000	7.45000
2871166	Mihla		DE	Thüringen	ort		2353	51.07617	10.33175
2658811	Sankt Niklaus		CH	Wallis	ort		2352	46.17717	7.80349
2887449	Klosterlechfeld		DE	Bayern	ort		2351	48.15586	10.82986
2845840	Roggentin		DE	Mecklenburg-Vorpommern	ort		2348	54.07070	12.20424
2824053	Tannheim		DE	Baden-Württemberg	ort		2346	48.00000	10.08333
2854561	Petting		DE	Bayern	ort		2346	47.91232	12.81512
2823755	Tawern		DE	Rheinland-Pfalz	ort		2345	49.66667	6.51667
2851977	Prittriching		DE	Bayern	ort		2345	48.20074	10.92801
2916636	Großengottern		DE	Thüringen	ort		2344	51.14821	10.56232
11670108	Lobbach		DE	Baden-Württemberg	ort		2344	49.37519	8.88884
2951863	Bawinkel		DE	Niedersachsen	ort		2343	52.60000	7.40000
6294764	Elgg / Städtchen und Umgebung		CH	Zürich	stadtteil	Winterthur	2342	47.49265	8.86680
2812633	Weilbach		DE	Bayern	ort		2342	49.66812	9.21639
2854392	Pfaffenhofen		DE	Baden-Württemberg	ort		2342	49.06444	8.97639
2927273	Fell		DE	Rheinland-Pfalz	ort		2342	49.76667	6.78333
2781975	Bartholomäberg		AT	Vorarlberg	ort		2341	47.08333	9.90000
2848710	Reinsfeld		DE	Rheinland-Pfalz	ort		2341	49.68333	6.88333
2868782	Mühlau		DE	Sachsen	ort		2340	50.90000	12.76667
2660112	Krauchthal		CH	Bern	ort		2339	47.00964	7.56640
2942986	Brüssow		DE	Brandenburg	ort		2338	53.39971	14.12533
2950037	Berngau		DE	Bayern	ort		2338	49.25000	11.40000
2822903	Theilheim		DE	Bayern	ort		2337	49.75403	10.03056
2926402	Fladungen		DE	Bayern	ort		2337	50.52054	10.14581
2936503	Dogern		DE	Baden-Württemberg	ort		2337	47.60952	8.16713
2659616	Monte Carasso		CH	Tessin	ort		2336	46.18649	8.99892
2813932	Wartenberg		DE	Berlin	stadtteil	Berlin	2336	52.57520	13.51559
2843054	Runding		DE	Bayern	ort		2336	49.21513	12.76208
2875060	Lupburg		DE	Bayern	ort		2336	49.15510	11.75640
2897136	Husum		DE	Niedersachsen	ort		2336	52.56667	9.25000
2778573	Gießhübl		AT	Niederösterreich	ort		2335	48.09780	16.23479
2871183	Mieste		DE	Sachsen-Anhalt	ort		2335	52.48226	11.20640
2876739	Löbejün		DE	Sachsen-Anhalt	ort		2335	51.63533	11.90106
2922271	Gaukönigshofen		DE	Bayern	ort		2335	49.63333	10.00000
2815139	Waldböckelheim		DE	Rheinland-Pfalz	ort		2333	49.81667	7.71667
2924888	Freudental		DE	Baden-Württemberg	ort		2333	49.00972	9.05917
2660503	Grimisuat		CH	Wallis	ort		2332	46.25938	7.38408
2817581	Veringenstadt		DE	Baden-Württemberg	ort		2332	48.18515	9.21079
2821362	Treis-Karden		DE	Rheinland-Pfalz	ort		2332	50.17174	7.30218
2862640	Niemegk		DE	Brandenburg	ort		2332	52.07388	12.68947
2878755	Lentföhrden		DE	Schleswig-Holstein	ort		2332	53.86667	9.88333
2957742	Altendiez		DE	Rheinland-Pfalz	ort		2332	50.36667	7.98333
2920041	Glatten		DE	Baden-Württemberg	ort		2331	48.44246	8.51116
2936385	Dollbergen		DE	Niedersachsen	ort		2331	52.40671	10.18098
2658939	Rüderswil		CH	Bern	ort		2329	46.98374	7.72167
2886832	Köfering		DE	Bayern	ort		2329	48.93333	12.20000
2660842	Evilard		CH	Bern	ort		2328	47.15046	7.23895
2806870	Wolfersdorf		DE	Bayern	ort		2327	48.47937	11.70949
2856950	Osburg		DE	Rheinland-Pfalz	ort		2327	49.71667	6.78333
2944028	Britz		DE	Brandenburg	ort		2327	52.88726	13.81119
2900899	Hohn		DE	Schleswig-Holstein	ort		2326	54.30000	9.50000
3206152	Bad Rippoldsau-Schapbach		DE	Baden-Württemberg	ort		2326	48.42883	8.32584
2762453	Velden am Wörthersee		AT	Kärnten	ort		2325	46.61301	14.04130
2851801	Prutting		DE	Bayern	ort		2325	47.89321	12.20238
2840732	Schafflund		DE	Schleswig-Holstein	ort		2323	54.75845	9.18329
2658788	Sarmenstorf		CH	Aargau	ort		2322	47.31109	8.24950
2660275	Ilanz		CH	Graubünden	ort		2321	46.77413	9.20461
2938918	Darlingerode		DE	Sachsen-Anhalt	ort		2321	51.84712	10.73097
3207549	Zeltingen-Rachtig		DE	Rheinland-Pfalz	ort		2321	49.95000	7.01667
2779280	Freindorf		AT	Oberösterreich	ort		2320	48.22570	14.29510
2923426	Gachenbach		DE	Bayern	ort		2320	48.50000	11.23333
2767961	Ranshofen		AT	Oberösterreich	ort		2319	48.23308	13.01571
2883504	Kröv		DE	Rheinland-Pfalz	ort		2318	49.98333	7.08333
2931210	Eldingen		DE	Niedersachsen	ort		2318	52.68333	10.33333
2894566	Julbach		DE	Bayern	ort		2317	48.25430	12.95793
2773336	Krumbach Markt		AT	Niederösterreich	ort		2316	47.52183	16.19419
2929091	Eschenbach		DE	Baden-Württemberg	ort		2316	48.65264	9.67037
3207539	Salmtal		DE	Rheinland-Pfalz	ort		2316	49.93333	6.85000
2864455	Neundorf		DE	Sachsen-Anhalt	ort		2315	51.82080	11.57484
2661096	Courrendlin		CH	Jura	ort		2314	47.33853	7.37243
2767418	Rietz		AT	Tirol	ort		2313	47.28593	11.03075
2813888	Wartmannsroth		DE	Bayern	ort		2313	50.16667	9.78333
2857197	Öpfingen		DE	Baden-Württemberg	ort		2312	48.28636	9.80259
2842203	Salz		DE	Bayern	ort		2311	50.30842	10.21205
2866102	Neubrunn		DE	Bayern	ort		2311	49.73088	9.67161
2659426	Nürensdorf		CH	Zürich	ort		2310	47.44814	8.64908
2658250	Unteriberg		CH	Schwyz	ort		2307	47.06258	8.80520
2661712	Arosa		CH	Graubünden	ort		2307	46.77793	9.67621
2879335	Leibertingen		DE	Baden-Württemberg	ort		2307	48.04263	9.01308
2938498	Dehrn		DE	Hessen	ort		2307	50.42049	8.09846
3274989	Mespelbrunn		DE	Bayern	ort		2307	49.91444	9.29194
2951763	Bechhofen		DE	Rheinland-Pfalz	ort		2306	49.35000	7.40000
2661725	Ardon		CH	Wallis	ort		2305	46.20951	7.26012
2658223	Urnäsch		CH	Appenzell Ausserrhoden	ort		2304	47.31669	9.27950
2886731	Kohlberg		DE	Baden-Württemberg	ort		2304	48.55845	9.33576
2890592	Kirchehrenbach		DE	Bayern	ort		2304	49.73333	11.15000
2910881	Hanhofen		DE	Rheinland-Pfalz	ort		2304	49.31667	8.34083
2930965	Ellerstadt		DE	Rheinland-Pfalz	ort		2304	49.46167	8.25944
2955367	Arzberg		DE	Sachsen	ort		2304	51.52887	13.12565
2657989	Wilderswil		CH	Bern	ort		2303	46.66369	7.86175
2658232	Untervaz		CH	Graubünden	ort		2303	46.92750	9.53422
2880613	Langlingen		DE	Niedersachsen	ort		2303	52.55593	10.28291
2775014	Warmbad-Judendorf		AT	Kärnten	stadtteil	Villach	2302	46.60126	13.82241
2828140	Steinfeld		DE	Bayern	ort		2302	49.95278	9.66944
2659623	Montana		CH	Wallis	ort		2301	46.31338	7.48839
2820474	Uebigau		DE	Brandenburg	ort		2300	51.59415	13.29983
2944638	Breitenbrunn		DE	Bayern	ort		2300	48.13333	10.40000
2816874	Vögelsen		DE	Niedersachsen	ort		2299	53.27447	10.35372
2866858	Nauort		DE	Rheinland-Pfalz	ort		2299	50.46667	7.63333
2822786	Thiendorf		DE	Sachsen	ort		2298	51.29375	13.74124
3206269	Seitingen-Oberflacht		DE	Baden-Württemberg	ort		2298	48.01667	8.71667
2781035	Deutschfeistritz		AT	Steiermark	ort		2297	47.19852	15.33623
2659627	Montagnola		CH	Tessin	ort		2297	45.98323	8.91786
2833878	Seedorf		DE	Schleswig-Holstein	ort		2297	54.05000	10.41667
2906990	Heldrungen		DE	Thüringen	ort		2297	51.30208	11.21816
2661160	Claro		CH	Tessin	ort		2296	46.25763	9.02252
2861059	Oberdorla		DE	Thüringen	ort		2296	51.16585	10.42163
2918316	Grafenhausen		DE	Baden-Württemberg	stadtteil		2296	48.28427	7.76678
2944516	Breitenworbis		DE	Thüringen	ort		2296	51.41267	10.42820
2849062	Reichenschwand		DE	Bayern	ort		2295	49.51384	11.37274
2858239	Ockenheim		DE	Rheinland-Pfalz	ort		2295	49.94371	7.97127
2771869	Markt Piesting		AT	Niederösterreich	ort		2294	47.87358	16.12510
2874254	Mainbernheim		DE	Bayern	ort		2294	49.70794	10.21900
2933367	Edesheim		DE	Rheinland-Pfalz	ort		2294	49.26333	8.13500
2879895	Lauterecken		DE	Rheinland-Pfalz	ort		2292	49.64993	7.59265
2659085	Reconvilier		CH	Bern	ort		2291	47.23431	7.22239
2805006	Zeilarn		DE	Bayern	ort		2291	48.30003	12.84260
2946007	Börßum		DE	Niedersachsen	ort		2291	52.06921	10.58431
2855416	Parkstein		DE	Bayern	ort		2289	49.72921	12.06755
2895008	Jerichow		DE	Sachsen-Anhalt	ort		2289	52.50049	12.02383
2953516	Bad Eilsen		DE	Niedersachsen	ort		2288	52.24215	9.09822
2847695	Rhaunen		DE	Rheinland-Pfalz	ort		2287	49.86380	7.34198
2922177	Gebesee		DE	Thüringen	ort		2287	51.11488	10.93455
2762104	Wagnitz		AT	Steiermark	ort		2286	46.98333	15.46667
2661574	Belfaux		CH	Freiburg	ort		2286	46.82171	7.10674
2782552	Andau		AT	Burgenland	ort		2285	47.77441	17.03293
2901397	Hohenthurm		DE	Sachsen-Anhalt	ort		2285	51.51807	12.09749
2778843	Garsten		AT	Oberösterreich	ort		2284	48.02240	14.40747
2661632	Ballwil		CH	Luzern	ort		2284	47.15371	8.32233
2814294	Wang		DE	Bayern	ort		2284	48.49549	11.93641
2953538	Bad Brambach		DE	Sachsen	ort		2284	50.21667	12.31667
2762583	Unterwagram		AT	Niederösterreich	stadtteil		2283	48.21243	15.64951
2804951	Zeiskam		DE	Rheinland-Pfalz	ort		2283	49.23278	8.24722
2845885	Rogätz		DE	Sachsen-Anhalt	ort		2283	52.31667	11.76667
2851994	Prisdorf		DE	Schleswig-Holstein	ort		2283	53.68333	9.75000
2818889	Unterreichenbach		DE	Baden-Württemberg	ort		2282	48.82496	8.70885
2822151	Timmerlah		DE	Niedersachsen	ort		2282	52.23936	10.45027
2931838	Eilsleben		DE	Sachsen-Anhalt	ort		2282	52.14708	11.21035
2814668	Walldorf		DE	Thüringen	ort		2281	50.61667	10.38333
2841204	Sauensiek		DE	Niedersachsen	ort		2281	53.38333	9.60000
2855293	Pastetten		DE	Bayern	ort		2281	48.19911	11.94368
2905954	Hermaringen		DE	Baden-Württemberg	ort		2281	48.59544	10.26065
2855683	Painten		DE	Bayern	ort		2280	48.99731	11.81947
2771783	Mauer bei Amstetten		AT	Niederösterreich	ort		2278	48.09643	14.80060
6295530	Ebmatingen		CH	Zürich	ort		2278	47.34987	8.64013
2923644	Fürstenberg		DE	Baden-Württemberg	stadtteil	Konstanz	2278	47.67895	9.15535
2932991	Egling		DE	Bayern	ort		2278	48.18626	10.97669
2762109	Wagna		AT	Steiermark	ort		2277	46.76682	15.55906
2658353	Toffen		CH	Bern	ort		2277	46.86031	7.49216
2813023	Weidenbach		DE	Bayern	ort		2276	49.19817	10.64489
2829569	Stamsried		DE	Bayern	ort		2276	49.26755	12.53051
2804880	Zell im Fichtelgebirge		DE	Bayern	ort		2275	50.13532	11.82266
2930018	Ensdorf		DE	Bayern	ort		2275	49.34062	11.93587
2660303	Horn		CH	St. Gallen	ort		2274	47.49425	9.46246
2809628	Wiedemar		DE	Sachsen	ort		2274	51.46667	12.20000
2851634	Puschendorf		DE	Bayern	ort		2274	49.52398	10.83192
2862106	Nordendorf		DE	Bayern	ort		2274	48.59478	10.83183
2890336	Kirchweidach		DE	Bayern	ort		2274	48.08575	12.64530
2915367	Großkugel		DE	Sachsen-Anhalt	ort		2272	51.41728	12.14641
2891480	Kerzenheim		DE	Rheinland-Pfalz	ort		2271	49.57639	8.05972
2781804	Biberbach		AT	Niederösterreich	ort		2270	48.03006	14.70795
2814312	Wanderup		DE	Schleswig-Holstein	ort		2270	54.68333	9.33333
2659956	Lenk		CH	Bern	ort		2268	46.45826	7.44298
2659267	Othmarsingen		CH	Aargau	ort		2267	47.40125	8.21383
2854974	Pemfling		DE	Bayern	ort		2267	49.26667	12.61667
2914548	Gruibingen		DE	Baden-Württemberg	ort		2266	48.59483	9.64389
2918951	Gornsdorf		DE	Sachsen	ort		2266	50.70000	12.88333
2813728	Wasserliesch		DE	Rheinland-Pfalz	ort		2265	49.70739	6.53944
2900865	Hohnhorst		DE	Niedersachsen	ort		2262	52.36942	9.37168
2771219	Mörbisch am See		AT	Burgenland	ort		2261	47.75000	16.66667
7304078	Thal		AT	Steiermark	ort		2261	47.07644	15.36052
6291375	Wallisellen / Rieden		CH	Zürich	stadtteil	Zürich	2261	47.41738	8.60028
2833163	Selmsdorf		DE	Mecklenburg-Vorpommern	ort		2261	53.88224	10.85997
2661446	Bonstetten		CH	Zürich	ort		2260	47.31505	8.46836
2857205	Opfenbach		DE	Bayern	ort		2260	47.63333	9.83333
2851767	Puderbach		DE	Rheinland-Pfalz	ort		2259	50.60000	7.61667
2659467	Erlinsbach		CH	Solothurn	ort		2258	47.39753	8.00797
2809524	Wiehe		DE	Thüringen	ort		2258	51.26586	11.41282
2938430	Deinste		DE	Niedersachsen	ort		2258	53.52903	9.44376
2891212	Kiebitzreihe		DE	Schleswig-Holstein	ort		2256	53.78333	9.61667
2901670	Hohenkammer		DE	Bayern	ort		2256	48.42406	11.52522
2951040	Benneckenstein		DE	Sachsen-Anhalt	ort		2256	51.66823	10.71716
2764993	Sistrans		AT	Tirol	ort		2255	47.23333	11.45000
2920837	Geschwenda		DE	Thüringen	ort		2255	50.73178	10.82540
2660733	Founex		CH	Waadt	ort		2254	46.33277	6.19243
2808143	Windischleuba		DE	Thüringen	ort		2254	51.01556	12.46914
2931569	Eisenbach		DE	Baden-Württemberg	ort		2254	47.96117	8.26802
11745978	Reinbach		AT	Salzburg	stadtteil		2253	47.34673	13.19072
2658283	Udligenswil		CH	Luzern	ort		2252	47.09005	8.40335
2862713	Niederwinkling		DE	Bayern	ort		2252	48.88333	12.80000
2936667	Dobel		DE	Baden-Württemberg	ort		2252	48.80000	8.50000
12110960	Querumer Forst		DE	Niedersachsen	stadtteil	Braunschweig	2252	52.30453	10.56407
2947355	Bockenheim		DE	Rheinland-Pfalz	ort		2251	49.60669	8.18486
2949609	Beuern		DE	Hessen	stadtteil	Gießen	2250	50.62745	8.82108
2951115	Bendestorf		DE	Niedersachsen	ort		2250	53.33583	9.96154
2660311	Hölstein		CH	Basel-Landschaft	ort		2249	47.42290	7.77041
2807025	Wohltorf		DE	Schleswig-Holstein	ort		2249	53.51667	10.28333
2861136	Obercunnersdorf		DE	Sachsen	ort		2249	50.91711	13.56015
2952857	Banzkow		DE	Mecklenburg-Vorpommern	ort		2249	53.52497	11.52306
2659399	Oberdorf		CH	Basel-Landschaft	ort		2248	47.39353	7.75169
2661089	Courtételle		CH	Jura	ort		2248	47.34074	7.31827
2900105	Holtland		DE	Niedersachsen	ort		2248	53.28333	7.58333
2959946	Aach		DE	Baden-Württemberg	ort		2248	47.84240	8.85384
2760449	Zurndorf		AT	Burgenland	ort		2247	47.98314	17.00315
2813427	Wees		DE	Schleswig-Holstein	ort		2247	54.80621	9.51695
2822436	Tiefenbach		DE	Bayern	ort		2247	49.18525	12.32337
2823245	Teuschnitz		DE	Bayern	ort		2247	50.39839	11.38235
2924738	Friedenweiler		DE	Baden-Württemberg	ort		2247	47.91778	8.25627
2946599	Bollschweil		DE	Baden-Württemberg	ort		2247	47.92143	7.78986
2955697	Arberg		DE	Bayern	ort		2247	49.14428	10.61722
2863593	Niederbiel		DE	Hessen	stadtteil	Wetzlar	2246	50.55505	8.39845
2934766	Ducherow		DE	Mecklenburg-Vorpommern	ort		2246	53.76436	13.78216
2771698	Meiningen		AT	Vorarlberg	ort		2245	47.29891	9.57862
6292881	Kilchberg / Kilchberg (Dorfkern)		CH	Zürich	stadtteil	Zürich	2244	47.32012	8.54306
2813152	Weichering		DE	Bayern	ort		2244	48.71713	11.32141
2930852	Elmenhorst		DE	Schleswig-Holstein	ort		2244	53.76667	10.26667
2658592	Silenen		CH	Uri	ort		2243	46.78910	8.67325
2825108	Süderlügum		DE	Schleswig-Holstein	ort		2242	54.87391	8.91111
2855574	Panschwitz-Kuckau		DE	Sachsen	ort		2242	51.23395	14.19791
2872377	Mehring		DE	Bayern	ort		2242	48.18333	12.78333
2659234	Penthalaz		CH	Waadt	ort		2241	46.61077	6.52519
2659506	Nebikon		CH	Luzern	ort		2241	47.19185	7.97769
2879159	Leinzell		DE	Baden-Württemberg	ort		2241	48.84941	9.87750
2907780	Heidgraben		DE	Schleswig-Holstein	ort		2241	53.70787	9.68099
2780967	Dietersdorf		AT	Steiermark	ort		2240	47.20000	14.66667
2937904	Dettingen		DE	Baden-Württemberg	ort		2240	48.26246	9.72161
2950078	Bernbeuren		DE	Bayern	ort		2240	47.73696	10.77707
2959498	Adelsried		DE	Bayern	ort		2240	48.42465	10.71828
6291249	Kloten / Holberg		CH	Zürich	stadtteil	Zürich	2239	47.44642	8.57661
2939000	Danndorf		DE	Niedersachsen	ort		2239	52.42472	10.91286
2890532	Kirchensittenbach		DE	Bayern	ort		2238	49.55601	11.42226
2931357	Eitting		DE	Bayern	ort		2238	48.35957	11.89110
2942154	Bücken		DE	Niedersachsen	ort		2238	52.77876	9.13371
2657977	Wimmis		CH	Bern	ort		2237	46.67587	7.63972
2771284	Mönchhof		AT	Burgenland	ort		2236	47.88020	16.94126
2921886	Geiersthal		DE	Bayern	ort		2236	49.04569	12.98171
2813468	Weddingstedt		DE	Schleswig-Holstein	ort		2235	54.23428	9.09103
2841047	Sayda		DE	Sachsen	ort		2235	50.71123	13.42172
2882335	Kurort Gohrisch		DE	Sachsen	ort		2234	50.91234	14.10687
2959142	Aholming		DE	Bayern	ort		2234	48.73542	12.90997
2661450	Bönigen		CH	Bern	ort		2233	46.68736	7.89350
2867245	Nachterstedt		DE	Sachsen-Anhalt	ort		2232	51.80081	11.33489
2779944	Ernsthofen		AT	Niederösterreich	ort		2230	48.12915	14.48058
2804925	Zeitlofs		DE	Bayern	ort		2228	50.26189	9.67243
2892192	Katzenelnbogen		DE	Rheinland-Pfalz	ort		2227	50.26745	7.97322
2870190	Möhlau		DE	Sachsen-Anhalt	ort		2225	51.73126	12.35282
2908575	Hayingen		DE	Baden-Württemberg	ort		2224	48.27531	9.47760
2943829	Brokstedt		DE	Schleswig-Holstein	ort		2224	53.98333	9.81667
2813524	Wechselburg		DE	Sachsen	ort		2223	51.00214	12.77661
2830912	Sosa		DE	Sachsen	ort		2223	50.49917	12.65120
2763658	Thüringen		AT	Vorarlberg	ort		2222	47.20000	9.76667
2764797	Spillern		AT	Niederösterreich	ort		2222	48.38333	16.25000
2879667	Leezen		DE	Mecklenburg-Vorpommern	ort		2222	53.66265	11.49874
2660353	Hettlingen		CH	Zürich	ort		2221	47.54610	8.70532
2908350	Heede		DE	Niedersachsen	ort		2221	52.99205	7.29830
2832078	Sillenstede		DE	Niedersachsen	ort		2220	53.57437	7.98500
2766294	Bad Sauerbrunn		AT	Burgenland	ort		2219	47.77439	16.32841
2907416	Heimbuchenthal		DE	Bayern	ort		2219	49.88917	9.29556
2761558	Weistrach		AT	Niederösterreich	ort		2216	48.05000	14.58333
2844274	Rötgesbüttel		DE	Niedersachsen	ort		2216	52.41667	10.53333
2876698	Löbnitz		DE	Sachsen	ort		2216	51.59238	12.46347
2821980	Todtmoos		DE	Baden-Württemberg	ort		2215	47.74014	8.00183
2906634	Heltersberg		DE	Rheinland-Pfalz	ort		2214	49.31667	7.71667
2768782	Pirka		AT	Steiermark	ort		2213	47.00000	15.38333
2658006	Wiedlisbach		CH	Bern	ort		2213	47.25194	7.64610
2659046	Riddes		CH	Wallis	ort		2213	46.17276	7.22360
2659648	Mogelsberg		CH	St. Gallen	ort		2213	47.36222	9.13541
6292590	Wetzikon / Robenhausen		CH	Zürich	stadtteil	Zürich	2213	47.33089	8.78762
2832114	Silberstedt		DE	Schleswig-Holstein	ort		2213	54.51667	9.38333
2859970	Langfurth		DE	Bayern	ort		2211	49.10112	10.45359
2767034	Rottenmann		AT	Steiermark	ort		2209	47.51667	14.35000
2660937	Eggersriet		CH	St. Gallen	ort		2209	47.44202	9.46901
2817325	Viernau		DE	Thüringen	ort		2209	50.66225	10.55778
2844924	Rosenthal		DE	Hessen	ort		2209	50.97439	8.86736
2911691	Halbe		DE	Brandenburg	ort		2209	52.11667	13.70000
2904748	Hilgermissen		DE	Niedersachsen	ort		2208	52.85000	9.16667
6295080	Stadt Winterthur (Kreis 1) / Tössfeld		CH	Zürich	stadtteil	Winterthur	2207	47.49340	8.71512
2832003	Simmersfeld		DE	Baden-Württemberg	ort		2207	48.61667	8.51667
2892118	Katzhütte		DE	Thüringen	ort		2207	50.55191	11.05293
2764957	Sölden		AT	Tirol	ort		2205	46.96667	11.00000
2809089	Wietzen		DE	Niedersachsen	ort		2205	52.71667	9.08333
2815735	Wachenroth		DE	Bayern	ort		2205	49.75185	10.71335
2885495	Kordel		DE	Rheinland-Pfalz	ort		2205	49.83333	6.63333
2915388	Groß Köris		DE	Brandenburg	ort		2205	52.16587	13.65935
2896506	Ilmmünster		DE	Bayern	ort		2204	48.48333	11.50000
2895913	Insheim		DE	Rheinland-Pfalz	ort		2203	49.15806	8.14722
2913428	Gutach		DE	Baden-Württemberg	ort		2202	48.24844	8.21293
2659215	Pfeffingen		CH	Basel-Landschaft	ort		2201	47.45984	7.58975
3207537	Rieschweiler-Mühlbach		DE	Rheinland-Pfalz	ort		2201	49.23333	7.50000
2766189	Schafwiesen		AT	Oberösterreich	ort		2200	48.17194	14.07067
2923614	Fürstenhausen		DE	Saarland	ort		2200	49.24075	6.86817
2771970	Marchegg		AT	Niederösterreich	ort		2199	48.26217	16.91045
2809214	Wiesensteig		DE	Baden-Württemberg	ort		2199	48.56127	9.62540
2864806	Neukalen		DE	Mecklenburg-Vorpommern	ort		2199	53.82275	12.79015
2867850	Muldenstein		DE	Sachsen-Anhalt	ort		2197	51.67192	12.34548
2762714	Unterpremstätten		AT	Steiermark	ort		2196	46.96472	15.40417
2919147	Gomadingen		DE	Baden-Württemberg	ort		2196	48.39980	9.39065
2763302	Tschagguns		AT	Vorarlberg	ort		2195	47.08333	9.90000
2768179	Raaba		AT	Steiermark	ort		2194	47.03333	15.50000
2769872	Oberndorf in Tirol		AT	Tirol	ort		2194	47.50000	12.38333
2658882	Saignelégier		CH	Jura	ort		2194	47.25619	6.99648
2659899	Leytron		CH	Wallis	ort		2194	46.18660	7.20780
2931827	Eimeldingen		DE	Baden-Württemberg	ort		2194	47.63333	7.60000
2657992	Wilchingen		CH	Schaffhausen	ort		2193	47.66745	8.46774
2661009	Disentis		CH	Graubünden	ort		2193	46.70341	8.85090
2808514	Willmering		DE	Bayern	ort		2193	49.25000	12.66667
2882115	Laar		DE	Niedersachsen	ort		2193	52.35581	8.25388
2905298	Hessigheim		DE	Baden-Württemberg	ort		2193	48.99407	9.18629
2908165	Hehlen		DE	Niedersachsen	ort		2193	51.98858	9.47004
2658058	Waltenschwil		CH	Aargau	ort		2192	47.33339	8.29791
2659840	Lucens		CH	Waadt	ort		2192	46.70854	6.83931
6691631	Troinex		CH	Genf	ort		2192	46.16313	6.14745
2813864	Wasbek		DE	Schleswig-Holstein	ort		2192	54.07427	9.89738
2843747	Rottenacker		DE	Baden-Württemberg	ort		2192	48.23485	9.68956
2924999	Fremdingen		DE	Bayern	ort		2192	48.97241	10.45754
2953542	Bad Bibra		DE	Sachsen-Anhalt	ort		2192	51.20796	11.58517
2843223	Ruhmannsfelden		DE	Bayern	ort		2190	48.98327	12.98347
2916655	Grossenbrode		DE	Schleswig-Holstein	ort		2190	54.38333	11.08333
2936473	Dohma		DE	Sachsen	ort		2190	50.91667	13.93333
2814570	Wallhausen		DE	Sachsen-Anhalt	ort		2189	51.46117	11.20760
2814765	Waldthurn		DE	Bayern	ort		2189	49.67221	12.32919
2844701	Roßhaupten		DE	Bayern	ort		2189	48.42943	10.46911
2952359	Bartholomä		DE	Baden-Württemberg	ort		2189	48.75350	9.98752
2813407	Wefensleben		DE	Sachsen-Anhalt	ort		2188	52.18319	11.16074
2859439	Oberpframmern		DE	Bayern	ort		2188	48.02202	11.81331
2905394	Hespe		DE	Niedersachsen	ort		2188	52.32999	9.10818
2779378	Frankenmarkt		AT	Oberösterreich	ort		2185	47.98333	13.41667
2783035	Achenkirch		AT	Tirol	ort		2185	47.52659	11.70559
2858765	Obertrubach		DE	Bayern	ort		2185	49.70000	11.35000
2658660	Scuol		CH	Graubünden	ort		2184	46.79671	10.29804
2842438	Saffig		DE	Rheinland-Pfalz	ort		2184	50.38333	7.41667
2660424	Hägglingen		CH	Aargau	ort		2183	47.38851	8.25285
2809042	Wilburgstetten		DE	Bayern	ort		2183	49.02427	10.39505
2954608	Auerbach		DE	Bayern	ort		2183	48.80353	13.09952
2767607	Reith im Alpbachtal		AT	Tirol	ort		2181	47.41694	11.87785
2765538	Schwadorf		AT	Niederösterreich	ort		2180	48.06936	16.57957
2830622	Sperenberg		DE	Brandenburg	ort		2180	52.14113	13.36500
2856413	Osternienburg		DE	Sachsen-Anhalt	ort		2179	51.79384	12.02616
2875738	Lottstetten		DE	Baden-Württemberg	ort		2179	47.63333	8.56667
2830561	Spiegelberg		DE	Baden-Württemberg	ort		2178	49.04083	9.44444
2890487	Kirchheim		DE	Bayern	ort		2176	49.65607	9.85783
2890599	Kirchdorf im Wald		DE	Bayern	ort		2176	48.91048	13.26614
2937789	Deutzen		DE	Sachsen	ort		2176	51.11217	12.42541
2819823	Unterdietfurt		DE	Bayern	ort		2174	48.38333	12.66667
2805354	Zachenberg		DE	Bayern	ort		2173	48.96667	13.00000
2850776	Raisting		DE	Bayern	ort		2173	47.91667	11.10000
2952762	Barendorf		DE	Niedersachsen	ort		2173	53.22896	10.52158
2883793	Krombach		DE	Bayern	ort		2172	50.08319	9.20609
2899620	Holzmaden		DE	Baden-Württemberg	ort		2172	48.63333	9.51667
6291061	Bülach / Seematt		CH	Zürich	stadtteil	Winterthur	2171	47.51716	8.54651
2872375	Mehring		DE	Rheinland-Pfalz	ort		2171	49.80000	6.83333
3272935	Dittelsheim-Heßloch		DE	Rheinland-Pfalz	ort		2171	49.74389	8.23694
2840647	Schafstädt		DE	Sachsen-Anhalt	ort		2170	51.38131	11.77302
6295185	Mattenbach (Kreis 7) / Endliker		CH	Zürich	stadtteil	Winterthur	2169	47.48821	8.74938
2810345	Westerhausen		DE	Sachsen-Anhalt	ort		2169	51.80566	11.05631
2660625	Geuensee		CH	Luzern	ort		2168	47.19970	8.10689
2810184	Westerstetten		DE	Baden-Württemberg	ort		2166	48.51916	9.95494
2839581	Scheuerfeld		DE	Rheinland-Pfalz	ort		2166	50.78736	7.84128
2660334	Hitzkirch		CH	Luzern	ort		2165	47.22403	8.26425
2660788	Feuerthalen		CH	Zürich	ort		2165	47.69054	8.64357
2660250	Inwil		CH	Luzern	ort		2163	47.12530	8.34885
3209504	Puplinge		CH	Genf	ort		2163	46.21043	6.23114
2944657	Breitenberg		DE	Bayern	ort		2163	48.70439	13.79333
2657886	Zwingen		CH	Basel-Landschaft	ort		2162	47.43825	7.53027
2866072	Neuburg		DE	Mecklenburg-Vorpommern	ort		2162	53.40677	11.91742
2895863	Ipsheim		DE	Bayern	ort		2162	49.52750	10.48176
2912158	Haibach		DE	Bayern	ort		2161	48.53646	12.98685
2918659	Gottfrieding		DE	Bayern	ort		2160	48.63737	12.53561
2852197	Presseck		DE	Bayern	ort		2159	50.22804	11.55508
2927430	Felde		DE	Schleswig-Holstein	ort		2159	54.30000	9.93333
2916696	Grosselfingen		DE	Baden-Württemberg	ort		2158	48.33229	8.88704
2845146	Rosche		DE	Niedersachsen	ort		2157	52.98663	10.75184
2847529	Ribbesbüttel		DE	Niedersachsen	ort		2156	52.43435	10.50997
2901774	Hohenfels		DE	Bayern	ort		2156	49.20397	11.84841
2775497	Hörsching		AT	Oberösterreich	ort		2155	48.22627	14.17786
3206926	Muhr am See		DE	Bayern	ort		2155	49.15445	10.71845
2769384	Ostermiething		AT	Oberösterreich	ort		2154	48.04636	12.82937
2778532	Glanegg		AT	Salzburg	ort		2154	47.75000	13.00000
2804318	Zielitz		DE	Sachsen-Anhalt	ort		2154	52.28958	11.67572
2842531	Sachsenhagen		DE	Niedersachsen	ort		2154	52.39734	9.26791
2948594	Birkenfeld		DE	Bayern	ort		2153	49.85861	9.69556
2811652	Weitersburg		DE	Rheinland-Pfalz	ort		2152	50.41667	7.60000
2815315	Waidhofen		DE	Bayern	ort		2152	48.57681	11.33537
2815803	Waal		DE	Bayern	ort		2152	47.99679	10.77786
2880184	Lauenbrück		DE	Niedersachsen	ort		2152	53.20000	9.56667
2769877	Oberndorf in der Ebene		AT	Niederösterreich	ort		2151	48.27040	15.68985
2846658	Ringelai		DE	Bayern	ort		2151	48.81336	13.47130
2876357	Lohberg		DE	Bayern	ort		2151	49.17604	13.10549
2895552	Itzstedt		DE	Schleswig-Holstein	ort		2151	53.80800	10.15797
2661253	Castel San Pietro		CH	Tessin	ort		2150	45.86211	9.00843
2940743	Busdorf		DE	Schleswig-Holstein	ort		2149	54.10345	10.08242
2779214	Fritzens		AT	Tirol	ort		2148	47.30535	11.58950
2661383	Broc		CH	Freiburg	ort		2148	46.60513	7.09891
2803545	Zwiefalten		DE	Baden-Württemberg	ort		2148	48.23396	9.46232
2936827	Dirlewang		DE	Bayern	ort		2148	48.00195	10.50306
2846979	Rieneck		DE	Bayern	ort		2147	50.09349	9.64797
2781480	Breitenbach am Inn		AT	Tirol	ort		2143	47.47829	11.97372
6293088	Gattikon		CH	Zürich	ort		2142	47.28439	8.54830
2813176	Weibersbrunn		DE	Bayern	ort		2142	49.93083	9.36611
2840179	Schauenstein		DE	Bayern	ort		2142	50.27826	11.74169
2849047	Reichersbeuern		DE	Bayern	ort		2142	47.76667	11.63333
2939907	Colmberg		DE	Bayern	ort		2142	49.35480	10.41157
2660200	Kaisten		CH	Aargau	ort		2140	47.54160	8.04337
2872033	Melsbach		DE	Rheinland-Pfalz	ort		2139	50.48333	7.48333
2929614	Erkenbrechtsweiler		DE	Baden-Württemberg	ort		2139	48.55656	9.43211
2937124	Dietersheim		DE	Bayern	ort		2138	49.55631	10.54074
2958648	Albertstadt		DE	Sachsen	ort		2137	51.08333	13.76667
2762403	Viehhausen		AT	Salzburg	ort		2136	47.78333	12.98333
2782979	Admont		AT	Steiermark	ort		2136	47.57537	14.46075
2768622	Podersdorf am See		AT	Burgenland	ort		2135	47.85412	16.83706
2661036	Deitingen		CH	Solothurn	ort		2135	47.21515	7.61880
2661844	Affeltrangen		CH	Thurgau	ort		2135	47.52581	9.03307
2921755	Geiselbach		DE	Bayern	ort		2135	50.12329	9.19664
2926858	Filsum		DE	Niedersachsen	ort		2134	53.24213	7.62785
2658281	Ueberstorf		CH	Freiburg	ort		2133	46.86587	7.30998
2661180	Chexbres		CH	Waadt	ort		2133	46.48208	6.77805
6295135	Seen (Kreis 3) / Oberseen		CH	Zürich	stadtteil	Winterthur	2133	47.48205	8.77289
2831837	Sipplingen		DE	Baden-Württemberg	ort		2132	47.79678	9.09737
2896679	Iggensbach		DE	Bayern	ort		2132	48.73014	13.14229
2901360	Hohenwarth		DE	Bayern	ort		2132	49.20000	12.93333
2956987	Altmittweida		DE	Sachsen	ort		2132	50.96667	12.95000
3207220	Scheden		DE	Niedersachsen	ort		2132	51.45000	9.73333
2879846	Lawalde		DE	Sachsen	ort		2131	51.08333	14.60000
2853971	Pforzen		DE	Bayern	ort		2130	47.92997	10.61357
2872512	Meerbeck		DE	Niedersachsen	ort		2130	52.34174	9.15067
2771921	Maria Lanzendorf		AT	Niederösterreich	ort		2129	48.09923	16.41984
2852168	Prettin		DE	Sachsen-Anhalt	ort		2128	51.66077	12.92353
2864804	Neu Kaliß		DE	Mecklenburg-Vorpommern	ort		2128	53.17466	11.29446
2805870	Wulften		DE	Niedersachsen	ort		2127	51.65999	10.17437
2948115	Blaibach		DE	Bayern	ort		2127	49.16667	12.81667
2778599	Gföhl		AT	Niederösterreich	ort		2125	48.51667	15.48333
2661124	Coppet		CH	Waadt	ort		2124	46.31682	6.19114
2937865	Deuerling		DE	Bayern	ort		2124	49.03720	11.91045
2779380	Frankenburg		AT	Oberösterreich	ort		2122	48.06844	13.49065
2821843	Toppenstedt		DE	Niedersachsen	ort		2122	53.26430	10.11451
2890511	Kirchgellersen		DE	Niedersachsen	ort		2122	53.23333	10.30000
2922305	Gau-Bickelheim		DE	Rheinland-Pfalz	ort		2122	49.83528	8.02056
2849694	Rechtsupweg		DE	Niedersachsen	ort		2121	53.53333	7.33333
2658055	Walzenhausen		CH	Appenzell Ausserrhoden	ort		2120	47.44867	9.60495
2839074	Schirmitz		DE	Bayern	ort		2120	49.65000	12.16667
2770927	Nassereith		AT	Tirol	ort		2119	47.31667	10.83333
2874621	Mackenbach		DE	Rheinland-Pfalz	ort		2119	49.46667	7.58333
2928047	Falkenau		DE	Sachsen	ort		2119	50.85559	13.11718
6295299	Dietikon / Almend		CH	Zürich	stadtteil	Zürich	2118	47.40477	8.39168
2929685	Erfde		DE	Schleswig-Holstein	ort		2118	54.30000	9.31667
2951014	Benningen		DE	Bayern	ort		2118	47.96667	10.21667
2822737	Thiersheim		DE	Bayern	ort		2117	50.07609	12.12650
2952637	Bargstedt		DE	Niedersachsen	ort		2117	53.46667	9.45000
2782060	Bad Fischau		AT	Niederösterreich	ort		2116	47.83137	16.16707
2811691	Weisweil		DE	Baden-Württemberg	ort		2114	48.19939	7.67713
2833654	Seelitz		DE	Sachsen	ort		2114	51.03333	12.81667
2877204	Lindewitt		DE	Schleswig-Holstein	ort		2114	54.70000	9.20000
2890481	Kirchheim am Ries		DE	Baden-Württemberg	ort		2113	48.87922	10.40028
2918133	Gramzow		DE	Brandenburg	ort		2113	53.21246	14.00748
2762341	Vöcklamarkt		AT	Oberösterreich	ort		2112	48.00250	13.48383
2846584	Ringsheim		DE	Baden-Württemberg	ort		2112	48.24765	7.77823
2926981	Fichtelberg		DE	Bayern	ort		2111	50.00288	11.85425
2772796	Lechaschau		AT	Tirol	ort		2108	47.48804	10.70652
2862893	Niederschöna		DE	Sachsen	ort		2108	50.96671	13.41910
2924335	Frittlingen		DE	Baden-Württemberg	ort		2108	48.12709	8.70774
2661099	Courgenay		CH	Jura	ort		2106	47.40483	7.12522
7284172	Lewenberg		DE	Mecklenburg-Vorpommern	stadtteil	Schwerin	2106	53.64591	11.40767
2932987	Egloffstein		DE	Bayern	ort		2105	49.70182	11.25749
2953702	Bacharach		DE	Rheinland-Pfalz	ort		2105	50.05725	7.76948
2950731	Berg		DE	Rheinland-Pfalz	ort		2104	48.98403	8.20232
2879543	Lehesten		DE	Thüringen	ort		2103	50.98333	11.58333
2897557	Hundsangen		DE	Rheinland-Pfalz	ort		2103	50.45000	7.98333
2774761	Kappl		AT	Tirol	ort		2102	47.06667	10.38333
2880001	Laußnitz		DE	Sachsen	ort		2102	51.25000	13.88333
2934452	Dürnau		DE	Baden-Württemberg	ort		2102	48.64079	9.63544
2660826	Fällanden		CH	Zürich	ort		2100	47.37169	8.63869
2836587	Schönhausen		DE	Sachsen-Anhalt	ort		2100	52.58076	12.03923
2866523	Nennhausen		DE	Brandenburg	ort		2100	52.60000	12.50000
2810395	Westeregeln		DE	Sachsen-Anhalt	ort		2099	51.96328	11.39265
2956434	Ammerndorf		DE	Bayern	ort		2099	49.42335	10.85011
2658954	Rothenthurm		CH	Schwyz	ort		2098	47.10420	8.67585
2955050	Assamstadt		DE	Baden-Württemberg	ort		2098	49.42806	9.68611
2781587	Bramberg am Wildkogel		AT	Salzburg	ort		2096	47.26979	12.33850
2934073	Ebendorf		DE	Sachsen-Anhalt	ort		2096	52.18551	11.57478
2860430	Oberhausen		DE	Bayern	ort		2094	47.78333	11.13333
2888323	Kleinrinderfeld		DE	Bayern	ort		2094	49.70028	9.84472
2958653	Albertshofen		DE	Bayern	ort		2094	49.76667	10.16667
2915201	Großörner		DE	Sachsen-Anhalt	ort		2092	51.61527	11.48980
11903602	Rohrendorf bei Krems		AT	Niederösterreich	ort		2091	48.41935	15.65772
2864882	Neuhof an der Zenn		DE	Bayern	ort		2091	49.45690	10.64548
2896523	Illschwang		DE	Bayern	ort		2091	49.45000	11.68333
2657944	Wynigen		CH	Bern	ort		2090	47.10586	7.66681
2660322	Hohenrain		CH	Luzern	ort		2090	47.18083	8.31802
2851096	Raddestorf		DE	Niedersachsen	ort		2090	52.45000	8.96667
2901984	Hohenaspe		DE	Schleswig-Holstein	ort		2089	53.98898	9.52774
2915107	Großrudestedt		DE	Thüringen	ort		2089	51.09305	11.09977
2660802	Felsberg		CH	Graubünden	ort		2088	46.84566	9.47588
11903601	Absdorf		AT	Niederösterreich	ort		2087	48.40021	15.97874
2815059	Walderbach		DE	Bayern	ort		2087	49.18333	12.38333
2920268	Gittelde		DE	Niedersachsen	ort		2087	51.79840	10.18780
2953247	Bahrdorf		DE	Niedersachsen	ort		2087	52.38587	11.00040
2769409	Orth an der Donau		AT	Niederösterreich	ort		2086	48.14524	16.70089
2841876	Sandersleben		DE	Sachsen-Anhalt	ort		2085	51.67745	11.56795
2842059	Samtens		DE	Mecklenburg-Vorpommern	ort		2085	54.35481	13.29311
2875868	Lörzweiler		DE	Rheinland-Pfalz	ort		2085	49.89833	8.29472
2948305	Bischofferode		DE	Thüringen	ort		2085	51.49656	10.44396
2803642	Zuzenhausen		DE	Baden-Württemberg	ort		2083	49.29636	8.82254
2915392	Großkorbetha		DE	Sachsen-Anhalt	ort		2083	51.26002	12.03012
2930776	Elsdorf		DE	Niedersachsen	ort		2083	53.24120	9.35056
2778949	Gaming		AT	Niederösterreich	ort		2082	47.92900	15.08818
2812036	Weißbach		DE	Baden-Württemberg	ort		2082	49.29717	9.59531
2854957	Penkun		DE	Mecklenburg-Vorpommern	ort		2082	53.29695	14.23616
2880002	Laußig		DE	Sachsen	ort		2082	51.54676	12.62930
2895131	Jatznick		DE	Mecklenburg-Vorpommern	ort		2082	53.57951	13.93955
2865123	Neuhäusel		DE	Rheinland-Pfalz	ort		2081	50.38360	7.70960
2907886	Heidenau		DE	Niedersachsen	ort		2081	53.31667	9.66667
2782408	Arnoldstein		AT	Kärnten	ort		2080	46.54611	13.71000
11745977	Lerchenfeld		AT	Niederösterreich	stadtteil		2080	48.41234	15.63183
2657961	Wolfenschiessen		CH	Nidwalden	ort		2080	46.90322	8.39423
2661233	Cernier		CH	Neuenburg	ort		2080	47.05878	6.90040
6291996	Tann / Tann (Dorfkern)		CH	Zürich	stadtteil		2080	47.26494	8.85048
2898033	Hüffenhardt		DE	Baden-Württemberg	ort		2080	49.29194	9.08167
2657957	Wolfwil		CH	Solothurn	ort		2079	47.26871	7.79652
2870359	Mitterskirchen		DE	Bayern	ort		2078	48.35000	12.73333
2810337	Westerheim		DE	Bayern	ort		2077	48.01667	10.30000
2859938	Oberleichtersbach		DE	Bayern	ort		2077	50.28333	9.80000
2861990	Nordhalben		DE	Bayern	ort		2077	50.37411	11.50992
2659384	Obergösgen		CH	Solothurn	ort		2076	47.36538	7.95173
2810581	Wessobrunn		DE	Bayern	ort		2076	47.87407	11.02461
2761712	Weiler		AT	Vorarlberg	ort		2075	47.29972	9.65000
2781183	Burgfried		AT	Oberösterreich	ort		2075	48.51990	14.29570
2951151	Beltheim		DE	Rheinland-Pfalz	ort		2075	50.10606	7.46208
2771847	Marz		AT	Burgenland	ort		2073	47.71667	16.41667
2930750	Elsendorf		DE	Bayern	ort		2073	48.70757	11.80982
2948292	Bischofsgrün		DE	Bayern	ort		2072	50.05122	11.79997
2871225	Miehlen		DE	Rheinland-Pfalz	ort		2070	50.22574	7.83196
2938439	Deiningen		DE	Bayern	ort		2070	48.86667	10.56667
2903295	Hochdorf		DE	Baden-Württemberg	ort		2069	48.02560	9.78778
2778039	Grein		AT	Oberösterreich	ort		2068	48.22862	14.85884
2908896	Hausen		DE	Bayern	ort		2068	48.85953	12.00630
2660563	Gontenschwil		CH	Aargau	ort		2067	47.27166	8.14396
2862525	Niepars		DE	Mecklenburg-Vorpommern	ort		2067	54.31447	12.92447
2863214	Niederkirchen		DE	Rheinland-Pfalz	ort		2067	49.58333	7.70000
2867520	Münsterhausen		DE	Bayern	ort		2067	48.30973	10.45500
2881500	Landscheid		DE	Rheinland-Pfalz	ort		2067	49.98333	6.76667
2848308	Remlingen		DE	Niedersachsen	ort		2065	52.11367	10.67408
2959553	Adelberg		DE	Baden-Württemberg	ort		2065	48.76227	9.59991
2763406	Trausdorf an der Wulka		AT	Burgenland	ort		2064	47.81350	16.55760
2777459	Grünau im Almtal		AT	Oberösterreich	ort		2064	47.85493	13.95573
2945982	Borstel-Hohenraden		DE	Schleswig-Holstein	ort		2064	53.68333	9.81667
2892652	Karsdorf		DE	Sachsen-Anhalt	ort		2063	51.27134	11.65775
2910973	Handorf		DE	Niedersachsen	ort		2063	53.34084	10.34652
2768837	Piesendorf		AT	Salzburg	ort		2062	47.29077	12.71839
2863031	Niedernwöhren		DE	Niedersachsen	ort		2061	52.35214	9.14788
2864131	Neusorg		DE	Bayern	ort		2061	49.93333	11.96667
2914263	Grünendeich		DE	Niedersachsen	ort		2061	53.56952	9.61218
2806523	Wolfstein		DE	Rheinland-Pfalz	ort		2060	49.58411	7.60496
2881682	Lampertswalde		DE	Sachsen	ort		2060	51.31108	13.67694
2766496	Sankt Michael im Lungau		AT	Salzburg	ort		2059	47.10000	13.63333
2905215	Hettingen		DE	Baden-Württemberg	ort		2059	48.21601	9.23169
2837072	Schönau		DE	Bayern	ort		2058	48.48333	12.85000
2955464	Arnschwang		DE	Bayern	ort		2058	49.27663	12.81595
2885074	Kötzschau		DE	Sachsen-Anhalt	ort		2057	51.31244	12.13044
2957207	Altfraunhofen		DE	Bayern	ort		2057	48.45000	12.16667
3207904	Spay		DE	Rheinland-Pfalz	ort		2056	50.25881	7.64839
2770350	Oberau		AT	Tirol	ort		2054	47.44336	12.04891
2899013	Horka		DE	Sachsen	ort		2053	51.26342	14.25523
3208539	Bordelum		DE	Schleswig-Holstein	ort		2053	54.63333	8.93333
2661359	Bubikon		CH	Zürich	ort		2052	47.26698	8.81790
2659784	Malans		CH	Graubünden	ort		2051	46.98096	9.57527
2856073	Ottensoos		DE	Bayern	ort		2051	49.50949	11.34158
2937239	Diesdorf		DE	Sachsen-Anhalt	stadtteil	Magdeburg	2051	52.13075	11.56483
2847547	Rhumspringe		DE	Niedersachsen	ort		2050	51.58333	10.30000
2860574	Obergriesbach		DE	Bayern	ort		2050	48.42305	11.06850
2946482	Bönebüttel		DE	Schleswig-Holstein	ort		2049	54.08333	10.06667
2777673	Grosshöflein		AT	Burgenland	ort		2048	47.83586	16.48035
2866512	Nentershausen		DE	Rheinland-Pfalz	ort		2048	50.41667	7.93333
2955527	Arnbruck		DE	Bayern	ort		2048	49.13012	12.99820
2761660	Weissach		AT	Tirol	ort		2047	47.57091	12.16255
2659218	Pfaffnau		CH	Luzern	ort		2047	47.22772	7.89719
2809939	Wettin		DE	Sachsen-Anhalt	ort		2046	51.58604	11.80630
2925902	Förderstedt		DE	Sachsen-Anhalt	ort		2045	51.89717	11.63349
2957880	Altenau		DE	Niedersachsen	ort		2045	51.80113	10.44148
2761488	Wenns		AT	Tirol	ort		2044	47.16667	10.73333
2941923	Bühlerzell		DE	Baden-Württemberg	ort		2044	49.00333	9.92056
2776631	Hausmening		AT	Niederösterreich	ort		2043	48.07074	14.81438
2928760	Essingen		DE	Rheinland-Pfalz	ort		2043	49.23583	8.17472
2765091	Sieghartskirchen		AT	Niederösterreich	ort		2042	48.25531	16.01223
2657953	Worben		CH	Bern	ort		2042	47.10279	7.29518
2852809	Polsingen		DE	Bayern	ort		2042	48.92067	10.71150
2766435	Sankt Peter in der Au Markt		AT	Niederösterreich	ort		2040	48.04400	14.62182
2657998	Wigoltingen		CH	Thurgau	ort		2040	47.59770	9.03141
2658382	Thierachern		CH	Bern	ort		2040	46.75319	7.57442
2842311	Saldenburg		DE	Bayern	ort		2040	48.77310	13.35586
2659266	Ottenbach		CH	Zürich	ort		2039	47.28228	8.40432
2660493	Grône		CH	Wallis	ort		2039	46.25288	7.45947
2806325	Wolpertshausen		DE	Baden-Württemberg	ort		2037	49.16750	9.84472
2836460	Schönthal		DE	Bayern	ort		2037	49.35000	12.60000
2841672	Sankt Andreasberg		DE	Niedersachsen	ort		2037	51.71004	10.51867
2912863	Hackenheim		DE	Rheinland-Pfalz	ort		2037	49.82524	7.89907
2843738	Rottenbach		DE	Thüringen	ort		2036	50.68782	11.16674
2890168	Kitzen		DE	Sachsen	ort		2036	51.22172	12.22349
2823257	Teunz		DE	Bayern	ort		2035	49.48333	12.38333
2932286	Eichenried		DE	Bayern	ort		2035	48.27748	11.78206
2890278	Kirrweiler		DE	Rheinland-Pfalz	ort		2034	49.30124	8.16288
2779529	Fisching		AT	Oberösterreich	ort		2033	48.22301	14.42771
2908886	Hausen		DE	Bayern	ort		2033	49.86972	9.21028
2950189	Berkenthin		DE	Schleswig-Holstein	ort		2033	53.73333	10.65000
2660247	Pfäffikon / Irgenhausen		CH	Zürich	stadtteil	Winterthur	2032	47.36240	8.79265
2835256	Schwanfeld		DE	Bayern	ort		2032	49.92166	10.13866
2873581	Marienhafe		DE	Niedersachsen	ort		2032	53.52274	7.27306
2883236	Krün		DE	Bayern	ort		2032	47.50515	11.27924
2853085	Pobershau		DE	Sachsen	ort		2031	50.64079	13.21776
2891846	Kelberg		DE	Rheinland-Pfalz	ort		2031	50.29164	6.91950
2895189	Jänschwalde		DE	Brandenburg	ort		2031	51.86066	14.49813
2950361	Berghülen		DE	Baden-Württemberg	ort		2031	48.46399	9.76110
2856792	Osten		DE	Niedersachsen	ort		2030	53.70000	9.20000
2896530	Illmensee		DE	Baden-Württemberg	ort		2030	47.86229	9.37235
2890609	Kirchdorf		DE	Niedersachsen	ort		2029	52.59523	8.83490
2924716	Friedersdorf		DE	Sachsen-Anhalt	ort		2028	51.64809	12.36555
2661023	Diemtigen		CH	Bern	ort		2027	46.64928	7.56477
2861881	Nordrach		DE	Baden-Württemberg	ort		2027	48.40000	8.08333
2771089	Mühldorf bei Feldbach		AT	Steiermark	ort		2026	46.93861	15.90750
2832915	Seth		DE	Schleswig-Holstein	ort		2026	53.84718	10.17421
2847210	Rieder		DE	Sachsen-Anhalt	ort		2026	51.73333	11.16667
2874556	Magdala		DE	Thüringen	ort		2025	50.90698	11.44801
2909968	Harxheim		DE	Rheinland-Pfalz	ort		2025	49.90528	8.26417
2933216	Egenhausen		DE	Baden-Württemberg	ort		2025	48.56667	8.61667
2764553	Stein an der Donau		AT	Niederösterreich	stadtteil		2024	48.40163	15.58102
2917803	Greifenberg		DE	Bayern	ort		2024	48.07062	11.08349
2806011	Wremen		DE	Niedersachsen	ort		2023	53.65000	8.51667
2942358	Buchholz		DE	Niedersachsen	ort		2023	53.00884	9.56287
2953970	Ausleben		DE	Sachsen-Anhalt	ort		2023	52.09049	11.11192
2846756	Rimbach		DE	Bayern	ort		2022	49.23333	12.88333
2772012	Mank		AT	Niederösterreich	ort		2021	48.11024	15.33915
2836658	Schönfeld		DE	Sachsen	ort		2021	51.30000	13.70000
2857753	Ofterschwang		DE	Bayern	ort		2021	47.50000	10.23333
2770913	Natters		AT	Tirol	ort		2020	47.23414	11.37342
2762070	Waidring		AT	Tirol	ort		2019	47.58333	12.56667
2769812	Oberpullendorf		AT	Burgenland	ort		2019	47.50352	16.50447
2780017	Enzersdorf an der Fischa		AT	Niederösterreich	ort		2018	48.08502	16.60832
2812954	Weidenthal		DE	Rheinland-Pfalz	ort		2018	49.41667	8.00000
2928819	Esselbach		DE	Bayern	ort		2018	49.85528	9.52583
2866583	Neinstedt		DE	Sachsen-Anhalt	ort		2017	51.74950	11.08721
2915212	Groß Oesingen		DE	Niedersachsen	ort		2017	52.64761	10.46366
2957733	Altendorf		DE	Bayern	ort		2017	50.08424	11.16786
2958092	Ammerthal		DE	Bayern	ort		2017	49.44123	11.76181
2817703	Velgast		DE	Mecklenburg-Vorpommern	ort		2016	54.27204	12.81075
6294626	Wangen		CH	Zürich	ort		2015	47.41182	8.64516
2814832	Waldrach		DE	Rheinland-Pfalz	ort		2015	49.74623	6.74543
2778361	Golling an der Salzach		AT	Salzburg	ort		2014	47.60000	13.16667
2658642	Seftigen		CH	Bern	ort		2014	46.78765	7.53937
2824729	Sulzheim		DE	Bayern	ort		2014	49.95000	10.33333
2875785	Lostau		DE	Sachsen-Anhalt	ort		2014	52.20871	11.73795
2882543	Kummerfeld		DE	Schleswig-Holstein	ort		2012	53.69262	9.79099
2933452	Edelsfeld		DE	Bayern	ort		2012	49.57644	11.69589
2958795	Aitrang		DE	Bayern	ort		2012	47.81667	10.53333
2760915	Wolfsbach		AT	Niederösterreich	ort		2011	48.06667	14.66667
2658249	Illnau / Unter-Illnau		CH	Zürich	stadtteil	Winterthur	2011	47.40787	8.72607
2661503	Bilten		CH	Glarus	ort		2011	47.14995	9.02551
2832014	Simmertal		DE	Rheinland-Pfalz	ort		2009	49.80981	7.52282
2908873	Hausen		DE	Rheinland-Pfalz	ort		2009	50.54242	7.40703
2932960	Egmating		DE	Bayern	ort		2008	48.00405	11.79528
2770061	Oberhausen		AT	Niederösterreich	ort		2007	48.17690	16.58506
2949324	Bichl		DE	Bayern	ort		2007	47.72010	11.41231
2761945	Wallsee		AT	Niederösterreich	ort		2006	48.16667	14.71667
2850484	Ranis		DE	Thüringen	ort		2006	50.66132	11.56912
2861094	Oberdischingen		DE	Baden-Württemberg	ort		2006	48.30000	9.83333
2905178	Hetzerath		DE	Rheinland-Pfalz	ort		2005	49.88333	6.81667
2906660	Helpsen		DE	Niedersachsen	ort		2005	52.31131	9.11676
3207752	Katzwinkel		DE	Rheinland-Pfalz	ort		2005	50.81470	7.82236
2949950	Bernstadt		DE	Baden-Württemberg	ort		2004	48.49957	10.02575
2781806	Bezau		AT	Vorarlberg	ort		2003	47.38478	9.90139
2807528	Wirsberg		DE	Bayern	ort		2003	50.10572	11.60515
2896721	Igel		DE	Rheinland-Pfalz	ort		2003	49.71033	6.55498
2938379	Delingsdorf		DE	Schleswig-Holstein	ort		2002	53.70000	10.25000
2659028	Riggisberg		CH	Bern	ort		2001	46.81028	7.48014
2853779	Piesport		DE	Rheinland-Pfalz	ort		2001	49.88640	6.91649
2658168	Verbier		CH	Wallis	ort		2000	46.10020	7.22651
2659999	Laufenburg		CH	Aargau	ort		2000	47.55985	8.06225
2660418	Hallau		CH	Schaffhausen	ort		2000	47.69648	8.45827
2660751	Flüelen		CH	Uri	ort		2000	46.90478	8.62396
2661247	Caux		CH	Waadt	ort		2000	46.43241	6.93855
2661849	Aeschi b. Spiez		CH	Bern	ort		2000	46.65848	7.69650
6697288	Lauffohr (Brugg)		CH	Aargau	stadtteil		2000	47.50154	8.23122
2832778	Sickenhausen		DE	Baden-Württemberg	ort		2000	48.53252	9.18114
2833893	Seedorf		DE	Baden-Württemberg	ort		2000	48.24908	8.48993
2839229	Schillig		DE	Niedersachsen	ort		2000	53.70378	8.02170
2927621	Fedderwarden		DE	Niedersachsen	ort		2000	53.56142	8.04371
2948717	Birgte		DE	Nordrhein-Westfalen	ort		2000	52.24790	7.64833
2815552	Waffenbrunn		DE	Bayern	ort		1999	49.26667	12.66667
2767414	Riezlern		AT	Vorarlberg	ort		1998	47.35778	10.18759
2828141	Steinfeld		DE	Rheinland-Pfalz	ort		1998	49.04833	8.03694
2850740	Ralingen		DE	Rheinland-Pfalz	ort		1997	49.81667	6.50000
2855834	Oeversee		DE	Schleswig-Holstein	ort		1996	54.70000	9.43333
2880905	Langenstein		DE	Sachsen-Anhalt	ort		1996	51.85551	10.98822
2953493	Badenhausen		DE	Niedersachsen	ort		1996	51.76996	10.20493
2853295	Plaue		DE	Thüringen	ort		1995	50.77835	10.89969
2927850	Fambach		DE	Thüringen	ort		1995	50.73333	10.36667
2660349	Hindelbank		CH	Bern	ort		1994	47.04270	7.54143
2950099	Bernau		DE	Baden-Württemberg	ort		1993	47.80018	8.03830
2777590	Groß-Siegharts		AT	Niederösterreich	ort		1992	48.79180	15.40429
2958600	Albshausen		DE	Hessen	stadtteil	Wetzlar	1992	50.54431	8.43784
2659805	Madiswil		CH	Bern	ort		1991	47.16463	7.79858
2856888	Osloß		DE	Niedersachsen	ort		1990	52.46925	10.68011
2864141	Neusitz		DE	Bayern	ort		1990	49.37185	10.22559
2880861	Langeoog		DE	Niedersachsen	ort		1990	53.75000	7.48333
6290376	Affoltern / Unterdorf		CH	Zürich	stadtteil	Zürich	1989	47.28277	8.45409
2818632	Untersteinach		DE	Bayern	ort		1989	50.13333	11.51667
2837777	Schmiedefeld am Rennsteig		DE	Thüringen	ort		1989	50.60863	10.81284
2782055	Bad Goisern		AT	Oberösterreich	ort		1987	47.64252	13.61609
2875585	Lubmin		DE	Mecklenburg-Vorpommern	ort		1987	54.13509	13.61687
2879375	Lehrensteinsfeld		DE	Baden-Württemberg	ort		1986	49.13111	9.32722
2890880	Kindelbrück		DE	Thüringen	ort		1985	51.26171	11.08999
3207003	Weilersbach		DE	Bayern	ort		1985	49.75000	11.11667
3208554	Lohe-Rickelshof		DE	Schleswig-Holstein	ort		1985	54.18803	9.07066
6291664	Sonnhalde		CH	Zürich	ort		1984	47.45329	8.46091
2870025	Möllenhagen		DE	Mecklenburg-Vorpommern	ort		1984	53.52388	12.92868
2917819	Greffern		DE	Baden-Württemberg	ort		1984	48.75205	8.00515
2660631	Gersau		CH	Schwyz	ort		1983	46.99419	8.52500
2937349	Dienheim		DE	Rheinland-Pfalz	ort		1981	49.83722	8.34972
2873308	Markt Bibart		DE	Bayern	ort		1978	49.64787	10.42492
2660115	Koppigen		CH	Bern	ort		1977	47.13125	7.60525
2822881	Theißen		DE	Sachsen-Anhalt	ort		1977	51.08748	12.10659
2922304	Gau-Bischofsheim		DE	Rheinland-Pfalz	ort		1977	49.91583	8.27278
2922419	Garz		DE	Mecklenburg-Vorpommern	ort		1977	54.31843	13.35125
2781003	Diemlach		AT	Steiermark	ort		1976	47.43610	15.27460
6293103	Wädenswil / Untermosen-Fuhr		CH	Zürich	stadtteil	Zürich	1976	47.22772	8.66303
2844072	Rothenbuch		DE	Bayern	ort		1976	49.96528	9.39389
2658024	Weisslingen		CH	Zürich	ort		1975	47.43063	8.76787
2823162	Thal		DE	Thüringen	ort		1975	50.91684	10.39209
2855390	Parsau		DE	Niedersachsen	ort		1973	52.53471	10.89020
2823608	Teising		DE	Bayern	ort		1971	48.22721	12.61137
2851916	Prohn		DE	Mecklenburg-Vorpommern	ort		1970	54.36901	13.02369
2910935	Hangard		DE	Saarland	ort		1970	49.38260	7.21046
2852599	Pörnbach		DE	Bayern	ort		1969	48.61667	11.46667
12110957	Gartenstadt		DE	Niedersachsen	stadtteil	Braunschweig	1969	52.23469	10.50574
11695064	Wispl		AT	Oberösterreich	stadtteil		1967	48.16488	13.99753
2805825	Wulsbüttel		DE	Niedersachsen	ort		1967	53.31667	8.66667
2809718	Widdern		DE	Baden-Württemberg	ort		1967	49.31825	9.42209
2935816	Dormitz		DE	Bayern	ort		1966	49.59786	11.11765
2761965	Wallern an der Trattnach		AT	Oberösterreich	ort		1965	48.23296	13.94620
2762822	Unterlangkampfen		AT	Tirol	ort		1965	47.55000	12.10000
2764624	Stattersdorf		AT	Niederösterreich	ort		1963	48.18333	15.63333
11591764	Schönkirchen-Reyersdorf		AT	Niederösterreich	ort		1963	48.35477	16.69115
8436414	Bas-Vully		CH	Freiburg	ort		1963	46.96194	7.11251
2826073	Straußfurt		DE	Thüringen	ort		1963	51.16667	10.98333
2822607	Thuine		DE	Niedersachsen	ort		1962	52.50000	7.48333
2920027	Glaubitz		DE	Sachsen	ort		1962	51.32498	13.37817
6292918	Oberrieden / Berg		CH	Zürich	stadtteil	Zürich	1961	47.27628	8.57257
2814486	Walpertskirchen		DE	Bayern	ort		1960	48.25840	11.97527
2853599	Pirk		DE	Bayern	ort		1960	49.63333	12.16667
2865332	Neufra		DE	Baden-Württemberg	ort		1960	48.12880	9.47554
2895248	Jacobsdorf		DE	Brandenburg	ort		1960	52.33333	14.35000
2845638	Rohrdorf		DE	Baden-Württemberg	ort		1959	48.56667	8.70000
2761880	Wartberg		AT	Steiermark	ort		1958	47.52717	15.48095
2832406	Siek		DE	Schleswig-Holstein	ort		1958	53.63333	10.30000
2915362	Groß Kummerfeld		DE	Schleswig-Holstein	ort		1958	54.05000	10.08333
2826637	Stödtlen		DE	Baden-Württemberg	ort		1957	49.00000	10.30000
2959283	Aham		DE	Bayern	ort		1957	48.34821	12.16156
2768746	Pitten		AT	Niederösterreich	ort		1956	47.71667	16.18333
2815138	Waldbreitbach		DE	Rheinland-Pfalz	ort		1956	50.55000	7.41667
2817154	Viöl		DE	Schleswig-Holstein	ort		1956	54.56667	9.18333
2848269	Remse		DE	Sachsen	ort		1956	50.85000	12.56667
2855902	Otzing		DE	Bayern	ort		1956	48.76134	12.80877
6295302	Dietikon / Kreuzacker		CH	Zürich	stadtteil	Zürich	1955	47.39919	8.40146
2806239	Wonfurt		DE	Bayern	ort		1955	50.01667	10.46667
2858426	Obhausen		DE	Sachsen-Anhalt	ort		1955	51.39172	11.65312
2944707	Breitenbach		DE	Hessen	ort		1955	50.95655	9.78285
2900799	Höingen		DE	Hessen	ort		1954	50.71910	8.91961
2830803	Spardorf		DE	Bayern	ort		1953	49.60854	11.05585
2891831	Kell		DE	Rheinland-Pfalz	ort		1953	49.63425	6.82390
2912782	Hadmersleben		DE	Sachsen-Anhalt	ort		1953	51.99275	11.30283
2661313	Büron		CH	Luzern	ort		1951	47.21192	8.09420
2808219	Windesheim		DE	Rheinland-Pfalz	ort		1951	49.90000	7.81667
2779229	Friesach		AT	Kärnten	ort		1950	46.95528	14.40583
2879668	Leezdorf		DE	Niedersachsen	ort		1950	53.55000	7.30000
2923444	Gablenz		DE	Sachsen	ort		1950	51.53333	14.66667
2957040	Altleiningen		DE	Rheinland-Pfalz	ort		1950	49.50750	8.07333
2769171	Peggau		AT	Steiermark	ort		1949	47.20000	15.35000
2867888	Mühltroff		DE	Sachsen	ort		1949	50.53919	11.92828
2874423	Mähring		DE	Bayern	ort		1949	49.91095	12.52448
2771991	Mannswörth		AT	Niederösterreich	ort		1948	48.14547	16.51374
2813860	Wasbüttel		DE	Niedersachsen	ort		1948	52.41331	10.59357
2764937	Sommerein		AT	Niederösterreich	ort		1947	47.98333	16.65000
2885714	Konradsreuth		DE	Bayern	ort		1946	49.74179	12.29628
2946379	Boos		DE	Bayern	ort		1946	48.07521	10.19523
2658912	Rüthi		CH	St. Gallen	ort		1945	47.29480	9.53857
2659898	Lichtensteig		CH	St. Gallen	ort		1945	47.32381	9.08758
2879981	Lautenbach		DE	Baden-Württemberg	ort		1945	48.48185	8.02732
2928261	Eydelstedt		DE	Niedersachsen	ort		1945	52.69241	8.54668
2760825	Wulkaprodersdorf		AT	Burgenland	ort		1944	47.79753	16.50447
2774534	Kennelbach		AT	Vorarlberg	ort		1944	47.48306	9.76667
2782480	Ansfelden		AT	Oberösterreich	ort		1944	48.20969	14.29004
2658052	Wangen an der Aare		CH	Bern	ort		1944	47.23208	7.65253
2850098	Raubach		DE	Rheinland-Pfalz	ort		1944	50.57489	7.62496
2899033	Hörgertshausen		DE	Bayern	ort		1944	48.55000	11.86667
2657931	Zell		CH	Luzern	ort		1943	47.13673	7.92495
2866593	Neidlingen		DE	Baden-Württemberg	ort		1943	48.57865	9.56454
2767074	Röthis		AT	Vorarlberg	ort		1942	47.29332	9.65484
2951522	Beetzendorf		DE	Sachsen-Anhalt	ort		1942	52.70226	11.08890
11903603	Tux		AT	Tirol	ort		1941	47.15559	11.72872
6291247	Kloten / Geissberg		CH	Zürich	stadtteil	Zürich	1941	47.45424	8.59066
2867198	Nagel		DE	Bayern	ort		1941	49.98333	11.91667
2885302	Chostlarn		DE	Bayern	ort		1941	48.37144	13.12064
2948727	Birenbach		DE	Baden-Württemberg	ort		1941	48.74732	9.66115
2782049	Bad Sankt Leonhard im Lavanttal		AT	Kärnten	ort		1940	46.96278	14.79167
2659427	Nunningen		CH	Solothurn	ort		1939	47.39410	7.61951
2842060	Samswegen		DE	Sachsen-Anhalt	ort		1939	52.26059	11.56174
2868992	Motten		DE	Bayern	ort		1939	50.39561	9.77251
2781472	Breitenbrunn		AT	Burgenland	ort		1938	47.94452	16.73149
11592334	Mitterndorf		AT	Tirol	stadtteil		1938	47.57728	12.16968
2659195	Plaffeien		CH	Freiburg	ort		1938	46.74198	7.28666
2853627	Pinzberg		DE	Bayern	ort		1938	49.68971	11.10207
2936210	Donnersdorf		DE	Bayern	ort		1938	49.96667	10.41667
2953327	Bad Sülze		DE	Mecklenburg-Vorpommern	ort		1938	54.11084	12.66054
2658868	Saint-Léonard		CH	Wallis	ort		1937	46.25152	7.41714
2660748	Flühli		CH	Luzern	ort		1937	46.88391	8.01558
6294402	Benglen		CH	Zürich	ort		1937	47.36077	8.63687
2824419	Taching am See		DE	Bayern	ort		1937	47.95942	12.72933
2771472	Mitterdorf im Mürztal		AT	Steiermark	ort		1935	47.53333	15.51667
2659394	Endingen		CH	Aargau	ort		1935	47.53742	8.29036
2905222	Hettenshausen		DE	Bayern	ort		1935	48.50000	11.50000
2910694	Harbke		DE	Sachsen-Anhalt	ort		1935	52.18877	11.04624
2824687	Sünching		DE	Bayern	ort		1934	48.87855	12.35129
2958906	Aidhausen		DE	Bayern	ort		1934	50.15000	10.43333
2782371	Aschach an der Donau		AT	Oberösterreich	ort		1933	48.36458	14.02044
2658935	Rüeggisberg		CH	Bern	ort		1933	46.82216	7.43890
2871244	Midlum		DE	Niedersachsen	ort		1933	53.73135	8.61695
2909444	Hassel		DE	Niedersachsen	ort		1933	52.69688	8.83198
2782204	Auersthal		AT	Niederösterreich	ort		1932	48.37373	16.63596
7302536	Oberurnen		CH	Glarus	ort		1932	47.11412	9.05866
2820084	Unnau		DE	Rheinland-Pfalz	ort		1932	50.64881	7.90827
2893572	Kaltenengers		DE	Rheinland-Pfalz	ort		1932	50.41667	7.55000
11695065	Haidl		AT	Oberösterreich	stadtteil		1931	48.17267	14.05297
2846717	Rimschweiler		DE	Rheinland-Pfalz	ort		1930	49.21880	7.37571
2955762	Appel		DE	Niedersachsen	ort		1930	53.39060	9.74565
2818107	Usedom		DE	Mecklenburg-Vorpommern	ort		1929	53.87537	13.92394
2958696	Albersweiler		DE	Rheinland-Pfalz	ort		1929	49.21917	8.03000
2764651	Stans		AT	Tirol	ort		1928	47.36667	11.71667
2883005	Kuhardt		DE	Rheinland-Pfalz	ort		1927	49.14583	8.31444
2914457	Grünbach		DE	Sachsen	ort		1927	50.44995	12.36186
2776981	Hainfeld		AT	Niederösterreich	ort		1926	48.03390	15.77414
2849209	Reichartshausen		DE	Baden-Württemberg	ort		1926	49.35500	8.94528
2906489	Henfenfeld		DE	Bayern	ort		1926	49.49846	11.39059
2660441	Gunzwil		CH	Luzern	ort		1925	47.21072	8.17932
2905062	Heuchlingen		DE	Baden-Württemberg	ort		1925	48.85215	9.94391
2867527	Münsterdorf		DE	Schleswig-Holstein	ort		1924	53.90232	9.54123
2660927	Eiken		CH	Aargau	ort		1923	47.53361	7.98801
2847574	Rhinow		DE	Brandenburg	ort		1923	52.75094	12.34194
2885436	Körner		DE	Thüringen	ort		1923	51.23126	10.58878
3206180	Gutenzell-Hürbel		DE	Baden-Württemberg	ort		1922	48.11667	9.98333
2766939	Rust		AT	Burgenland	ort		1921	47.80122	16.67158
2659828	Lungern		CH	Obwalden	ort		1921	46.78578	8.15984
2862351	Nittel		DE	Rheinland-Pfalz	ort		1920	49.65000	6.45000
2950696	Berga		DE	Sachsen-Anhalt	ort		1920	51.45561	11.00710
2661703	Arzier		CH	Waadt	ort		1919	46.45962	6.20813
2875983	Lonnerstadt		DE	Bayern	ort		1919	49.69882	10.76711
2659781	Malleray		CH	Bern	ort		1918	47.23839	7.27286
2881150	Langenbogen		DE	Sachsen-Anhalt	ort		1918	51.48300	11.77786
2867066	Narsdorf		DE	Sachsen	ort		1917	51.01667	12.71667
2943783	Bromskirchen		DE	Hessen	ort		1917	51.09363	8.62640
2782052	Bad Ischl		AT	Oberösterreich	ort		1914	47.71109	13.61893
2835185	Schwarzach		DE	Baden-Württemberg	ort		1912	48.74738	8.03738
2873409	Markersbach		DE	Sachsen	ort		1912	50.53545	12.86149
2959181	Ahlsdorf		DE	Sachsen-Anhalt	ort		1912	51.54543	11.46655
2659478	Neunkirch		CH	Schaffhausen	ort		1911	47.69012	8.49981
2879276	Leiferde		DE	Niedersachsen	ort		1911	52.20445	10.50842
2936040	Dorfprozelten		DE	Bayern	ort		1911	49.78056	9.38028
2772060	Maishofen		AT	Salzburg	ort		1909	47.36667	12.80000
11903604	Bergland		AT	Niederösterreich	ort		1909	48.15595	15.18553
2658014	Werthenstein		CH	Luzern	ort		1909	47.05578	8.10182
2913445	Gusterath		DE	Rheinland-Pfalz	ort		1909	49.70000	6.71667
2953100	Balge		DE	Niedersachsen	ort		1909	52.71667	9.16667
2899024	Horhausen		DE	Rheinland-Pfalz	ort		1908	50.58745	7.53028
2778845	Gars am Kamp		AT	Niederösterreich	ort		1907	48.58899	15.65363
2934835	Droyßig		DE	Sachsen-Anhalt	ort		1907	51.04247	12.02590
2938068	Dernau		DE	Rheinland-Pfalz	ort		1907	50.53333	7.05000
2764561	Steinabrückl		AT	Niederösterreich	ort		1906	47.87053	16.20277
2661294	Cadenazzo		CH	Tessin	ort		1906	46.15172	8.94719
2878153	Lichte		DE	Thüringen	ort		1906	50.51667	11.18333
2769129	Penz		AT	Niederösterreich	ort		1905	48.03333	14.48333
2882334	Kurort Jonsdorf		DE	Sachsen	ort		1905	50.85751	14.70922
2811387	Welsleben		DE	Sachsen-Anhalt	ort		1904	52.00304	11.63851
2814479	Walschleben		DE	Thüringen	ort		1904	51.06667	10.93333
2842518	Sachsenhausen		DE	Hessen	ort		1903	51.24338	9.00973
2891640	Kempenich		DE	Rheinland-Pfalz	ort		1903	50.42024	7.11698
2944455	Breitnau		DE	Baden-Württemberg	ort		1903	47.93333	8.08333
2851734	Pullenreuth		DE	Bayern	ort		1902	49.93333	12.00000
2776957	Halbturn		AT	Burgenland	ort		1901	47.87019	16.97542
2659098	Raron		CH	Wallis	ort		1901	46.31196	7.80029
2850058	Rauen		DE	Brandenburg	ort		1901	52.33227	14.02797
2890647	Kirchberg an der Iller		DE	Baden-Württemberg	ort		1901	48.13333	10.08333
2896273	Immenreuth		DE	Bayern	ort		1901	49.90000	11.86667
2931125	Elkenroth		DE	Rheinland-Pfalz	ort		1900	50.73333	7.88333
2851100	Radbruch		DE	Niedersachsen	ort		1899	53.31667	10.28333
2851946	Probsteierhagen		DE	Schleswig-Holstein	ort		1899	54.36153	10.28772
2782382	Arzl im Pitztal		AT	Tirol	ort		1896	47.20712	10.76261
2893534	Kaltennordheim		DE	Thüringen	ort		1896	50.62649	10.15915
2831907	Singhofen		DE	Rheinland-Pfalz	ort		1895	50.27440	7.83333
2863667	Niederalteich		DE	Bayern	ort		1895	48.76564	13.02412
2929541	Erlbach		DE	Sachsen	ort		1895	50.31667	12.36667
2763901	Tarrenz		AT	Tirol	ort		1894	47.26667	10.76667
2659055	Riaz		CH	Freiburg	ort		1894	46.64224	7.06183
2878284	Leutesdorf		DE	Rheinland-Pfalz	ort		1894	50.45000	7.38333
2764708	Stainach		AT	Steiermark	ort		1893	47.53343	14.10872
6295645	Thalwil / See		CH	Zürich	stadtteil	Zürich	1893	47.29409	8.56929
2812149	Weinsheim		DE	Rheinland-Pfalz	ort		1893	49.83333	7.76667
2781391	Brixlegg		AT	Tirol	ort		1892	47.42942	11.87794
6295444	Zürich (Kreis 2) / Mittel-Leimbach		CH	Zürich	stadtteil	Zürich	1891	47.32538	8.51391
2810985	Werben		DE	Brandenburg	ort		1891	51.81667	14.18333
2821342	Tremsbüttel		DE	Schleswig-Holstein	ort		1891	53.74384	10.31024
2857765	Offstein		DE	Rheinland-Pfalz	ort		1891	49.60611	8.23806
2925181	Freiburg		DE	Niedersachsen	ort		1890	53.82529	9.28803
2950003	Bernitt		DE	Mecklenburg-Vorpommern	ort		1890	53.90403	11.88669
2846378	Rittersgrün		DE	Sachsen	ort		1889	50.48031	12.79336
2890204	Kissenbrück		DE	Niedersachsen	ort		1889	52.10956	10.58996
2771385	Mittersill		AT	Salzburg	ort		1888	47.28333	12.48333
2845304	Römhild		DE	Thüringen	ort		1888	50.39639	10.53889
2661768	Altnau		CH	Thurgau	ort		1887	47.61052	9.26160
2817717	Velden		DE	Bayern	ort		1887	49.61388	11.51008
2820439	Uettingen		DE	Bayern	ort		1887	49.79472	9.73056
3322673	Lanzendorf		AT	Niederösterreich	ort		1886	48.11056	16.44500
2854557	Pettstadt		DE	Bayern	ort		1886	49.82996	10.92839
2895053	Jembke		DE	Niedersachsen	ort		1886	52.50000	10.76667
2934009	Ebergötzen		DE	Niedersachsen	ort		1886	51.57096	10.10632
2764055	Stumm		AT	Tirol	ort		1885	47.29052	11.88755
2778963	Gallspach		AT	Oberösterreich	ort		1885	48.20992	13.80981
2838075	Schmalfeld		DE	Schleswig-Holstein	ort		1885	53.88333	9.96667
2929631	Ering		DE	Bayern	ort		1885	48.29921	13.15029
2948064	Blankenfelde		DE	Berlin	stadtteil	Berlin	1885	52.61863	13.39057
2773304	Kuchl		AT	Salzburg	ort		1883	47.62647	13.14480
2658983	Römerswil		CH	Luzern	ort		1882	47.16881	8.24528
2660352	Hildisrieden		CH	Luzern	ort		1882	47.15068	8.22582
2661433	Bottighofen		CH	Thurgau	ort		1882	47.63643	9.20882
2823256	Teupitz		DE	Brandenburg	ort		1881	52.12967	13.61960
2836908	Schönborn		DE	Brandenburg	ort		1881	51.60016	13.48967
2879260	Leimbach		DE	Thüringen	ort		1881	50.81667	10.20000
2659367	Oberlunkhofen		CH	Aargau	ort		1880	47.31244	8.39242
2948337	Bischbrunn		DE	Bayern	ort		1880	49.87028	9.48917
12110931	Altewiek		DE	Niedersachsen	stadtteil	Braunschweig	1878	52.26200	10.53011
2764177	Strassham		AT	Oberösterreich	ort		1877	48.28348	14.14524
2767382	Rinn		AT	Tirol	ort		1877	47.25000	11.50000
6295347	Schlieren / Engstingerquartier		CH	Zürich	stadtteil	Zürich	1877	47.40338	8.44352
2805861	Wülknitz		DE	Sachsen	ort		1877	51.36667	13.40000
2951741	Bechtheim		DE	Rheinland-Pfalz	ort		1876	49.72778	8.29222
2777065	Hagenbrunn		AT	Niederösterreich	ort		1875	48.33333	16.40000
2805264	Zandt		DE	Bayern	ort		1875	49.15000	12.73333
2843368	Rüdnitz		DE	Brandenburg	ort		1875	52.72137	13.62502
2958016	Alt Duvenstedt		DE	Schleswig-Holstein	ort		1875	54.36667	9.65000
2929177	Eschach		DE	Baden-Württemberg	ort		1874	48.88832	9.86999
2955376	Arzbach		DE	Rheinland-Pfalz	ort		1874	50.37902	7.74948
2866561	Nellingen		DE	Baden-Württemberg	ort		1873	48.54196	9.79053
2883560	Kröslin		DE	Mecklenburg-Vorpommern	ort		1873	54.11662	13.75067
2841517	Sankt Martin		DE	Rheinland-Pfalz	ort		1872	49.30028	8.10528
2881764	Lamerdingen		DE	Bayern	ort		1872	48.09195	10.73982
2871790	Merklingen		DE	Baden-Württemberg	ort		1871	48.51135	9.75496
2959530	Adelmannsfelden		DE	Baden-Württemberg	ort		1871	48.95476	10.00466
2915028	Großsolt		DE	Schleswig-Holstein	ort		1870	54.70000	9.51667
2661269	Canobbio		CH	Tessin	ort		1869	46.03592	8.96605
2922174	Gebhardshain		DE	Rheinland-Pfalz	ort		1869	50.75000	7.81667
2824055	Tannhausen		DE	Baden-Württemberg	ort		1868	48.97870	10.36129
2842974	Ruppertshofen		DE	Baden-Württemberg	ort		1868	48.88275	9.81506
2874157	Maitenbeth		DE	Bayern	ort		1868	48.15053	12.09335
2921444	Gelting		DE	Schleswig-Holstein	ort		1867	54.75000	9.90000
2773077	Lamprechtshausen		AT	Salzburg	ort		1866	47.99098	12.95481
2927443	Feldberg		DE	Baden-Württemberg	ort		1866	47.77435	7.64142
2760669	Zeillern		AT	Niederösterreich	ort		1865	48.13029	14.80760
2771020	Münzkirchen		AT	Oberösterreich	ort		1865	48.48333	13.56667
2933720	Eckartsberga		DE	Sachsen-Anhalt	ort		1865	51.12380	11.56045
2782241	Au an der Traun		AT	Oberösterreich	ort		1864	48.18020	14.11248
2920849	Gerzen		DE	Bayern	ort		1864	48.50706	12.42686
2659172	Pontresina		CH	Graubünden	ort		1863	46.49550	9.90126
2661306	Büsserach		CH	Solothurn	ort		1863	47.39415	7.54117
6291058	Bülach / Gstückt		CH	Zürich	stadtteil	Winterthur	1863	47.52337	8.54879
2850566	Ramsen		DE	Rheinland-Pfalz	ort		1863	49.53694	8.01333
2814187	Wansleben		DE	Sachsen-Anhalt	ort		1862	51.46034	11.75135
2771609	Mieders		AT	Tirol	ort		1861	47.16667	11.38333
2852316	Pratau		DE	Sachsen-Anhalt	ort		1861	51.84226	12.64373
2896299	Immelborn		DE	Thüringen	ort		1860	50.79229	10.27812
2947813	Blekendorf		DE	Schleswig-Holstein	ort		1859	54.28211	10.65820
2770041	Oberhofen im Inntal		AT	Tirol	ort		1857	47.30000	11.08333
2824603	Süpplingen		DE	Niedersachsen	ort		1857	52.22811	10.90393
2945469	Bramstedt		DE	Niedersachsen	ort		1857	53.36603	8.69005
2826341	Stötten am Auerberg		DE	Bayern	ort		1856	47.73871	10.68881
2904574	Himbergen		DE	Niedersachsen	ort		1856	53.09418	10.72909
2836817	Schondra		DE	Bayern	ort		1855	50.26814	9.86277
2873287	Marktschellenberg		DE	Bayern	ort		1855	47.69657	13.04340
2911579	Haldenwang		DE	Bayern	ort		1855	48.43763	10.44817
6292273	Binzikon		CH	Zürich	stadtteil	Zürich	1854	47.27632	8.75851
2838842	Schleching		DE	Bayern	ort		1854	47.72098	12.39481
2857105	Oerel		DE	Niedersachsen	ort		1854	53.48333	9.05000
2920881	Gerswalde		DE	Brandenburg	ort		1854	53.16988	13.74853
3208598	Elbe		DE	Niedersachsen	ort		1853	52.08333	10.28333
2803823	Zscherndorf		DE	Sachsen-Anhalt	ort		1852	51.61087	12.26755
2806831	Wolfertschwenden		DE	Bayern	ort		1852	47.89350	10.26715
2906316	Hennstedt		DE	Schleswig-Holstein	ort		1852	54.28333	9.16667
2912646	Hagelstadt		DE	Bayern	ort		1852	48.90000	12.21667
11238451	Schwarzenberg		AT	Vorarlberg	ort		1850	47.41415	9.85154
2661773	Alterswil		CH	Freiburg	ort		1850	46.79587	7.25877
2841521	Sankt Märgen		DE	Baden-Württemberg	ort		1850	48.00805	8.09283
2658826	Sankt Antoni		CH	Freiburg	ort		1849	46.82207	7.26091
2888684	Kleinkahl		DE	Bayern	ort		1849	50.11667	9.26667
2660121	Kollbrunn		CH	Zürich	ort		1848	47.45793	8.78295
2826328	Stöttwang		DE	Bayern	ort		1847	47.88333	10.71667
2768130	Radenthein		AT	Kärnten	ort		1846	46.80056	13.71167
6295503	Zürich (Kreis 5) / Escher-Wyss		CH	Zürich	stadtteil	Zürich	1846	47.39052	8.51292
2912753	Hafenlohr		DE	Bayern	ort		1846	49.86944	9.60222
2919436	Goldbach		DE	Thüringen	ort		1846	51.04566	11.43289
2936766	Ditfurt		DE	Sachsen-Anhalt	ort		1846	51.83333	11.20000
2661231	Cevio		CH	Tessin	ort		1844	46.31479	8.60332
2815623	Wacken		DE	Schleswig-Holstein	ort		1844	54.02078	9.37597
2892658	Karsbach		DE	Bayern	ort		1844	50.04091	9.78534
2827615	Steinweiler		DE	Rheinland-Pfalz	ort		1843	49.12111	8.14139
2957153	Althegnenberg		DE	Bayern	ort		1843	48.23333	11.06667
6295111	Oberwinterthur (Kreis 2) / Zinzikon		CH	Zürich	stadtteil	Winterthur	1842	47.51950	8.75640
2828923	Steina		DE	Sachsen	ort		1842	51.20000	14.05000
2847993	Rettenbach		DE	Bayern	ort		1841	49.06667	12.45000
2850153	Rattenberg		DE	Bayern	ort		1841	49.08612	12.74912
2915321	Groß Lindow		DE	Brandenburg	ort		1841	52.23333	14.53333
2763164	Umhausen		AT	Tirol	ort		1840	47.13503	10.92826
3324619	Kleinedling		AT	Kärnten	ort		1840	46.81417	14.82778
11592193	Aschau im Zillertal		AT	Tirol	ort		1840	47.26613	11.89536
6295397	Urdorf / Bodenfeld		CH	Zürich	stadtteil	Zürich	1840	47.38920	8.42265
2659211	Pfyn		CH	Thurgau	ort		1839	47.59693	8.95420
2890657	Kirchberg		DE	Sachsen	ort		1838	50.76141	12.76481
12110949	Hohetor		DE	Niedersachsen	stadtteil	Braunschweig	1836	52.26275	10.51255
2658090	Vuadens		CH	Freiburg	ort		1835	46.61545	7.01732
3208438	Lünne		DE	Niedersachsen	ort		1835	52.42958	7.42653
2874231	Mainstockheim		DE	Bayern	ort		1834	49.77156	10.14807
2901839	Hohendodeleben		DE	Sachsen-Anhalt	ort		1834	52.10412	11.50473
2944288	Brennberg		DE	Bayern	ort		1834	49.06667	12.40000
2850293	Rasdorf		DE	Hessen	ort		1833	50.71667	9.90000
2660557	Gorgier		CH	Neuenburg	ort		1832	46.90143	6.77985
2866925	Nauendorf		DE	Sachsen-Anhalt	ort		1832	51.60178	11.88525
2661388	Brissago		CH	Tessin	ort		1831	46.12013	8.71181
2859545	Obernheim-Kirchenarnbach		DE	Rheinland-Pfalz	ort		1831	49.35000	7.58333
6293104	Wädenswil / Leihof-Mühlebach		CH	Zürich	stadtteil	Zürich	1830	47.22364	8.67149
2824246	Tangstedt		DE	Schleswig-Holstein	ort		1829	53.67711	9.84880
2859678	Obernbreit		DE	Bayern	ort		1829	49.65863	10.16424
2778996	Gaißau		AT	Vorarlberg	ort		1827	47.46667	9.60000
2782566	Ampass		AT	Tirol	ort		1827	47.26251	11.46226
2659397	Oberegg		CH	Appenzell Innerrhoden	ort		1827	47.42531	9.55134
2842258	Sallgast		DE	Brandenburg	ort		1827	51.58870	13.84861
2814591	Wallertheim		DE	Rheinland-Pfalz	ort		1826	49.83556	8.05139
2911833	Hainewalde		DE	Sachsen	ort		1826	50.91014	14.70387
2922141	Gebsattel		DE	Bayern	ort		1826	49.35000	10.20000
2768291	Prutz		AT	Tirol	ort		1825	47.08333	10.66667
2810533	Westendorf		DE	Bayern	ort		1825	47.93333	10.71667
2772481	Liesingtal		AT	Steiermark	ort		1824	47.34597	15.01352
2839194	Schiltberg		DE	Bayern	ort		1824	48.46293	11.24876
2931594	Eisdorf am Harz		DE	Niedersachsen	ort		1824	51.76152	10.17591
11820103	Braunau Neustadt		AT	Oberösterreich	stadtteil		1823	48.24606	13.03583
2869732	Monzingen		DE	Rheinland-Pfalz	ort		1823	49.79763	7.59284
2951428	Bei der Höhne		DE	Niedersachsen	ort		1823	53.51351	9.11191
2763826	Teesdorf		AT	Niederösterreich	ort		1822	47.95000	16.28333
2839732	Schenkenzell		DE	Baden-Württemberg	ort		1822	48.31202	8.37212
2855272	Patersdorf		DE	Bayern	ort		1822	49.01667	12.98333
2929827	Eppishausen		DE	Bayern	ort		1822	48.16667	10.51667
2774405	Kirchberg am Wechsel		AT	Niederösterreich	ort		1821	47.60738	15.99103
2816527	Voltlage		DE	Niedersachsen	ort		1821	52.43333	7.75000
2867568	Munningen		DE	Bayern	ort		1821	48.91667	10.60000
2895582	Itterbeck		DE	Niedersachsen	ort		1821	52.50618	6.80354
2946214	Borkheide		DE	Brandenburg	ort		1821	52.21667	12.85000
2957499	Altenriet		DE	Baden-Württemberg	ort		1820	48.59140	9.22186
2766374	Sankt Ulrich am Pillersee		AT	Tirol	ort		1819	47.52740	12.57239
2843148	Rullstorf		DE	Niedersachsen	ort		1819	53.28645	10.52972
2923900	Fuchsstadt		DE	Bayern	ort		1819	50.10825	9.93370
2658064	Walkringen		CH	Bern	ort		1817	46.94856	7.62040
2831493	Solnhofen		DE	Bayern	ort		1817	48.89582	10.99560
2881128	Langenburg		DE	Baden-Württemberg	ort		1817	49.25401	9.85673
2782321	Aspang Markt		AT	Niederösterreich	ort		1816	47.55000	16.08333
2658876	Saint-Cergue		CH	Waadt	ort		1816	46.44590	6.15737
2945957	Börtlingen		DE	Baden-Württemberg	ort		1816	48.75376	9.63181
2958134	Alsenz		DE	Rheinland-Pfalz	ort		1815	49.71667	7.81667
3209313	Ebersbach-Musbach		DE	Baden-Württemberg	ort		1815	47.96667	9.58333
2777547	Großweikersdorf		AT	Niederösterreich	ort		1814	48.47123	15.98251
2782504	Anif		AT	Salzburg	ort		1814	47.75000	13.06667
2661865	Acquarossa		CH	Tessin	ort		1814	46.45473	8.94261
2871100	Milmersdorf		DE	Brandenburg	ort		1814	53.11185	13.64150
2949880	Berthelsdorf		DE	Sachsen	ort		1813	51.04679	14.22197
2806173	Woringen		DE	Bayern	ort		1812	47.91667	10.20000
2948046	Blankenrath		DE	Rheinland-Pfalz	ort		1812	50.03898	7.30214
2658820	Sankt Gallenkappel		CH	St. Gallen	ort		1811	47.24368	8.96438
3209502	Meinier		CH	Genf	ort		1811	46.24706	6.23423
2915118	Groß Rosenburg		DE	Sachsen-Anhalt	ort		1811	51.91696	11.89184
2780842	Donnerskirchen		AT	Burgenland	ort		1810	47.89425	16.64635
2816043	Vorra		DE	Bayern	ort		1810	49.55718	11.49419
2820905	Trunkelsberg		DE	Bayern	ort		1810	48.00000	10.21667
2885671	Konzell		DE	Bayern	ort		1810	49.07240	12.71114
2778701	Georgenberg		AT	Salzburg	ort		1809	47.63333	13.15000
2862571	Nienhagen		DE	Mecklenburg-Vorpommern	stadtteil	Rostock	1809	54.14869	12.17434
2955126	Asendorf		DE	Niedersachsen	ort		1809	53.29266	9.97905
2780331	Eggersdorf bei Graz		AT	Steiermark	ort		1808	47.12338	15.60084
2659269	Otelfingen		CH	Zürich	ort		1808	47.46053	8.39141
2824741	Sulzfeld		DE	Bayern	ort		1808	50.25972	10.40525
2841731	Sandstedt		DE	Niedersachsen	ort		1808	53.35981	8.52137
2852729	Ponitz		DE	Thüringen	ort		1808	50.85762	12.42309
2910178	Hartenholm		DE	Schleswig-Holstein	ort		1808	53.89856	10.05953
2949133	Bienrode		DE	Niedersachsen	ort		1808	52.32065	10.52619
2659406	Oberbuchsiten		CH	Solothurn	ort		1807	47.31334	7.76836
6292917	Oberrieden / Mitte		CH	Zürich	stadtteil	Zürich	1807	47.27242	8.58021
2772186	Lunz am See		AT	Niederösterreich	ort		1806	47.86120	15.02998
2782980	Adlwang		AT	Oberösterreich	ort		1806	47.99245	14.21742
2836615	Schöngeising		DE	Bayern	ort		1806	48.14135	11.20399
2850603	Ramsau		DE	Bayern	ort		1806	48.17277	12.22957
2871287	Michelsneukirchen		DE	Bayern	ort		1806	49.12291	12.55284
2866606	Neidenstein		DE	Baden-Württemberg	ort		1804	49.31667	8.88472
2894998	Jersbek		DE	Schleswig-Holstein	ort		1804	53.73333	10.21667
2659286	Ormalingen		CH	Basel-Landschaft	ort		1803	47.46936	7.87248
2873278	Marktzeuln		DE	Bayern	ort		1803	50.16673	11.16692
2936120	Dorfchemnitz		DE	Sachsen	ort		1803	50.66363	12.83651
2830790	Sparneck		DE	Bayern	ort		1802	50.16214	11.84349
2864761	Neukirchen		DE	Bayern	ort		1802	48.97506	12.75547
2870110	Moisburg		DE	Niedersachsen	ort		1802	53.40620	9.69880
2660848	Ettiswil		CH	Luzern	ort		1801	47.15031	8.01759
2833801	Seehausen		DE	Sachsen-Anhalt	ort		1801	52.10287	11.29153
2863178	Niederlauer		DE	Bayern	ort		1801	50.29411	10.17712
2767227	Roppen		AT	Tirol	ort		1800	47.21667	10.81667
2880135	Laufdorf		DE	Hessen	stadtteil	Wetzlar	1800	50.51605	8.45982
2894456	Jünkerath		DE	Rheinland-Pfalz	ort		1799	50.34412	6.58138
2851502	Quarnbek		DE	Schleswig-Holstein	ort		1798	54.33333	9.98333
2856000	Ottersheim		DE	Rheinland-Pfalz	ort		1798	49.19129	8.23176
2904499	Himmelstadt		DE	Bayern	ort		1798	49.92389	9.80167
2658974	Rorbas		CH	Zürich	ort		1797	47.53092	8.57555
2771801	Matzen		AT	Niederösterreich	ort		1796	48.40000	16.70000
2837041	Schönau-Berzdorf		DE	Sachsen	ort		1796	51.06402	14.88402
2864434	Neunkirchen		DE	Baden-Württemberg	ort		1795	49.38694	9.01056
2658280	Uerikon		CH	Zürich	ort		1794	47.23672	8.75730
2839538	Scheuring		DE	Bayern	ort		1794	48.16769	10.89569
2661063	Cully		CH	Waadt	ort		1793	46.48892	6.72945
2847861	Reut		DE	Bayern	ort		1793	48.59170	13.12332
2886303	Kollmar		DE	Schleswig-Holstein	ort		1793	53.72936	9.47880
2778302	Gosau		AT	Oberösterreich	ort		1792	47.58417	13.53447
2817953	Vagen		DE	Bayern	ort		1792	47.87410	11.88446
2944608	Breitenfelde		DE	Schleswig-Holstein	ort		1792	53.60592	10.63339
3204947	Eggermühlen		DE	Niedersachsen	ort		1792	52.56667	7.81667
2850608	Ramsau		DE	Bayern	ort		1791	47.61667	12.90000
2953331	Bad Suderode		DE	Sachsen-Anhalt	ort		1791	51.73333	11.11667
2849369	Rehden		DE	Niedersachsen	ort		1790	52.61024	8.48093
2762493	Uttendorf		AT	Salzburg	ort		1789	47.28333	12.56667
2766608	Sankt Leonhard		AT	Kärnten	ort		1789	46.62528	13.85865
2775549	Hönigsberg		AT	Steiermark	ort		1789	47.58038	15.64808
2917014	Großbardau		DE	Sachsen	ort		1787	51.20419	12.69848
2936750	Dittenheim		DE	Bayern	ort		1786	49.05536	10.79201
2939717	Crostau		DE	Sachsen	ort		1786	51.08462	14.45589
2810014	Wetschen		DE	Niedersachsen	ort		1785	52.61295	8.44883
2661498	Bioggio		CH	Tessin	ort		1784	46.01357	8.91103
2935425	Dotternhausen		DE	Baden-Württemberg	ort		1784	48.22848	8.79228
2660160	Killwangen		CH	Aargau	ort		1783	47.43223	8.35097
2844148	Röthenbach		DE	Bayern	ort		1783	47.62303	9.97387
2850663	Rammelsbach		DE	Rheinland-Pfalz	ort		1783	49.54170	7.44392
2864770	Neukirch		DE	Sachsen	ort		1783	51.28333	13.98333
2871460	Meudt		DE	Rheinland-Pfalz	ort		1783	50.49889	7.89500
2777367	Gschwandt		AT	Oberösterreich	ort		1782	47.93515	13.84569
2952339	Barum		DE	Niedersachsen	ort		1782	53.35000	10.40000
6291336	Glattbrugg / Rohr/Platten-Balsberg		CH	Zürich	stadtteil	Zürich	1780	47.43721	8.56642
2659082	Rehetobel		CH	Appenzell Ausserrhoden	ort		1779	47.42611	9.48300
2873283	Marktsteft		DE	Bayern	ort		1779	49.69606	10.13626
2896648	Ihlienworth		DE	Niedersachsen	ort		1779	53.73333	8.91667
2911521	Halle		DE	Niedersachsen	ort		1779	51.99122	9.56532
3204961	Thalfang		DE	Rheinland-Pfalz	ort		1779	49.75000	7.00000
2778130	Grambach		AT	Steiermark	ort		1778	47.01473	15.50407
2782860	Aigen im Mühlkreis		AT	Oberösterreich	ort		1778	48.64578	13.97109
2849528	Reeßum		DE	Niedersachsen	ort		1778	53.13333	9.21667
2898732	Horrenberg		DE	Baden-Württemberg	stadtteil	Heidelberg	1778	49.28040	8.78087
2901634	Hohenleuben		DE	Thüringen	ort		1778	50.71128	12.05427
2771245	Moosbrunn		AT	Niederösterreich	ort		1777	48.01667	16.45000
2821633	Train		DE	Bayern	ort		1777	48.73333	11.83333
2906098	Hergisdorf		DE	Sachsen-Anhalt	ort		1777	51.53333	11.48333
2805283	Zaisenhausen		DE	Baden-Württemberg	ort		1776	49.10667	8.81278
2858073	Odernheim		DE	Rheinland-Pfalz	ort		1776	49.76511	7.70427
2872031	Melsdorf		DE	Schleswig-Holstein	ort		1775	54.31667	10.03333
2878310	Leutenbach		DE	Bayern	ort		1775	49.70950	11.17224
2810970	Werda		DE	Sachsen	ort		1774	50.43811	12.30473
2921547	Gelbensande		DE	Mecklenburg-Vorpommern	ort		1774	54.20272	12.30168
2923907	Fuchsmühl		DE	Bayern	ort		1774	49.92265	12.14582
3205651	Eggingen		DE	Baden-Württemberg	ort		1774	47.70000	8.40000
2765894	Schlierbach		AT	Oberösterreich	ort		1773	47.93636	14.12018
2843493	Rückersdorf		DE	Brandenburg	ort		1773	51.56955	13.57226
2770630	Nickelsdorf		AT	Burgenland	ort		1772	47.94056	17.06944
2849698	Rechtmehring		DE	Bayern	ort		1772	48.11667	12.16667
2843731	Rottenbuch		DE	Bayern	ort		1771	47.73333	10.96667
2779622	Ferschnitz		AT	Niederösterreich	ort		1770	48.09419	14.98454
2817965	Vachendorf		DE	Bayern	ort		1770	47.84256	12.60606
2885883	Königsfeld		DE	Sachsen	ort		1770	51.06667	12.75000
2959272	Ahausen		DE	Niedersachsen	ort		1769	53.06667	9.31667
2780551	Eben im Pongau		AT	Salzburg	ort		1768	47.40000	13.40000
2660513	Grellingen		CH	Basel-Landschaft	ort		1767	47.44231	7.58906
2943546	Bruchweiler-Bärenbach		DE	Rheinland-Pfalz	ort		1767	49.11667	7.80000
2954244	Aufhausen		DE	Bayern	ort		1767	48.87205	12.28210
3207732	Hattert		DE	Rheinland-Pfalz	ort		1767	50.66667	7.76667
2767793	Rehberg		AT	Niederösterreich	stadtteil		1766	48.43114	15.58702
2926351	Flechtingen		DE	Sachsen-Anhalt	ort		1766	52.33083	11.24176
2930771	Elsdorf-Westermühlen		DE	Schleswig-Holstein	ort		1766	54.26667	9.51667
2782068	Bad Deutsch-Altenburg		AT	Niederösterreich	ort		1765	48.13425	16.90624
2808947	Wildenhain		DE	Sachsen	ort		1765	51.30760	13.47678
2958142	Alsdorf		DE	Rheinland-Pfalz	ort		1765	50.77736	7.88562
2902371	Hofstetten		DE	Bayern	ort		1764	48.00847	10.97114
2766757	St Anton am Arlberg		AT	Tirol	ort		1763	47.12750	10.26372
6294549	Uster / Gschwader		CH	Zürich	stadtteil	Zürich	1763	47.36016	8.71390
2885338	Koserow		DE	Mecklenburg-Vorpommern	ort		1763	54.05189	14.00197
2916942	Groß Börnecke		DE	Sachsen-Anhalt	ort		1763	51.88468	11.47032
2959482	Adenbüttel		DE	Niedersachsen	ort		1762	52.37984	10.45079
2885765	Königstein		DE	Bayern	ort		1761	49.60854	11.63143
2782454	Apetlon		AT	Burgenland	ort		1760	47.74394	16.83020
2891310	Kettenkamp		DE	Niedersachsen	ort		1760	52.58333	7.83333
2661506	Biglen		CH	Bern	ort		1759	46.92629	7.62508
6290375	Affoltern / Oberdorf		CH	Zürich	stadtteil	Zürich	1759	47.27852	8.45651
2819075	Untermerzbach		DE	Bayern	ort		1759	50.12754	10.85634
2862136	Norddeich		DE	Niedersachsen	ort		1759	53.61349	7.16043
2953712	Bach		DE	Bayern	ort		1759	49.40000	12.38333
2760632	Zell am Ziller		AT	Tirol	ort		1758	47.23333	11.88333
6293906	Effretikon / Rappenhalde-Bannhalde		CH	Zürich	stadtteil	Winterthur	1758	47.42388	8.69653
2907388	Heimertingen		DE	Bayern	ort		1758	48.03333	10.15000
2873122	Martinshöhe		DE	Rheinland-Pfalz	ort		1757	49.36667	7.48333
2908373	Hedersleben		DE	Sachsen-Anhalt	ort		1757	51.85943	11.25000
2766924	Saalbach		AT	Salzburg	ort		1755	47.39138	12.63642
2806320	Wölpinghausen		DE	Niedersachsen	ort		1754	52.41667	9.23333
2824448	Syrau		DE	Sachsen	ort		1754	50.54297	12.07933
2925488	Franzburg		DE	Mecklenburg-Vorpommern	ort		1754	54.18501	12.88210
2955519	Arneburg		DE	Sachsen-Anhalt	ort		1754	52.67565	12.00514
2658035	Weiningen		CH	Zürich	ort		1753	47.42022	8.43644
2658968	Röschenz		CH	Basel-Landschaft	ort		1753	47.42366	7.48024
2863545	Niedercunnersdorf		DE	Sachsen	ort		1753	51.05398	14.65830
2891300	Kettershausen		DE	Bayern	ort		1753	48.18333	10.26667
2768265	Pucking		AT	Oberösterreich	ort		1751	48.18886	14.18824
2772631	Leonstein		AT	Oberösterreich	ort		1751	47.89666	14.23124
6293082	Thalwil / Nord		CH	Zürich	stadtteil	Zürich	1751	47.29748	8.55634
2880965	Langenneufnach		DE	Bayern	ort		1751	48.26667	10.60000
2894569	Juist		DE	Niedersachsen	ort		1751	53.67787	6.99575
2926339	Fleckeby		DE	Schleswig-Holstein	ort		1751	54.48333	9.70000
2780607	Dürnkrut		AT	Niederösterreich	ort		1750	48.47315	16.85062
6255069	Itingen		CH	Basel-Landschaft	ort		1750	47.46651	7.78502
2863393	Nieder-Gründau		DE	Hessen	ort		1749	50.21097	9.10801
2879685	Leese		DE	Niedersachsen	ort		1749	52.50000	9.11667
2761111	Windhag		AT	Niederösterreich	ort		1748	47.97906	14.80245
2884823	Kramerhof		DE	Mecklenburg-Vorpommern	ort		1747	54.35366	13.05412
2899724	Holzheim		DE	Bayern	ort		1747	48.38333	10.10000
2926107	Flossenbürg		DE	Bayern	ort		1747	49.73333	12.35000
2766462	Sankt Pantaleon		AT	Niederösterreich	ort		1745	48.21058	14.56804
2760388	Zwölfaxing		AT	Niederösterreich	ort		1744	48.10990	16.46267
3209176	Börgerende-Rethwisch		DE	Mecklenburg-Vorpommern	ort		1744	54.14177	11.92528
2766399	Sankt Stefan		AT	Kärnten	ort		1743	46.80750	14.85167
2909821	Haseldorf		DE	Schleswig-Holstein	ort		1743	53.63780	9.59151
2939088	Damp		DE	Schleswig-Holstein	ort		1743	54.58469	10.01785
2807154	Witzmannsberg		DE	Bayern	ort		1742	48.62224	13.49444
2940386	Calvörde		DE	Sachsen-Anhalt	ort		1742	52.39551	11.29463
2658137	Vicques		CH	Jura	ort		1741	47.35000	7.41342
2816690	Völkenrode		DE	Niedersachsen	ort		1741	52.30418	10.44079
2817080	Vockerode		DE	Sachsen-Anhalt	ort		1741	51.84698	12.35208
2900617	Holleben		DE	Sachsen-Anhalt	ort		1741	51.44047	11.89915
2908614	Haverlah		DE	Niedersachsen	ort		1741	52.06667	10.16667
2771922	Maria Lankowitz		AT	Steiermark	ort		1740	47.06220	15.06525
2949901	Berstadt		DE	Hessen	ort		1740	50.42606	8.86621
2769461	Oggau		AT	Burgenland	ort		1739	47.83333	16.66667
2826359	Stoßdorf		DE	Nordrhein-Westfalen	ort		1739	50.78248	7.25126
2927514	Feilbingert		DE	Rheinland-Pfalz	ort		1739	49.76667	7.80000
2661053	Dallenwil		CH	Nidwalden	ort		1738	46.92420	8.38785
2829080	Stiefenhofen		DE	Bayern	ort		1738	47.59320	10.00365
2905946	Hermersberg		DE	Rheinland-Pfalz	ort		1738	49.31667	7.63333
2949279	Bidingen		DE	Bayern	ort		1738	47.82974	10.72623
2661748	Andwil		CH	St. Gallen	ort		1737	47.43855	9.27436
2842638	Saarhölzbach		DE	Saarland	ort		1737	49.51585	6.60742
2762647	Untersiebenbrunn		AT	Niederösterreich	ort		1736	48.25000	16.73333
9613493	Hall bei Admont		AT	Steiermark	ort		1736	47.58700	14.46372
2658732	Schinznach Dorf		CH	Aargau	ort		1736	47.44650	8.14089
2661528	Bévilard		CH	Bern	ort		1736	47.23711	7.28325
2878109	Lichtenberg		DE	Sachsen	ort		1736	51.18333	13.96667
2883749	Kronburg		DE	Bayern	ort		1736	47.90432	10.15720
2913328	Guttau		DE	Sachsen	ort		1736	51.25904	14.56132
2766459	Sankt Paul im Levanttal		AT	Kärnten	ort		1735	46.70056	14.87556
2857347	Oelixdorf		DE	Schleswig-Holstein	ort		1735	53.92738	9.56383
2959143	Aholfing		DE	Bayern	ort		1735	48.94283	12.46857
2771800	Matzendorf		AT	Niederösterreich	ort		1734	47.89137	16.21393
2660012	La Sarraz		CH	Waadt	ort		1734	46.65863	6.51077
2830761	Spechbach		DE	Baden-Württemberg	ort		1734	49.34639	8.88333
2890480	Kirchheim an der Weinstraße		DE	Rheinland-Pfalz	ort		1734	49.53722	8.18083
2829734	Stadt Wehlen		DE	Sachsen	ort		1733	50.95821	14.03091
2857637	Ohmden		DE	Baden-Württemberg	ort		1733	48.64599	9.52698
2951856	Bayerbach		DE	Bayern	ort		1733	48.70450	12.29750
2660090	Künten		CH	Aargau	ort		1732	47.38887	8.33045
2807411	Wistedt		DE	Niedersachsen	ort		1732	53.26667	9.68333
2659750	Martigny-Combe		CH	Wallis	ort		1731	46.07817	7.05099
2660871	Erlenbach im Simmental		CH	Bern	ort		1730	46.66021	7.55445
2857062	Ornbau		DE	Bayern	ort		1730	49.17623	10.65797
2661140	Comano		CH	Tessin	ort		1729	46.03635	8.95526
2856191	Ostseebad Prerow		DE	Mecklenburg-Vorpommern	ort		1728	54.44469	12.57677
2873464	Marienwerder		DE	Brandenburg	ort		1728	52.84208	13.59927
2936369	Dollern		DE	Niedersachsen	ort		1728	53.53333	9.55000
2892106	Katzweiler		DE	Rheinland-Pfalz	ort		1727	49.50000	7.70000
2903908	Hinterweidenthal		DE	Rheinland-Pfalz	ort		1727	49.20000	7.75000
2902628	Höfen an der Enz		DE	Baden-Württemberg	ort		1726	48.80000	8.58333
2765360	Schwendau		AT	Tirol	ort		1725	47.19753	11.85897
2660410	Hasle		CH	Luzern	ort		1725	46.97787	8.05326
2901849	Hohenburg		DE	Bayern	ort		1725	49.29507	11.79906
2878384	Leubsdorf		DE	Rheinland-Pfalz	ort		1724	50.55000	7.30000
2907542	Heiligenstedten		DE	Schleswig-Holstein	ort		1724	53.93264	9.47462
2658726	Schleitheim		CH	Schaffhausen	ort		1723	47.74818	8.48213
2817168	Vinningen		DE	Rheinland-Pfalz	ort		1723	49.15635	7.55191
2868002	Mühlhausen		DE	Bayern	ort		1723	49.75443	10.77563
2906110	Hergensweiler		DE	Bayern	ort		1723	47.61667	9.78333
2768717	Plankenau		AT	Salzburg	ort		1722	47.32673	13.19282
2658066	Waldstatt		CH	Appenzell Ausserrhoden	ort		1722	47.35627	9.28345
2660124	Knutwil		CH	Luzern	ort		1722	47.19953	8.07315
2895946	Innernzell		DE	Bayern	ort		1722	48.85150	13.27539
2760770	Ybbsitz		AT	Niederösterreich	ort		1721	47.94745	14.89180
11746593	Esch		AT	Salzburg	ort		1721	47.84030	13.09223
2779719	Feistritz an der Drau		AT	Kärnten	ort		1720	46.70157	13.66479
2810125	Westheim		DE	Rheinland-Pfalz	ort		1720	49.24640	8.32357
2856085	Ottenhofen		DE	Bayern	ort		1720	48.21667	11.88333
2861131	Oberdachstetten		DE	Bayern	ort		1720	49.41667	10.43333
2948038	Blankensee		DE	Mecklenburg-Vorpommern	ort		1720	53.40390	13.26836
2658115	Vionnaz		CH	Wallis	ort		1719	46.31101	6.90062
2838889	Schlat		DE	Baden-Württemberg	ort		1719	48.65321	9.70625
2845433	Röllbach		DE	Bayern	ort		1719	49.77306	9.24611
2854685	Petersdorf		DE	Bayern	ort		1719	48.51667	11.03333
2885723	Könitz		DE	Thüringen	ort		1719	50.64979	11.48809
2808417	Wilstedt		DE	Niedersachsen	ort		1718	53.19493	9.09595
2950132	Berlstedt		DE	Thüringen	ort		1718	51.06142	11.24288
6294446	Aesch		CH	Zürich	ort		1717	47.32970	8.65410
2854394	Pfaffenhofen		DE	Bayern	ort		1717	48.39334	11.20563
2898902	Hornbach		DE	Rheinland-Pfalz	ort		1717	49.18778	7.36883
2958631	Albisheim		DE	Rheinland-Pfalz	ort		1717	49.64941	8.09442
2803604	Zweiflingen		DE	Baden-Württemberg	ort		1716	49.25639	9.51806
2814313	Wandersleben		DE	Thüringen	ort		1716	50.89946	10.84959
2898829	Hornhausen		DE	Sachsen-Anhalt	ort		1716	52.04510	11.17104
2954897	Atting		DE	Bayern	ort		1716	48.89412	12.48776
2829218	Stedesdorf		DE	Niedersachsen	ort		1715	53.63333	7.66667
2839812	Schellhorn		DE	Schleswig-Holstein	ort		1714	54.22952	10.29402
2765140	Seyring		AT	Niederösterreich	ort		1713	48.33333	16.48333
2661211	Charmey		CH	Freiburg	ort		1713	46.61957	7.16486
2864356	Neupotz		DE	Rheinland-Pfalz	ort		1713	49.11778	8.31944
2935341	Drakenburg		DE	Niedersachsen	ort		1712	52.68689	9.21083
2809192	Wiesenthau		DE	Bayern	ort		1711	49.71326	11.13564
2934317	Dürrlauingen		DE	Bayern	ort		1710	48.46666	10.42860
6293194	Erlenbach / links des Dorfbachs oberhalb Bahnlinie		CH	Zürich	stadtteil	Zürich	1709	47.29950	8.60188
2810364	Westergellersen		DE	Niedersachsen	ort		1709	53.23333	10.25000
2843431	Ruderatshofen		DE	Bayern	ort		1709	47.81667	10.58333
2928712	Estorf		DE	Niedersachsen	ort		1709	52.58850	9.14147
2929689	Eresing		DE	Bayern	ort		1709	48.08700	11.02388
2769721	Obersiebenbrunn		AT	Niederösterreich	ort		1708	48.26537	16.71076
2958560	Alerheim		DE	Bayern	ort		1708	48.85000	10.61667
2773253	Kumberg		AT	Steiermark	ort		1707	47.16422	15.53261
2777259	Günselsdorf		AT	Niederösterreich	ort		1707	47.94395	16.26062
2951526	Beesten		DE	Niedersachsen	ort		1707	52.43333	7.50000
2957883	Altenahr		DE	Rheinland-Pfalz	ort		1707	50.51694	6.99206
2853647	Pinnow		DE	Mecklenburg-Vorpommern	ort		1706	53.60164	11.54577
3210420	Triebel		DE	Sachsen	ort		1705	50.37153	12.12118
2821444	Trebgast		DE	Bayern	ort		1704	50.06667	11.55000
2782347	Aschbach Markt		AT	Niederösterreich	ort		1703	48.07234	14.75395
2944865	Breese		DE	Brandenburg	ort		1703	53.00000	11.80000
2761964	Wallern im Burgenland		AT	Burgenland	ort		1702	47.72847	16.93706
2769731	Obersdorf		AT	Niederösterreich	ort		1702	48.36667	16.51667
2661115	Corminboeuf		CH	Freiburg	ort		1702	46.81029	7.10535
2823372	Tettenweis		DE	Bayern	ort		1702	48.44281	13.26955
2829751	Stadtprozelten		DE	Bayern	ort		1702	49.78466	9.41184
2851310	Quitzdorf		DE	Sachsen	ort		1702	51.28333	14.76667
2903013	Hochstadt am Main		DE	Bayern	ort		1702	50.15009	11.17116
2859277	Oberröblingen		DE	Sachsen-Anhalt	ort		1701	51.43705	11.30750
2760902	Wolfsgraben		AT	Niederösterreich	ort		1700	48.15870	16.12098
2841027	Schaalby		DE	Schleswig-Holstein	ort		1700	54.55000	9.63333
2906605	Hemdingen		DE	Schleswig-Holstein	ort		1700	53.76667	9.83333
2661111	Corsier		CH	Genf	ort		1699	46.26297	6.22461
2845714	Rohrbach		DE	Rheinland-Pfalz	ort		1699	49.13667	8.12861
2825273	Stützerbach		DE	Thüringen	ort		1698	50.63333	10.86667
2868457	Mühlenbach		DE	Baden-Württemberg	ort		1698	48.25000	8.11667
2765656	Schönwies		AT	Tirol	ort		1697	47.19665	10.65742
2658922	Rüschegg		CH	Bern	ort		1697	46.77977	7.39167
2928120	Fahrenkrug		DE	Schleswig-Holstein	ort		1697	53.95000	10.25000
2947477	Bobbau		DE	Sachsen-Anhalt	ort		1697	51.68747	12.27253
2804121	Zinna		DE	Sachsen	ort		1696	51.56790	12.95354
2954906	Attenweiler		DE	Baden-Württemberg	ort		1696	48.13333	9.70000
2778011	Gresten		AT	Niederösterreich	ort		1695	47.98521	15.02552
2804729	Zernien		DE	Niedersachsen	ort		1695	53.06845	10.88325
2886839	Ködnitz		DE	Bayern	ort		1694	50.10000	11.53333
2934499	Dürbheim		DE	Baden-Württemberg	ort		1694	48.05623	8.79344
2947450	Böbing		DE	Bayern	ort		1694	47.75562	10.98877
2661814	Alle		CH	Jura	ort		1693	47.42542	7.13018
2931080	Ellenberg		DE	Baden-Württemberg	ort		1693	49.01667	10.21667
2947713	Blindheim		DE	Bayern	ort		1693	48.63138	10.61992
2766765	Sankt Andrä vor dem Hagenthale		AT	Niederösterreich	ort		1692	48.32202	16.20724
2924388	Friesenhagen		DE	Rheinland-Pfalz	ort		1692	50.90377	7.80961
2856196	Ostseebad Dierhagen		DE	Mecklenburg-Vorpommern	ort		1691	54.29243	12.35799
2888584	Kleinlangheim		DE	Bayern	ort		1691	49.77087	10.28430
12110929	Schuntersdlg - West		DE	Niedersachsen	stadtteil	Braunschweig	1691	52.29511	10.54182
6290373	Affoltern / Hasenbüel		CH	Zürich	stadtteil	Zürich	1690	47.27324	8.45218
2851893	Pronstorf		DE	Schleswig-Holstein	ort		1690	53.95000	10.46667
2767681	Reisenberg		AT	Niederösterreich	ort		1689	47.99406	16.52018
2858874	Oberstreu		DE	Bayern	ort		1689	50.40338	10.28775
2947769	Bliedersdorf		DE	Niedersachsen	ort		1689	53.48333	9.56667
2767001	Rudersdorf		AT	Burgenland	ort		1688	47.05000	16.11667
2776721	Haslach an der Mühl		AT	Oberösterreich	ort		1688	48.57570	14.03984
2852156	Pretzsch		DE	Sachsen-Anhalt	ort		1688	51.71466	12.80663
2900375	Hollstadt		DE	Bayern	ort		1688	50.35000	10.30000
2873310	Marktbergel		DE	Bayern	ort		1687	49.44156	10.36355
2930708	Elsnig		DE	Sachsen	ort		1687	51.61024	12.92833
2777066	Hagenberg im Mühlkreis		AT	Oberösterreich	ort		1686	48.36788	14.51689
2908324	Heemsen		DE	Niedersachsen	ort		1686	52.70000	9.26667
2932841	Ehrenburg		DE	Niedersachsen	ort		1686	52.75000	8.70000
2941319	Burggen		DE	Bayern	ort		1686	47.77689	10.81724
2861807	Nortmoor		DE	Niedersachsen	ort		1685	53.24608	7.57178
2659213	Pfaffhausen		CH	Zürich	ort		1684	47.36476	8.62375
2833012	Sennewitz		DE	Sachsen-Anhalt	ort		1684	51.54326	11.95218
2916585	Großensee		DE	Schleswig-Holstein	ort		1684	53.61263	10.33961
2920964	Gerolsheim		DE	Rheinland-Pfalz	ort		1684	49.54778	8.26389
2930417	Emtinghausen		DE	Niedersachsen	ort		1684	52.93333	8.96667
2660220	Jonen		CH	Aargau	ort		1683	47.29750	8.39282
2804745	Zerf		DE	Rheinland-Pfalz	ort		1683	49.60000	6.68333
2825406	Stulln		DE	Bayern	ort		1683	49.41667	12.13333
2909877	Haselbach		DE	Bayern	ort		1683	48.64564	13.38956
3207992	Blankenbach		DE	Bayern	ort		1683	50.06667	9.23333
6295522	Dänikon		CH	Zürich	ort		1682	47.44674	8.40648
2858852	Obersüßbach		DE	Bayern	ort		1682	48.61667	11.95000
2925668	Framersheim		DE	Rheinland-Pfalz	ort		1682	49.75806	8.17417
2774279	Klausen-Leopoldsdorf		AT	Niederösterreich	ort		1681	48.08771	16.01686
6291242	Kloten / Kloten (Zentrum)		CH	Zürich	stadtteil	Zürich	1681	47.45134	8.58683
2806162	Wörlitz		DE	Sachsen-Anhalt	ort		1681	51.84172	12.42116
2883580	Kroppenstedt		DE	Sachsen-Anhalt	ort		1681	51.94211	11.30841
3208334	Finningen		DE	Bayern	ort		1681	48.65452	10.49864
2765649	Schörfling		AT	Oberösterreich	ort		1680	47.94544	13.60408
2921000	Gernrode		DE	Thüringen	ort		1680	51.40000	10.40000
2843673	Röttingen		DE	Bayern	ort		1679	49.50969	9.97082
2950228	Bergwitz		DE	Sachsen-Anhalt	ort		1679	51.79479	12.58954
2770720	Neumarkt in Steiermark		AT	Steiermark	ort		1678	47.07398	14.42728
2782370	Aschach an der Steyr		AT	Oberösterreich	ort		1678	48.01312	14.33544
11903605	Rosental an der Kainach		AT	Steiermark	ort		1678	47.05192	15.12200
2764706	Stainz		AT	Steiermark	ort		1677	46.89444	15.26722
2832506	Siegelsbach		DE	Baden-Württemberg	ort		1677	49.26972	9.08972
2879666	Leezen		DE	Schleswig-Holstein	ort		1677	53.86667	10.25000
2958887	Aiglsbach		DE	Bayern	ort		1677	48.69211	11.70831
2938460	Deilingen		DE	Baden-Württemberg	ort		1676	48.17410	8.78533
2779767	Fehring		AT	Steiermark	ort		1675	46.94000	16.00806
2845212	Ronsberg		DE	Bayern	ort		1675	47.89580	10.41571
2852400	Pouch		DE	Sachsen-Anhalt	ort		1675	51.62324	12.40133
2883317	Krummennaab		DE	Bayern	ort		1675	49.83333	12.10000
2952884	Banteln		DE	Niedersachsen	ort		1674	52.06667	9.75000
2658213	Uttigen		CH	Bern	ort		1673	46.79435	7.57789
2818879	Unterreit		DE	Bayern	ort		1673	48.11667	12.33333
2845914	Rodleben		DE	Sachsen-Anhalt	ort		1673	51.89607	12.20061
2894581	Jugenheim		DE	Rheinland-Pfalz	ort		1673	49.89362	8.08468
2863428	Niederfüllbach		DE	Bayern	ort		1672	50.22002	10.99086
2926638	Fischbach		DE	Rheinland-Pfalz	ort		1672	49.08771	7.71160
2928564	Etzenricht		DE	Bayern	ort		1672	49.63333	12.10000
2958638	Albig		DE	Rheinland-Pfalz	ort		1672	49.77361	8.12139
2659997	Laupersdorf		CH	Solothurn	ort		1670	47.31260	7.65465
2913681	Gundersheim		DE	Rheinland-Pfalz	ort		1668	49.69611	8.20250
2913880	Gudow		DE	Schleswig-Holstein	ort		1668	53.55556	10.77021
11704363	Neufurth		AT	Niederösterreich	ort		1667	48.07894	14.81180
2851784	Püchersreuth		DE	Bayern	ort		1667	49.75000	12.23333
2884628	Krauthausen		DE	Thüringen	ort		1667	51.01667	10.26667
2959150	Ahnsbeck		DE	Niedersachsen	ort		1667	52.61071	10.28534
2658395	Teufenthal		CH	Aargau	ort		1665	47.32896	8.11777
6295077	Stadt Winterthur (Kreis 1) / Altstadt		CH	Zürich	stadtteil	Winterthur	1665	47.49951	8.72872
2831389	Sommerhausen		DE	Bayern	ort		1664	49.70361	10.02605
2841124	Saulgrub		DE	Bayern	ort		1664	47.66643	11.02469
2958186	Alpenrod		DE	Rheinland-Pfalz	ort		1664	50.63333	7.86667
2838939	Schlaitdorf		DE	Baden-Württemberg	ort		1663	48.60431	9.22268
2897883	Huisheim		DE	Bayern	ort		1663	48.82510	10.70331
2767606	Reith bei Kitzbühel		AT	Tirol	ort		1662	47.46667	12.35000
2806788	Wölfis		DE	Thüringen	ort		1662	50.80825	10.77905
2849001	Reichling		DE	Bayern	ort		1662	47.92280	10.92847
2849019	Reichertsheim		DE	Bayern	ort		1662	48.20000	12.28333
2930053	Enkirch		DE	Rheinland-Pfalz	ort		1662	49.98434	7.12997
2658103	Vordemwald		CH	Aargau	ort		1661	47.27585	7.90114
2902370	Hofstetten		DE	Baden-Württemberg	ort		1661	48.25846	8.06595
2956829	Hamburg-Altstadt		DE	Hamburg	stadtteil	Hamburg	1661	53.55000	10.00000
2778772	Gaweinstal		AT	Niederösterreich	ort		1660	48.48003	16.58790
2873286	Marktschorgast		DE	Bayern	ort		1660	50.09475	11.65465
2936302	Dombühl		DE	Bayern	ort		1660	49.25349	10.28542
2661000	Dombresson		CH	Neuenburg	ort		1659	47.07192	6.95920
2837236	Schobüll		DE	Schleswig-Holstein	ort		1658	54.50920	9.00621
2871719	Mertesdorf		DE	Rheinland-Pfalz	ort		1658	49.77212	6.73290
2941204	Burglauer		DE	Bayern	ort		1658	50.27645	10.17939
2658041	Wauwil		CH	Luzern	ort		1657	47.18457	8.02100
2928407	Eurasburg		DE	Bayern	ort		1657	48.33333	11.08333
2861714	Nübbel		DE	Schleswig-Holstein	ort		1656	54.26667	9.61667
2661178	Chézard-Saint-Martin		CH	Neuenburg	ort		1655	47.06629	6.93332
3207536	Osann-Monzel		DE	Rheinland-Pfalz	ort		1655	49.91667	6.95000
2765702	Schöndorf		AT	Oberösterreich	stadtteil		1654	48.00167	13.65880
2760575	Ziersdorf		AT	Niederösterreich	ort		1653	48.53030	15.92691
2777093	Hadersdorf am Kamp		AT	Niederösterreich	ort		1653	48.45000	15.71667
2832276	Sieverstedt		DE	Schleswig-Holstein	ort		1653	54.64145	9.46949
2858586	Oberweißbach		DE	Thüringen	ort		1653	50.58231	11.14382
2945600	Brackel		DE	Niedersachsen	ort		1653	53.29974	10.04860
2869891	Mönchenholzhausen		DE	Thüringen	ort		1652	50.96667	11.15000
2875130	Lunden		DE	Schleswig-Holstein	ort		1652	54.33131	9.02523
2660123	Koblenz		CH	Aargau	ort		1651	47.60972	8.23750
2951857	Bayerbach		DE	Bayern	ort		1651	48.41017	13.14411
2827862	Steinkirchen		DE	Niedersachsen	ort		1650	53.56601	9.61111
2863210	Niederklein		DE	Hessen	ort		1650	50.79400	8.99694
2925499	Frankleben		DE	Sachsen-Anhalt	ort		1650	51.31144	11.92932
2929452	Erlenmoos		DE	Baden-Württemberg	ort		1650	48.06530	9.97567
2658004	Wiesendangen / Wiesendangen (Dorf)		CH	Zürich	stadtteil	Winterthur	1649	47.52170	8.78967
2833903	Seeburg		DE	Niedersachsen	ort		1649	51.56667	10.15000
7932378	Hammerbrook		DE	Hamburg	stadtteil	Hamburg	1649	53.54527	10.03042
2859458	Oberottmarshausen		DE	Bayern	ort		1648	48.23716	10.85754
3207525	Hochstetten-Dhaun		DE	Rheinland-Pfalz	ort		1648	49.80000	7.50000
2660745	Fontainemelon		CH	Neuenburg	ort		1647	47.05495	6.88680
2929038	Eschenlohe		DE	Bayern	ort		1647	48.01731	12.03012
2942559	Büchenbeuren		DE	Rheinland-Pfalz	ort		1647	49.92097	7.27999
2660463	Gruyères		CH	Freiburg	ort		1646	46.58338	7.08207
11694603	Ratzersdorf an der Traisen		AT	Niederösterreich	ort		1645	48.22639	15.66629
2898960	Hormersdorf		DE	Sachsen	ort		1645	50.67406	12.88194
2900849	Höhnstedt		DE	Sachsen-Anhalt	ort		1645	51.50268	11.73844
2955605	Argenthal		DE	Rheinland-Pfalz	ort		1645	49.96667	7.60000
2852509	Postau		DE	Bayern	ort		1644	48.65000	12.33333
2863487	Niederelbert		DE	Rheinland-Pfalz	ort		1642	50.40775	7.80990
2873234	Marnheim		DE	Rheinland-Pfalz	ort		1642	49.63278	8.04000
2661242	Cazis		CH	Graubünden	ort		1641	46.71940	9.43271
2939770	Crawinkel		DE	Thüringen	ort		1640	50.78333	10.78333
2955389	Artlenburg		DE	Niedersachsen	ort		1640	53.37182	10.48793
2804207	Ziltendorf		DE	Brandenburg	ort		1639	52.20608	14.62411
2926557	Fischerbach		DE	Baden-Württemberg	ort		1639	48.28687	8.10959
2877932	Lieberose		DE	Brandenburg	ort		1638	51.98491	14.29987
2905905	Hermsdorf		DE	Sachsen-Anhalt	ort		1638	52.18740	11.47556
2848143	Rentweinsdorf		DE	Bayern	ort		1637	50.06342	10.79922
2871020	Minfeld		DE	Rheinland-Pfalz	ort		1637	49.07167	8.14528
2954774	Aub		DE	Bayern	ort		1637	49.55267	10.06530
2821043	Trogen		DE	Bayern	ort		1636	50.36667	11.95000
2917194	Gröden		DE	Brandenburg	ort		1636	51.40000	13.56667
11002725	Luisenthal		DE	Saarland	ort		1636	49.24932	6.90057
2840420	Schapen		DE	Niedersachsen	ort		1635	52.28045	10.60524
2862759	Niederwangen		DE	Baden-Württemberg	ort		1635	47.67192	9.79880
2781748	Birkfeld		AT	Steiermark	ort		1634	47.35000	15.68333
2782364	Aschau		AT	Tirol	ort		1634	47.26667	11.90000
2816687	Volkenschwand		DE	Bayern	ort		1634	48.60000	11.88333
2880565	Langsur		DE	Rheinland-Pfalz	ort		1634	49.72442	6.49906
2769900	Obernberg am Inn		AT	Oberösterreich	ort		1633	48.32133	13.33427
2661025	Diegten		CH	Basel-Landschaft	ort		1633	47.41380	7.81085
2813638	Wattenheim		DE	Rheinland-Pfalz	ort		1632	49.52167	8.06167
2893307	Kamp-Bornhofen		DE	Rheinland-Pfalz	ort		1632	50.22282	7.62364
2928518	Euerdorf		DE	Bayern	ort		1632	50.14853	10.02331
2820624	Tschernitz		DE	Brandenburg	ort		1630	51.58333	14.61667
2870541	Mittelstetten		DE	Bayern	ort		1630	48.25000	11.10000
2933801	Eching		DE	Bayern	ort		1630	48.07991	11.11336
2658549	Sorengo		CH	Tessin	ort		1629	45.99766	8.93783
2861285	Oberbergkirchen		DE	Bayern	ort		1629	48.30000	12.38333
2866751	Neckarzimmern		DE	Baden-Württemberg	ort		1629	49.31917	9.13278
2945911	Bösdorf		DE	Schleswig-Holstein	ort		1629	54.14039	10.49062
3321857	Gaumberg		AT	Oberösterreich	stadtteil	Linz	1628	48.28085	14.26935
2660452	Guggisberg		CH	Bern	ort		1628	46.76756	7.32946
2917578	Greußenheim		DE	Bayern	ort		1628	49.81667	9.76667
2660931	Eich		CH	Luzern	ort		1627	47.15116	8.16695
3319579	Kolsass		AT	Tirol	ort		1626	47.30000	11.63333
2874710	Lützow		DE	Mecklenburg-Vorpommern	ort		1626	53.65345	11.17582
2940003	Clausen		DE	Rheinland-Pfalz	ort		1626	49.26075	7.67730
2772812	Tullnerbach-Lawies		AT	Niederösterreich	ort		1625	48.18912	16.09117
2779671	Feldkirchen bei Graz		AT	Steiermark	ort		1625	47.01667	15.45000
2820172	Ummern		DE	Niedersachsen	ort		1625	52.59111	10.43195
2836770	Schönecken		DE	Rheinland-Pfalz	ort		1625	50.15909	6.46820
2763414	Traunkirchen		AT	Oberösterreich	ort		1624	47.84462	13.78939
2779074	Gaaden		AT	Niederösterreich	ort		1624	48.05364	16.20003
2769258	Pamhagen		AT	Burgenland	ort		1623	47.70092	16.90779
2816534	Völpke		DE	Sachsen-Anhalt	ort		1622	52.13865	11.09877
2847938	Retzstadt		DE	Bayern	ort		1622	49.91250	9.88194
2878410	Letzlingen		DE	Sachsen-Anhalt	ort		1622	52.44615	11.48518
2918260	Grafenwiesen		DE	Bayern	ort		1622	49.20000	12.88333
2947439	Böbrach		DE	Bayern	ort		1622	48.93322	12.88304
2807579	Wippra		DE	Sachsen-Anhalt	ort		1621	51.57300	11.27498
2939847	Cornberg		DE	Hessen	ort		1621	51.04160	9.86051
2841874	Sandesneben		DE	Schleswig-Holstein	ort		1620	53.68333	10.50000
2767458	Riedlingsdorf		AT	Burgenland	ort		1619	47.35000	16.13333
2912195	Hahnheim		DE	Rheinland-Pfalz	ort		1619	49.86083	8.23694
2942126	Buckow		DE	Brandenburg	ort		1619	52.56610	14.07429
2942702	Buchdorf		DE	Bayern	ort		1619	48.78333	10.83333
2766184	Schalchen		AT	Oberösterreich	ort		1618	48.11924	13.15716
2658307	Trogen		CH	Appenzell Ausserrhoden	ort		1618	47.40782	9.46498
2850238	Rastow		DE	Mecklenburg-Vorpommern	ort		1618	53.45709	11.43145
2887805	Klietz		DE	Sachsen-Anhalt	ort		1618	52.66835	12.06812
2768007	Ramsau im Zillertal		AT	Tirol	ort		1617	47.20383	11.87545
2773379	Kronstorf		AT	Oberösterreich	ort		1617	48.14324	14.46307
2659955	Le Noirmont		CH	Jura	ort		1617	47.22464	6.95784
6291171	Freienstein		CH	Zürich	ort		1617	47.53307	8.58455
2814571	Wallhausen		DE	Rheinland-Pfalz	ort		1617	49.88333	7.76667
2882331	Kurort Oybin		DE	Sachsen	ort		1617	50.84105	14.74124
2761149	Wimpassing im Schwarzatale		AT	Niederösterreich	ort		1616	47.70295	16.03334
2660728	Fraubrunnen		CH	Bern	ort		1616	47.08620	7.52727
2857791	Offenhausen		DE	Bayern	ort		1616	49.44971	11.41316
2771024	Muntlix		AT	Vorarlberg	ort		1615	47.28296	9.65939
2853527	Pittenhart		DE	Bayern	ort		1614	47.97724	12.38997
2921162	Gerdau		DE	Niedersachsen	ort		1614	52.96667	10.41667
2774548	Kematen an der Krems		AT	Oberösterreich	ort		1613	48.11150	14.19391
2803825	Zscherben		DE	Sachsen-Anhalt	stadtteil	Halle (Saale)	1613	51.33576	11.96969
2949512	Bevenrode		DE	Niedersachsen	ort		1613	52.34026	10.57743
2771917	Mariapfarr		AT	Salzburg	ort		1612	47.15000	13.75000
2775040	Jois		AT	Burgenland	ort		1612	47.96165	16.79604
2658157	Vernayaz		CH	Wallis	ort		1612	46.13667	7.03906
2661343	Bühler		CH	Appenzell Ausserrhoden	ort		1612	47.37348	9.42507
2873251	Marloffstein		DE	Bayern	ort		1612	49.61794	11.06323
2658898	Saas-Fee		CH	Wallis	ort		1611	46.10805	7.92741
2833521	Seggebruch		DE	Niedersachsen	ort		1611	52.30050	9.09462
2771533	Mittelberg		AT	Vorarlberg	ort		1610	47.35127	10.17197
2657945	Wynau		CH	Bern	ort		1610	47.25570	7.81626
2661663	Auw		CH	Aargau	ort		1610	47.21082	8.36583
2943163	Brunnen		DE	Bayern	ort		1609	48.22956	10.97332
2808408	Wilsum		DE	Niedersachsen	ort		1608	52.53333	6.85000
2854167	Pfarrweisach		DE	Bayern	ort		1608	50.15000	10.73333
2863950	Neutrebbin		DE	Brandenburg	ort		1607	52.66482	14.22802
2957439	Altenthann		DE	Bayern	ort		1607	49.10000	12.30000
6293970	Tagelswangen		CH	Zürich	ort		1606	47.43070	8.67284
2807596	Wipperdorf		DE	Thüringen	ort		1606	51.45560	10.64388
2848001	Rettenbach		DE	Bayern	ort		1606	48.45881	10.35238
2945382	Brande-Hörnerkirchen		DE	Schleswig-Holstein	ort		1606	53.85000	9.71667
2778514	Glasenbach		AT	Salzburg	ort		1605	47.76667	13.08333
2934707	Duggendorf		DE	Bayern	ort		1605	49.11667	11.91667
2765044	Sillian		AT	Tirol	ort		1604	46.75278	12.42111
2772247	Losenstein		AT	Oberösterreich	ort		1604	47.92428	14.43672
2779097	Furth bei Göttweig		AT	Niederösterreich	ort		1604	48.37385	15.61408
2660442	Gunzgen		CH	Solothurn	ort		1604	47.31375	7.83102
2811665	Weitenhagen		DE	Mecklenburg-Vorpommern	ort		1604	54.05372	13.40998
2860282	Oberhof		DE	Thüringen	ort		1602	50.70435	10.72716
12110938	Neues Hochschulviertel		DE	Niedersachsen	stadtteil	Braunschweig	1602	52.28120	10.54350
2766252	Sautens		AT	Tirol	ort		1601	47.20000	10.86667
2770730	Neulengbach		AT	Niederösterreich	ort		1601	48.19745	15.90219
6294449	Binz		CH	Zürich	ort		1601	47.35635	8.62657
2829353	Staudernheim		DE	Rheinland-Pfalz	ort		1601	49.77675	7.68890
2855602	Panker		DE	Schleswig-Holstein	ort		1601	54.33333	10.56667
2904600	Hiltpoltstein		DE	Bayern	ort		1601	49.66075	11.32272
2951824	Bayrischzell		DE	Bayern	ort		1601	47.67440	12.01449
2803824	Zscherben		DE	Sachsen-Anhalt	ort		1600	51.46709	11.87058
2829762	Stadtkyll		DE	Rheinland-Pfalz	ort		1600	50.35000	6.53333
2835380	Schwalbach		DE	Hessen	stadtteil	Wetzlar	1600	50.49672	8.46943
2859792	Obermeitingen		DE	Bayern	ort		1600	48.14685	10.80626
2871805	Merkenbach		DE	Hessen	ort		1600	50.65626	8.29513
2930035	Ennetach		DE	Baden-Württemberg	ort		1600	48.05238	9.32010
3209260	Oberrotweil		DE	Baden-Württemberg	ort		1600	48.08990	7.63601
2761538	Weitra		AT	Niederösterreich	ort		1599	48.70000	14.88333
2782475	Anthering		AT	Salzburg	ort		1599	47.88333	13.01667
2843667	Rottleberode		DE	Sachsen-Anhalt	ort		1599	51.51636	10.94658
2909057	Haunsheim		DE	Bayern	ort		1599	48.59977	10.37401
2658881	Saillon		CH	Wallis	ort		1598	46.17035	7.18771
2658781	Sattel		CH	Schwyz	ort		1597	47.08246	8.63565
2811227	Wendisch Evern		DE	Niedersachsen	ort		1597	53.21667	10.46667
2925249	Freckenfeld		DE	Rheinland-Pfalz	ort		1597	49.06500	8.11389
2661293	Cadro		CH	Tessin	ort		1596	46.04595	8.98725
2944155	Brey		DE	Rheinland-Pfalz	ort		1596	50.27253	7.62645
2817523	Vestenbergsgreuth		DE	Bayern	ort		1595	49.68764	10.65157
2825148	Südergellersen		DE	Niedersachsen	ort		1595	53.21667	10.30000
2842720	Saal an der Saale		DE	Bayern	ort		1595	50.31673	10.35769
2939510	Dachwig		DE	Thüringen	ort		1594	51.07770	10.85479
2771918	Maria Neustift		AT	Oberösterreich	ort		1592	47.93333	14.60000
2775018	Judendorf		AT	Steiermark	ort		1592	47.11667	15.35000
2778133	Gramastetten		AT	Oberösterreich	ort		1592	48.38028	14.19185
2805223	Zappendorf		DE	Sachsen-Anhalt	ort		1592	51.51024	11.79514
2658681	Schwarzenberg		CH	Luzern	ort		1591	47.01705	8.17261
2808624	Willanzheim		DE	Bayern	ort		1590	49.68011	10.23248
2836306	Schornsheim		DE	Rheinland-Pfalz	ort		1590	49.84583	8.17500
2881787	Lalling		DE	Bayern	ort		1589	48.84525	13.14008
6291243	Kloten / Freienberg (Chanzler-Chlini Chaseren)		CH	Zürich	stadtteil	Zürich	1588	47.46584	8.58145
2770974	Mutters		AT	Tirol	ort		1587	47.23333	11.38333
2872409	Mehltheuer		DE	Sachsen	ort		1587	50.54530	12.03700
2948396	Birlenbach		DE	Rheinland-Pfalz	ort		1587	50.35815	8.00273
3208505	Neukamperfehn		DE	Niedersachsen	ort		1587	53.33642	7.56189
2815300	Wain		DE	Baden-Württemberg	ort		1586	48.18904	10.02090
2829509	Stapelfeld		DE	Schleswig-Holstein	ort		1586	53.60000	10.21667
2951532	Beesenlaublingen		DE	Sachsen-Anhalt	ort		1586	51.71274	11.69729
2954874	Atzendorf		DE	Sachsen-Anhalt	ort		1586	51.91954	11.59906
2763614	Tiefgraben		AT	Oberösterreich	ort		1585	47.87385	13.30591
2813180	Weibern		DE	Rheinland-Pfalz	ort		1585	50.40808	7.14669
2915427	Groß Kiesow		DE	Mecklenburg-Vorpommern	ort		1585	54.01261	13.47851
2957538	Altenmedingen		DE	Niedersachsen	ort		1585	53.13050	10.60163
2929594	Erlabrunn		DE	Bayern	ort		1584	49.85972	9.84417
6291499	Dällikon / Dällikon (Dorf)		CH	Zürich	stadtteil	Zürich	1583	47.43983	8.43813
2880102	Laugna		DE	Bayern	ort		1583	48.53333	10.70000
2805891	Wulfsen		DE	Niedersachsen	ort		1582	53.30000	10.15000
2810505	Westensee		DE	Schleswig-Holstein	ort		1582	54.27452	9.89584
2874319	Maierhöfen		DE	Bayern	ort		1582	47.65000	10.05000
2897245	Hurlach		DE	Bayern	ort		1582	48.11838	10.81115
2853951	Pfronstetten		DE	Baden-Württemberg	ort		1581	48.27641	9.35995
2855373	Partenheim		DE	Rheinland-Pfalz	ort		1581	49.88389	8.08222
2892520	Kasseedorf		DE	Schleswig-Holstein	ort		1581	54.16667	10.71667
2832940	Serrig		DE	Rheinland-Pfalz	ort		1580	49.57519	6.57454
2805865	Wulkenzin		DE	Mecklenburg-Vorpommern	ort		1579	53.54445	13.16921
2938780	Dattenberg		DE	Rheinland-Pfalz	ort		1579	50.55362	7.29393
2956893	Altrich		DE	Rheinland-Pfalz	ort		1579	49.95701	6.91217
2882597	Küllstedt		DE	Thüringen	ort		1578	51.27582	10.28040
2906500	Hemslingen		DE	Niedersachsen	ort		1578	53.08333	9.60000
2775068	Jochberg		AT	Tirol	ort		1577	47.37920	12.41807
2659692	Melide		CH	Tessin	ort		1577	45.95455	8.94725
2805198	Zarpen		DE	Schleswig-Holstein	ort		1577	53.86667	10.51667
2815823	Vrees		DE	Niedersachsen	ort		1577	52.88333	7.76667
2818232	Urbach-Überdorf		DE	Rheinland-Pfalz	ort		1577	50.55690	7.58695
2858976	Oberstadion		DE	Baden-Württemberg	ort		1577	48.18596	9.69241
3207130	Kromsdorf		DE	Thüringen	ort		1577	51.00000	11.36667
2781487	Breitenau		AT	Niederösterreich	ort		1576	47.73355	16.14338
2659036	Riedholz		CH	Solothurn	ort		1576	47.23158	7.56829
2908268	Heeßen		DE	Niedersachsen	ort		1576	52.23211	9.09642
2770624	Niederalm		AT	Salzburg	ort		1575	47.72872	13.06223
2660495	Grolley		CH	Freiburg	ort		1575	46.83360	7.07116
2832331	Siersleben		DE	Sachsen-Anhalt	ort		1575	51.60411	11.54334
2839670	Schermen		DE	Sachsen-Anhalt	ort		1575	52.23206	11.81382
2660376	Henggart		CH	Zürich	ort		1574	47.56272	8.68215
2661729	Arch		CH	Bern	ort		1574	47.16533	7.43139
6293330	Küsnacht / Dorf		CH	Zürich	stadtteil	Zürich	1574	47.31783	8.58303
2877683	Limbach		DE	Sachsen	ort		1574	50.58333	12.25000
2870743	Mitteleschenbach		DE	Bayern	ort		1573	49.21186	10.79784
2959237	Ahlden		DE	Niedersachsen	ort		1573	52.75968	9.55115
2778945	Gamlitz		AT	Steiermark	ort		1572	46.72028	15.55333
6252014	Sellenbüren		CH	Zürich	stadtteil	Zürich	1572	47.34361	8.48301
2865636	Neuenkirchen		DE	Niedersachsen	ort		1572	53.23173	8.52665
2866291	Neualbenreuth		DE	Bayern	ort		1572	49.98037	12.44373
2779651	Fels am Wagram		AT	Niederösterreich	ort		1571	48.43333	15.81667
2659755	Marsens		CH	Freiburg	ort		1571	46.65644	7.05948
2761479	Werfen		AT	Salzburg	ort		1570	47.47585	13.19020
2660388	Heimiswil		CH	Bern	ort		1570	47.06755	7.66665
2862202	Nonnenhorn		DE	Bayern	ort		1570	47.57386	9.61038
2875561	Lübstorf		DE	Mecklenburg-Vorpommern	ort		1570	53.72561	11.41471
2938598	Deensen		DE	Niedersachsen	ort		1570	51.86053	9.59322
11239662	Hittisau		AT	Vorarlberg	ort		1569	47.45781	9.95962
2920086	Glashütten		DE	Bayern	ort		1569	49.88739	11.44870
2772798	Lech		AT	Vorarlberg	ort		1568	47.20797	10.14184
6293081	Thalwil / Berg		CH	Zürich	stadtteil	Zürich	1568	47.29178	8.55602
2830146	Spornitz		DE	Mecklenburg-Vorpommern	ort		1568	53.40749	11.71864
2866150	Neubörger		DE	Niedersachsen	ort		1568	52.95815	7.44839
2907343	Heinböckel		DE	Niedersachsen	ort		1568	53.57457	9.32644
2930109	Sankt Englmar		DE	Bayern	ort		1568	49.00298	12.82658
2959504	Adelshofen		DE	Bayern	ort		1568	48.18333	11.11667
2659753	Marthalen		CH	Zürich	ort		1567	47.62913	8.65326
2901906	Hohenberg an der Eger		DE	Bayern	ort		1567	50.09501	12.22008
2928715	Esthal		DE	Rheinland-Pfalz	ort		1567	49.38333	7.98333
11903606	Ufer		AT	Oberösterreich	ort		1566	48.24842	14.49977
2660614	Giffers		CH	Freiburg	ort		1566	46.76230	7.20845
2859325	Oberreute		DE	Bayern	ort		1566	47.56303	9.94449
2869823	Mönchsroth		DE	Bayern	ort		1566	49.01851	10.35856
6292217	Grüt		CH	Zürich	ort		1565	47.31151	8.78339
2952605	Barkelsby		DE	Schleswig-Holstein	ort		1564	54.50000	9.83333
2770967	Naarn im Machlande		AT	Oberösterreich	ort		1563	48.22553	14.60838
2834313	Schwenningen		DE	Baden-Württemberg	ort		1563	48.10000	9.00000
2857142	Oppin		DE	Sachsen-Anhalt	ort		1563	51.55136	12.03274
2894625	Jüchsen		DE	Thüringen	ort		1563	50.47993	10.50183
2909460	Haßbergen		DE	Niedersachsen	ort		1563	52.73333	9.23333
2850422	Rantrum		DE	Schleswig-Holstein	ort		1562	54.44062	9.12872
2852376	Pracht		DE	Rheinland-Pfalz	ort		1562	50.76031	7.64871
2918431	Grabenstetten		DE	Baden-Württemberg	ort		1562	48.52397	9.46155
2928583	Etzelwang		DE	Bayern	ort		1562	49.52760	11.58603
2659515	Nänikon		CH	Zürich	ort		1560	47.36975	8.68894
2661830	Airolo		CH	Tessin	ort		1559	46.52855	8.61189
2823788	Tauscha		DE	Sachsen	ort		1559	51.26667	13.80000
2807757	Winterhausen		DE	Bayern	ort		1558	49.70683	10.01661
2823078	Thalheim		DE	Sachsen-Anhalt	ort		1558	51.65268	12.22756
2950621	Bergen an der Dumme		DE	Niedersachsen	ort		1558	52.89109	10.95629
2958756	Albaching		DE	Bayern	ort		1558	48.11011	12.11074
2660840	Evolène		CH	Wallis	ort		1557	46.11422	7.49407
2661114	Cornaux		CH	Neuenburg	ort		1557	47.03960	7.01872
2661758	Amden		CH	St. Gallen	ort		1557	47.14888	9.14233
2833129	Selzen		DE	Rheinland-Pfalz	ort		1557	49.86056	8.25528
2934831	Drübeck		DE	Sachsen-Anhalt	ort		1557	51.85820	10.71839
2959621	Achtrup		DE	Schleswig-Holstein	ort		1557	54.79053	9.02848
2772213	Luftenberg an der Donau		AT	Oberösterreich	ort		1556	48.27462	14.41303
2777022	Haiden		AT	Oberösterreich	ort		1556	47.71790	13.56906
2661172	Chippis		CH	Wallis	ort		1556	46.28020	7.53962
2661362	Brütten		CH	Zürich	ort		1556	47.47318	8.67569
2859600	Oberndorf		DE	Niedersachsen	ort		1556	53.75000	9.15000
2661664	Auvernier		CH	Neuenburg	ort		1555	46.97545	6.87903
2766591	Sankt Lorenz		AT	Oberösterreich	ort		1554	47.83240	13.34839
2768316	Prinzersdorf		AT	Niederösterreich	ort		1554	48.20000	15.51667
2774368	Kirchschlag in der Buckligen Welt		AT	Niederösterreich	ort		1554	47.50000	16.28333
2844249	Roth		DE	Rheinland-Pfalz	ort		1554	50.76230	7.70016
2859547	Obernheim		DE	Baden-Württemberg	ort		1554	48.16297	8.86113
2920342	Gingst		DE	Mecklenburg-Vorpommern	ort		1554	54.45654	13.25737
6292639	Adliswil / Hündli-Zopf		CH	Zürich	stadtteil	Zürich	1553	47.31637	8.51888
2923706	Fürfeld		DE	Rheinland-Pfalz	ort		1553	49.77737	7.89264
2951717	Beckedorf		DE	Niedersachsen	ort		1553	52.35000	9.31667
2764173	Straß in Steiermark		AT	Steiermark	ort		1552	46.72722	15.62444
2826277	Strande		DE	Schleswig-Holstein	ort		1552	54.43333	10.16667
2855982	Otterwisch		DE	Sachsen	ort		1552	51.20000	12.61667
2946657	Bollendorf		DE	Rheinland-Pfalz	ort		1552	49.85268	6.35795
2774975	Kainbach		AT	Steiermark	ort		1551	47.08333	15.51667
2776531	Hellmonsödt		AT	Oberösterreich	ort		1551	48.43333	14.30000
6291324	Glattbrugg / Wydacker/Bettacker/Lättenwiesen		CH	Zürich	stadtteil	Zürich	1551	47.42908	8.56657
2871555	Mettenheim		DE	Rheinland-Pfalz	ort		1551	49.74000	8.32583
2901377	Hohenwarsleben		DE	Sachsen-Anhalt	ort		1550	52.17898	11.49994
2761147	Wimpassing an der Leitha		AT	Burgenland	ort		1549	47.91667	16.43333
2775856	Hof am Leithaberge		AT	Niederösterreich	ort		1549	47.95000	16.58333
2924138	Frose		DE	Sachsen-Anhalt	ort		1549	51.79581	11.37914
2930682	Elstertrebnitz		DE	Sachsen	ort		1549	51.15000	12.23333
2822104	Tirpersdorf		DE	Sachsen	ort		1548	50.43333	12.25000
2930550	Emkendorf		DE	Schleswig-Holstein	ort		1548	54.26667	9.85000
2937768	Dexheim		DE	Rheinland-Pfalz	ort		1547	49.84722	8.31667
2768758	Pischelsdorf in der Steiermark		AT	Steiermark	ort		1545	47.17417	15.80572
11746753	Hochpoint		AT	Oberösterreich	stadtteil		1545	48.16139	14.03838
2660195	Kallnach		CH	Bern	ort		1545	47.02032	7.23545
2865508	Neuerburg		DE	Rheinland-Pfalz	ort		1545	50.00102	6.94828
2806343	Wolmirsleben		DE	Sachsen-Anhalt	ort		1544	51.95000	11.48333
2852082	Priesendorf		DE	Bayern	ort		1544	49.90750	10.71183
2848309	Remlingen		DE	Bayern	ort		1543	49.80477	9.69484
2770910	Nauders		AT	Tirol	ort		1542	46.88859	10.50126
2888210	Kleinsendelbach		DE	Bayern	ort		1542	49.59558	11.15773
2776507	Hennersdorf		AT	Niederösterreich	ort		1541	48.11173	16.36311
2803474	Zwota		DE	Sachsen	ort		1541	50.35103	12.42241
2879106	Leißling		DE	Sachsen-Anhalt	ort		1541	51.18260	11.90954
2904612	Hiltenfingen		DE	Bayern	ort		1541	48.16085	10.71750
2917714	Gremsdorf		DE	Bayern	ort		1541	49.69506	10.83218
2810898	Werftpfuhl		DE	Brandenburg	ort		1540	52.66014	13.79351
2761796	Weer		AT	Tirol	ort		1539	47.30375	11.64498
2660394	Oberwinterthur (Kreis 2) / Hegi		CH	Zürich	stadtteil	Winterthur	1539	47.50716	8.77057
2915523	Großhennersdorf		DE	Sachsen	ort		1539	50.98597	14.78776
2952304	Basdahl		DE	Niedersachsen	ort		1539	53.44502	9.00025
2659800	Magadino		CH	Tessin	ort		1538	46.14892	8.85610
2661721	Arisdorf		CH	Basel-Landschaft	ort		1538	47.51323	7.76515
6293106	Wädenswil / Boller-Giessen		CH	Zürich	stadtteil	Zürich	1538	47.22115	8.68385
2809861	Wewelsfleth		DE	Schleswig-Holstein	ort		1538	53.85000	9.40000
2837375	Schneizlreuth		DE	Bayern	ort		1538	47.68333	12.80000
2859903	Oberlichtenau		DE	Sachsen	ort		1538	51.21875	13.98992
2895756	Irsch		DE	Rheinland-Pfalz	ort		1538	49.60487	6.59547
2770390	Obdach		AT	Steiermark	ort		1537	47.06667	14.68333
2776860	Harland		AT	Niederösterreich	ort		1537	48.16162	15.63835
2779947	Ernstbrunn		AT	Niederösterreich	ort		1536	48.53333	16.35000
11746591	Zell-Arzberg		AT	Niederösterreich	ort		1536	47.95191	14.79322
2822570	Thune		DE	Niedersachsen	ort		1536	52.33261	10.51048
2824063	Tännesberg		DE	Bayern	ort		1536	49.53182	12.32765
2824148	Tannenbergsthal		DE	Sachsen	ort		1536	50.43665	12.45754
2826290	Stralendorf		DE	Mecklenburg-Vorpommern	ort		1536	53.57498	11.30356
2831715	Soderstorf		DE	Niedersachsen	ort		1536	53.14275	10.14807
2846084	Rödelsee		DE	Bayern	ort		1536	49.72840	10.24360
2915349	Großlangheim		DE	Bayern	ort		1536	49.75620	10.24065
2762358	Vils		AT	Tirol	ort		1535	47.55000	10.63333
2776497	Hermagor		AT	Kärnten	ort		1535	46.62722	13.36722
2657935	Zäziwil		CH	Bern	ort		1535	46.90196	7.66185
2834028	Seebach		DE	Baden-Württemberg	ort		1535	48.57621	8.17048
2866046	Neu Darchau		DE	Niedersachsen	ort		1535	53.22901	10.88529
2944812	Breiholz		DE	Schleswig-Holstein	ort		1535	54.20554	9.52371
2763477	Tragwein		AT	Oberösterreich	ort		1534	48.33314	14.62237
3319527	Ötztal-Bahnhof		AT	Tirol	ort		1534	47.23333	10.85000
2871713	Mertloch		DE	Rheinland-Pfalz	ort		1534	50.26948	7.30814
2910168	Hartenstein		DE	Bayern	ort		1534	49.60000	11.51667
2951239	Bell		DE	Rheinland-Pfalz	ort		1534	50.38333	7.23333
2658398	Tesserete		CH	Tessin	ort		1533	46.06813	8.96501
2824525	Süstedt		DE	Niedersachsen	ort		1533	52.86165	8.92213
2855177	Paunzhausen		DE	Bayern	ort		1533	48.47486	11.56463
2938415	Deisenhausen		DE	Bayern	ort		1533	48.25554	10.32698
2812196	Weingarten		DE	Rheinland-Pfalz	ort		1532	49.25946	8.28620
2883270	Krummesse		DE	Schleswig-Holstein	ort		1532	53.78333	10.65000
2891991	Kayna		DE	Sachsen-Anhalt	ort		1532	50.99414	12.23710
2779942	Erpersdorf		AT	Niederösterreich	ort		1531	48.34210	15.91747
2854272	Pfakofen		DE	Bayern	ort		1531	48.85822	12.22744
2941826	Bullay		DE	Rheinland-Pfalz	ort		1531	50.05448	7.13730
2658303	Trubschachen		CH	Bern	ort		1530	46.92228	7.84520
2659839	Luchsingen		CH	Glarus	ort		1530	46.96640	9.03715
2929858	Eppenbrunn		DE	Rheinland-Pfalz	ort		1530	49.11667	7.56667
2771010	Mureck		AT	Steiermark	ort		1529	46.70806	15.77472
2770897	Neckenmarkt		AT	Burgenland	ort		1528	47.59964	16.54670
2831236	Sonnen		DE	Bayern	ort		1528	48.68333	13.71667
2852394	Poxdorf		DE	Bayern	ort		1528	49.93642	11.12211
2912184	Hähnichen		DE	Sachsen	ort		1528	51.36540	14.86098
2935325	Dranske		DE	Mecklenburg-Vorpommern	ort		1527	54.63118	13.22831
2950721	Berg		DE	Rheinland-Pfalz	ort		1527	50.55523	6.94886
2659864	Lodrino		CH	Tessin	ort		1526	46.30016	8.97986
2660703	Fulenbach		CH	Solothurn	ort		1526	47.27103	7.83136
2829204	Steeden		DE	Hessen	ort		1526	50.41539	8.12748
2846854	Riestedt		DE	Sachsen-Anhalt	ort		1526	51.49496	11.36023
2918896	Görzke		DE	Brandenburg	ort		1526	52.17179	12.37506
2951240	Bell		DE	Rheinland-Pfalz	ort		1526	50.06139	7.41515
2945762	Böttingen		DE	Baden-Württemberg	ort		1525	48.10000	8.80000
2658081	Wagenhausen		CH	Thurgau	ort		1524	47.66003	8.84782
2659888	Ligornetto		CH	Tessin	ort		1524	45.86161	8.95166
2880176	Lauenhagen		DE	Niedersachsen	ort		1524	52.35547	9.20637
2661064	Cugy		CH	Freiburg	ort		1523	46.81479	6.88888
2863111	Niedermohr		DE	Rheinland-Pfalz	ort		1523	49.45899	7.46955
2924371	Friesenried		DE	Bayern	ort		1523	47.87477	10.53464
2658654	Seedorf		CH	Uri	ort		1522	46.88199	8.61611
2850648	Rammenau		DE	Sachsen	ort		1522	51.15000	14.13333
2913558	Günzach		DE	Bayern	ort		1522	47.82491	10.43547
2773278	Kühnsdorf		AT	Kärnten	ort		1521	46.62194	14.63639
2778224	Götzendorf an der Leitha		AT	Niederösterreich	ort		1520	48.01667	16.58333
2779084	Fuschl am See		AT	Salzburg	ort		1520	47.80000	13.30000
2779120	Fürnitz		AT	Kärnten	ort		1520	46.56188	13.81732
2809468	Wiemersdorf		DE	Schleswig-Holstein	ort		1520	53.95815	9.90297
2836402	Schopp		DE	Rheinland-Pfalz	ort		1520	49.35000	7.68333
2881097	Langeneichstädt		DE	Sachsen-Anhalt	ort		1520	51.34537	11.74330
2776778	Hartmannsdorf		AT	Steiermark	ort		1519	47.05461	15.83941
2781364	Brückl		AT	Kärnten	ort		1519	46.75167	14.53667
2820974	Trossin		DE	Sachsen	ort		1519	51.61667	12.81667
2876484	Löf		DE	Rheinland-Pfalz	ort		1519	50.23333	7.43333
2920768	Geusa		DE	Sachsen-Anhalt	ort		1519	51.33914	11.94382
2660710	Froideville		CH	Waadt	ort		1518	46.60123	6.68085
2832012	Simmern		DE	Rheinland-Pfalz	ort		1518	50.38914	7.67396
2851455	Queis		DE	Sachsen-Anhalt	ort		1518	51.47626	12.13455
2873460	Maring-Noviand		DE	Rheinland-Pfalz	ort		1518	49.93333	7.00000
2658669	Schwellbrunn		CH	Appenzell Ausserrhoden	ort		1517	47.35255	9.24894
2955282	Ascha		DE	Bayern	ort		1517	49.00000	12.63333
12110933	Rühme - Lincolnsdlg.		DE	Niedersachsen	stadtteil	Braunschweig	1517	52.30710	10.52032
2774875	Kaltenbach		AT	Oberösterreich	ort		1516	47.70766	13.61050
2782056	Bad Gleichenberg		AT	Steiermark	ort		1516	46.87556	15.90861
2661693	Attinghausen		CH	Uri	ort		1515	46.86255	8.63036
2818322	Untrasried		DE	Bayern	ort		1515	47.83333	10.38333
2938619	Dedelstorf		DE	Niedersachsen	ort		1515	52.70000	10.50000
2821389	Treia		DE	Schleswig-Holstein	ort		1514	54.50000	9.31667
2855466	Kleinschmalkalden		DE	Thüringen	ort		1514	50.79631	10.47489
2871707	Merxheim		DE	Rheinland-Pfalz	ort		1514	49.79297	7.56010
2916949	Großbodungen		DE	Thüringen	ort		1514	51.47572	10.48104
2939345	Daisendorf		DE	Baden-Württemberg	ort		1514	47.71265	9.26783
2950999	Bennstedt		DE	Sachsen-Anhalt	ort		1514	51.48201	11.82620
2833657	Seelingstädt		DE	Thüringen	ort		1513	50.77266	12.24361
2660830	Faido		CH	Tessin	ort		1512	46.47700	8.80125
2856765	Ostenfeld		DE	Schleswig-Holstein	ort		1512	54.46400	9.23430
2901757	Hohenfurch		DE	Bayern	ort		1512	47.85000	10.90000
2924722	Friedersdorf		DE	Sachsen	ort		1512	51.02416	14.56246
2924910	Freudenburg		DE	Rheinland-Pfalz	ort		1512	49.54348	6.53292
2841609	Sankt Goarshausen		DE	Rheinland-Pfalz	ort		1511	50.15839	7.71374
2887637	Klitten		DE	Sachsen	ort		1510	51.35109	14.60526
2761272	Wiesmath		AT	Niederösterreich	ort		1509	47.61667	16.28333
2659077	Reigoldswil		CH	Basel-Landschaft	ort		1509	47.39824	7.68718
2813732	Wasserleben		DE	Sachsen-Anhalt	ort		1509	51.92089	10.75670
2878387	Leubnitz		DE	Sachsen	ort		1509	50.72313	12.35660
2660859	Eschenz		CH	Thurgau	ort		1508	47.64793	8.87472
2661100	Courfaivre		CH	Jura	ort		1508	47.33461	7.28186
2823259	Teugn		DE	Bayern	ort		1508	48.89299	12.01175
2660864	Ersigen		CH	Bern	ort		1507	47.09368	7.59507
2921288	Georgenberg		DE	Bayern	ort		1507	49.70297	12.42082
2769009	Pettenbach		AT	Oberösterreich	ort		1506	47.96016	14.01692
2806633	Wolfsegg		DE	Bayern	ort		1506	49.10731	11.97810
2920628	Gielow		DE	Mecklenburg-Vorpommern	ort		1506	53.69756	12.74521
2771092	Mühldorf		AT	Oberösterreich	ort		1505	47.89689	13.95049
2771898	Mariatal		AT	Tirol	ort		1505	47.44788	11.87210
2824926	Sukow		DE	Mecklenburg-Vorpommern	ort		1505	53.54428	11.56194
2939745	Crinitz		DE	Brandenburg	ort		1504	51.73333	13.76667
2955787	Apfelstädt		DE	Thüringen	ort		1504	50.90157	10.88977
2658305	Trub		CH	Bern	ort		1503	46.94168	7.87996
2661117	Corgémont		CH	Bern	ort		1503	47.19457	7.14517
2825519	Stubenberg		DE	Bayern	ort		1503	48.31667	13.08333
2765083	Sierndorf		AT	Niederösterreich	ort		1502	48.43024	16.16658
2660335	Hittnau / Hittnau (Dorf)		CH	Zürich	stadtteil	Winterthur	1502	47.36334	8.82418
2881402	Langballig		DE	Schleswig-Holstein	ort		1502	54.80000	9.63333
2913657	Gundremmingen		DE	Bayern	ort		1502	48.50000	10.40000
2917724	Gremersdorf		DE	Schleswig-Holstein	ort		1502	54.33333	10.93333
2931501	Eisenburg		DE	Bayern	ort		1502	48.01404	10.20870
2809645	Wieda		DE	Niedersachsen	ort		1501	51.63400	10.58704
2873144	Martinhagen		DE	Hessen	ort		1500	51.28688	9.28611
2881984	Ladelund		DE	Schleswig-Holstein	ort		1500	54.84084	9.02135
2895309	Jagsthausen		DE	Baden-Württemberg	ort		1500	49.31056	9.46833
2904816	Hilbersdorf		DE	Sachsen	ort		1500	50.85400	12.94776
11609957	Nöstlbach		AT	Oberösterreich	ort		1499	48.16660	14.24609
2808310	Wincheringen		DE	Rheinland-Pfalz	ort		1499	49.60904	6.42597
2924774	Friedelsheim		DE	Rheinland-Pfalz	ort		1499	49.44694	8.22306
2773665	Kötschach		AT	Kärnten	ort		1498	46.68167	13.00694
2660643	Genolier		CH	Waadt	ort		1498	46.43537	6.21809
2661352	Buchholterberg		CH	Bern	ort		1498	46.81351	7.67463
2947646	Blomberg		DE	Niedersachsen	ort		1498	53.57678	7.55824
2959492	Adelzhausen		DE	Bayern	ort		1498	48.35671	11.13851
2869847	Mönchsdeggingen		DE	Bayern	ort		1497	48.77605	10.58043
2658107	Vitznau		CH	Luzern	ort		1496	47.01014	8.48420
2834733	Schwarzhofen		DE	Bayern	ort		1496	49.37749	12.34490
2880968	Langenmosen		DE	Bayern	ort		1496	48.60658	11.21378
2764669	Stams		AT	Tirol	ort		1495	47.27603	10.98315
2811927	Weißenborn-Lüderode		DE	Thüringen	ort		1495	51.53190	10.41889
6292638	Adliswil / Sood		CH	Zürich	stadtteil	Zürich	1494	47.31870	8.52425
2820823	Tülau		DE	Niedersachsen	ort		1494	52.57578	10.87818
2840150	Schaufling		DE	Bayern	ort		1494	48.85000	13.06667
2843099	Rümmingen		DE	Baden-Württemberg	ort		1494	47.64120	7.64198
2894335	Kadenbach		DE	Rheinland-Pfalz	ort		1494	50.38333	7.73333
2774541	Kemeten		AT	Burgenland	ort		1493	47.24859	16.15213
2661389	Brislach		CH	Basel-Landschaft	ort		1493	47.41763	7.54340
2835454	Schwaförden		DE	Niedersachsen	ort		1493	52.73775	8.83026
2855145	Pechbrunn		DE	Bayern	ort		1493	49.96667	12.16667
2920413	Gillenfeld		DE	Rheinland-Pfalz	ort		1493	50.12790	6.90383
2658212	Uttwil		CH	Thurgau	ort		1492	47.58440	9.34101
2862643	Niemberg		DE	Sachsen-Anhalt	ort		1492	51.55035	12.09089
2888309	Klein Rönnau		DE	Schleswig-Holstein	ort		1492	53.96667	10.31667
3321863	Berg		AT	Oberösterreich	ort		1491	48.29278	14.24778
2890329	Kirchworbis		DE	Thüringen	ort		1491	51.41122	10.39625
2880960	Langenorla		DE	Thüringen	ort		1490	50.74067	11.58023
2938004	Dersum		DE	Niedersachsen	ort		1490	52.96112	7.27394
2810531	Westendorf		DE	Bayern	ort		1489	48.57209	10.84049
2832338	Sierksdorf		DE	Schleswig-Holstein	ort		1489	54.06667	10.76667
2845625	Rohrenfels		DE	Bayern	ort		1489	48.68654	11.15619
2891368	Kessin		DE	Mecklenburg-Vorpommern	ort		1489	53.72928	13.30773
2951736	Bechtolsheim		DE	Rheinland-Pfalz	ort		1489	49.80417	8.19389
2769224	Passail		AT	Steiermark	ort		1488	47.28333	15.51667
2776641	Hausleiten		AT	Niederösterreich	ort		1488	48.38333	16.10000
2837441	Schnega		DE	Niedersachsen	ort		1488	52.89130	10.89226
2911983	Haidmühle		DE	Bayern	ort		1488	48.82565	13.77649
3208350	Kottgeisering		DE	Bayern	ort		1488	48.11667	11.13333
2820529	Uchtspringe		DE	Sachsen-Anhalt	ort		1487	52.54011	11.59959
2853114	Plötzkau		DE	Sachsen-Anhalt	ort		1486	51.75000	11.68333
2857299	Ölper		DE	Niedersachsen	stadtteil	Braunschweig	1486	52.28638	10.49924
2911769	Hainsfarth		DE	Bayern	ort		1486	48.95839	10.62491
2925134	Freienwill		DE	Schleswig-Holstein	ort		1486	54.72752	9.49414
2768546	Pöls		AT	Steiermark	ort		1485	47.21667	14.58333
2928711	Estorf		DE	Niedersachsen	ort		1484	53.57601	9.20271
2937949	Destedt		DE	Niedersachsen	ort		1482	52.23801	10.71063
2765888	Schlitters		AT	Tirol	ort		1481	47.38045	11.83888
2766542	Sankt Marien		AT	Oberösterreich	ort		1481	48.14805	14.27759
2811713	Weißkeißel		DE	Sachsen	ort		1481	51.49405	14.71515
2777454	Grünbach am Schneeberg		AT	Niederösterreich	ort		1480	47.79747	15.98785
2859068	Oberschweinbach		DE	Bayern	ort		1480	48.23817	11.15571
2894977	Jesenwang		DE	Bayern	ort		1480	48.16667	11.13333
2941178	Burgpreppach		DE	Bayern	ort		1480	50.14149	10.64977
2661652	Bäch		CH	Schwyz	ort		1479	47.20388	8.73224
2823667	Teicha		DE	Sachsen-Anhalt	ort		1479	51.55887	11.95482
2953810	Baalberge		DE	Sachsen-Anhalt	ort		1479	51.76469	11.79880
2953828	Ayl		DE	Rheinland-Pfalz	ort		1479	49.63333	6.55000
3207136	Schönstedt		DE	Thüringen	ort		1479	51.12000	10.57743
2777839	Groß-Engersdorf		AT	Niederösterreich	ort		1478	48.35873	16.56610
2834312	Schwenningen		DE	Bayern	ort		1478	48.65000	10.65000
2919101	Gönnheim		DE	Rheinland-Pfalz	ort		1478	49.44806	8.23861
6295331	Oberengstringen / Sonnenberg		CH	Zürich	stadtteil	Zürich	1477	47.41211	8.46055
2659820	Lütisburg		CH	St. Gallen	ort		1476	47.39451	9.08312
6295081	Stadt Winterthur (Kreis 1) / Brühlberg		CH	Zürich	stadtteil	Winterthur	1476	47.49764	8.71272
6295138	Töss (Kreis 4) / Vorder-Dättnau		CH	Zürich	stadtteil	Winterthur	1476	47.48135	8.69855
2768996	Peuerbach		AT	Oberösterreich	ort		1475	48.34530	13.77205
2901358	Hohenwarthe		DE	Sachsen-Anhalt	ort		1475	52.22968	11.71528
2761987	Waldprechting		AT	Salzburg	ort		1474	47.90000	13.11667
2849102	Reichenbach-Steegen		DE	Rheinland-Pfalz	ort		1474	49.50000	7.55000
2658118	Villnachern		CH	Aargau	ort		1473	47.47098	8.15975
2807916	Winklarn		DE	Bayern	ort		1473	49.42688	12.47986
2940715	Büsingen		DE	Baden-Württemberg	ort		1473	47.69638	8.68759
2832867	Seulingen		DE	Niedersachsen	ort		1472	51.54129	10.16263
2879464	Lehmkuhlen		DE	Schleswig-Holstein	ort		1472	54.23333	10.36667
2918323	Gräfenhain		DE	Thüringen	ort		1472	50.81667	10.70000
2938351	Dellfeld		DE	Rheinland-Pfalz	ort		1472	49.23397	7.47399
3207541	Schweigen-Rechtenbach		DE	Rheinland-Pfalz	ort		1472	49.05314	7.95638
2839066	Schirnding		DE	Bayern	ort		1471	50.08205	12.22742
2922754	Gammelsdorf		DE	Bayern	ort		1471	48.55000	11.95000
2782802	Alland		AT	Niederösterreich	ort		1470	48.05829	16.07901
2661058	Dachsen		CH	Zürich	ort		1470	47.66515	8.61790
6293192	Erlenbach / rechts des Dorfbachs oberhalb Bahnlinie		CH	Zürich	stadtteil	Zürich	1470	47.30658	8.60271
2875183	Luisenthal		DE	Thüringen	ort		1470	50.78333	10.73333
2879498	Lehmen		DE	Rheinland-Pfalz	ort		1470	50.28333	7.45000
2805928	Wülfershausen		DE	Bayern	ort		1469	50.33201	10.34084
2894476	Jungingen		DE	Baden-Württemberg	ort		1469	48.32787	9.04095
2929383	Ermlitz		DE	Sachsen-Anhalt	ort		1468	51.39182	12.15946
2765730	Schönau an der Triesting		AT	Niederösterreich	ort		1467	47.93452	16.25376
2659625	Montagny		CH	Waadt	ort		1467	46.79289	6.61222
2659695	Melchnau		CH	Bern	ort		1467	47.18213	7.85128
6291139	Embrach / Kellersacker		CH	Zürich	stadtteil	Winterthur	1467	47.51455	8.59146
2935334	Drangstedt		DE	Niedersachsen	ort		1467	53.61359	8.75576
3209055	Mühlanger		DE	Sachsen-Anhalt	ort		1467	51.85000	12.75000
11903607	Lingenau		AT	Vorarlberg	ort		1466	47.45033	9.92166
2811218	Wendisch Rietz		DE	Brandenburg	ort		1466	52.21613	14.00845
2887315	Kluse		DE	Niedersachsen	ort		1466	52.93633	7.34093
2766724	Sankt Gallenkirch		AT	Vorarlberg	ort		1465	47.02102	9.97335
2866516	Nennslingen		DE	Bayern	ort		1465	49.04709	11.13052
2941052	Burgwindheim		DE	Bayern	ort		1465	49.82733	10.59631
2782976	Adnet		AT	Salzburg	ort		1464	47.69746	13.13115
2863516	Niederdorla		DE	Thüringen	ort		1464	51.16025	10.44820
2772659	Lengfelden		AT	Salzburg	ort		1463	47.85000	13.05000
2867633	Münchsteinach		DE	Bayern	ort		1463	49.63937	10.59502
2874728	Lutzerath		DE	Rheinland-Pfalz	ort		1463	50.12695	7.00740
2776583	Heiligenkreuz am Waasen		AT	Steiermark	ort		1462	46.95583	15.58806
2815812	Waabs		DE	Schleswig-Holstein	ort		1462	54.53333	9.98333
2845503	Roigheim		DE	Baden-Württemberg	ort		1462	49.36472	9.34000
2863065	Niederneisen		DE	Rheinland-Pfalz	ort		1462	50.33333	8.05000
2880375	Lassan		DE	Mecklenburg-Vorpommern	ort		1462	53.94874	13.85219
2910051	Hartmannsdorf		DE	Sachsen	ort		1462	50.75804	12.42687
2878982	Leiwen		DE	Rheinland-Pfalz	ort		1460	49.81667	6.88333
2938223	Dennheritz		DE	Sachsen	ort		1460	50.81412	12.46519
2945891	Bösenbrunn		DE	Sachsen	ort		1460	50.39703	12.09998
2838250	Schloßvippach		DE	Thüringen	ort		1459	51.10499	11.14512
2842290	Salgen		DE	Bayern	ort		1459	48.13069	10.47890
2863574	Niederbreitbach		DE	Rheinland-Pfalz	ort		1459	50.53051	7.42099
2918338	Gräfendorf		DE	Bayern	ort		1459	50.12267	9.74050
2922484	Garstedt		DE	Niedersachsen	ort		1459	53.28467	10.16137
2769926	Obermieming		AT	Tirol	ort		1458	47.30000	10.98333
2659927	Les Geneveys-sur-Coffrane		CH	Neuenburg	ort		1458	47.01528	6.85130
2833461	Seibersbach		DE	Rheinland-Pfalz	ort		1457	49.96667	7.71667
2926688	Finsterbergen		DE	Thüringen	ort		1457	50.83464	10.58916
2959771	Abtsdorf		DE	Sachsen-Anhalt	ort		1457	51.88984	12.72526
2809845	Weyerbusch		DE	Rheinland-Pfalz	ort		1456	50.71667	7.55000
2820312	Uichteritz		DE	Sachsen-Anhalt	ort		1455	51.20652	11.92215
2933488	Eddelak		DE	Schleswig-Holstein	ort		1455	53.95000	9.15000
2958813	Aislingen		DE	Bayern	ort		1455	48.50648	10.45778
2765376	Schweinbach		AT	Oberösterreich	ort		1454	48.34033	14.42247
2766472	Sankt Oswald bei Freistadt		AT	Oberösterreich	ort		1454	48.50000	14.58333
2660612	Gimel		CH	Waadt	ort		1454	46.50945	6.30736
2859007	Obersöchering		DE	Bayern	ort		1454	47.73333	11.21667
2872362	Mehrstetten		DE	Baden-Württemberg	ort		1454	48.37609	9.56600
2881057	Langenhahn		DE	Rheinland-Pfalz	ort		1454	50.58333	7.91667
2660099	Krummenau		CH	St. Gallen	ort		1453	47.24755	9.17064
2811295	Wendelsheim		DE	Rheinland-Pfalz	ort		1453	49.76667	8.00000
2764010	Sulzberg		AT	Vorarlberg	ort		1450	47.52178	9.91353
2822556	Thür		DE	Rheinland-Pfalz	ort		1450	50.35692	7.27689
2766084	Scheffau am Wilden Kaiser		AT	Tirol	ort		1449	47.52943	12.25139
2769445	Olbendorf		AT	Burgenland	ort		1449	47.18333	16.20000
2827284	Sterup		DE	Schleswig-Holstein	ort		1449	54.72650	9.73572
2842964	Ruppertsweiler		DE	Rheinland-Pfalz	ort		1449	49.19707	7.68957
2882243	Küsten		DE	Niedersachsen	ort		1449	52.97779	11.06240
2766182	Schalchham		AT	Oberösterreich	ort		1448	47.99825	13.67188
2904743	Hilgert		DE	Rheinland-Pfalz	ort		1448	50.45634	7.68735
2868968	Mötzing		DE	Bayern	ort		1447	48.89350	12.37361
2807177	Witzhave		DE	Schleswig-Holstein	ort		1446	53.56667	10.33333
2814582	Wallgau		DE	Bayern	ort		1446	47.51667	11.28333
2832392	Sielenbach		DE	Bayern	ort		1446	48.40000	11.16667
2946247	Borgstedt		DE	Schleswig-Holstein	ort		1446	54.33268	9.70954
2809123	Wiesthal		DE	Bayern	ort		1445	50.03333	9.43333
2815604	Wackerow		DE	Mecklenburg-Vorpommern	ort		1445	53.67683	12.98164
2826380	Störnstein		DE	Bayern	ort		1445	49.73232	12.20547
2828396	Steinbergkirche		DE	Schleswig-Holstein	ort		1445	54.75463	9.76069
2890429	Kirchlauter		DE	Bayern	ort		1445	50.04430	10.71776
2929353	Ernsgaden		DE	Bayern	ort		1445	48.73333	11.58333
2946610	Bollingstedt		DE	Schleswig-Holstein	ort		1445	54.59229	9.41738
3207519	Gossersweiler-Stein		DE	Rheinland-Pfalz	ort		1445	49.15000	7.93333
2771882	Markersdorf an der Pielach		AT	Niederösterreich	ort		1444	48.18333	15.50000
2806097	Wört		DE	Baden-Württemberg	ort		1444	49.03047	10.27239
2661455	Boltigen		CH	Bern	ort		1443	46.62847	7.39054
2821985	Todtenweis		DE	Bayern	ort		1443	48.51712	10.92856
2856061	Otter		DE	Niedersachsen	ort		1443	53.24015	9.74247
3205596	Sankt Leonhard am Wonneberg		DE	Bayern	ort		1443	47.91533	12.71926
6291215	Hochfelden		CH	Zürich	ort		1442	47.52262	8.51564
2842725	Saal		DE	Mecklenburg-Vorpommern	ort		1442	54.31051	12.49935
2853984	Pfofeld		DE	Bayern	ort		1441	49.10590	10.83664
2916581	Großenstein		DE	Thüringen	ort		1441	50.90000	12.20000
3205552	Missen-Wilhams		DE	Bayern	ort		1441	47.60000	10.11667
2658110	Visperterminen		CH	Wallis	ort		1440	46.25899	7.90192
2659408	Oberbipp		CH	Bern	ort		1440	47.26070	7.66359
2763235	Türnitz		AT	Niederösterreich	ort		1439	47.93095	15.49295
2763888	Tattendorf		AT	Niederösterreich	ort		1439	47.95000	16.30000
2766599	Sankt Leonhard am Forst		AT	Niederösterreich	ort		1438	48.14232	15.28464
6290655	Wettswil / Ausser-Dorf		CH	Zürich	stadtteil	Zürich	1438	47.33197	8.47732
6295515	Steinmaur		CH	Zürich	ort		1438	47.49710	8.45216
2861830	Norheim		DE	Rheinland-Pfalz	ort		1438	49.81091	7.81478
2763343	Tristach		AT	Tirol	ort		1437	46.81611	12.78972
2940529	Buttlar		DE	Thüringen	ort		1437	50.75770	9.95277
2760943	Wolfau		AT	Burgenland	ort		1436	47.25000	16.10000
2766562	Sankt Marein im Mürztal		AT	Steiermark	ort		1436	47.46667	15.36667
8030180	Prottes		AT	Niederösterreich	ort		1436	48.38680	16.73890
2661449	Boniswil		CH	Aargau	ort		1436	47.31725	8.18963
2903659	Hirschfeld		DE	Brandenburg	ort		1436	51.38333	13.61667
2948054	Blankenheim		DE	Sachsen-Anhalt	ort		1436	51.50717	11.42878
2764789	Spital am Pyhrn		AT	Oberösterreich	ort		1435	47.66487	14.34014
6291532	Neerach		CH	Zürich	ort		1435	47.51096	8.47099
2820020	Unterammergau		DE	Bayern	ort		1435	47.61658	11.02718
2843104	Rümmelsheim		DE	Rheinland-Pfalz	ort		1435	49.93307	7.85977
2885104	Kottweiler-Schwanden		DE	Rheinland-Pfalz	ort		1435	49.48333	7.53333
2907554	Heiligenroth		DE	Rheinland-Pfalz	ort		1435	50.45000	7.86667
2930575	Emersacker		DE	Bayern	ort		1435	48.48965	10.67380
6291056	Bülach / Soligänter		CH	Zürich	stadtteil	Winterthur	1434	47.52632	8.54106
2812043	Weißandt-Gölzau		DE	Sachsen-Anhalt	ort		1434	51.67070	12.07338
2783049	Abtissendorf		AT	Steiermark	ort		1433	46.99583	15.45639
6294551	Uster / Nossikon		CH	Zürich	stadtteil	Zürich	1433	47.34088	8.72555
2812484	Weiltingen		DE	Bayern	ort		1433	49.03878	10.45052
2817806	Veckenstedt		DE	Sachsen-Anhalt	ort		1433	51.90113	10.73203
2831684	Sohland am Rotstein		DE	Sachsen	ort		1433	51.11643	14.78372
2831455	Sommerach		DE	Bayern	ort		1432	49.82923	10.20792
2843978	Rothenstein		DE	Thüringen	ort		1432	50.85000	11.60000
2931217	Eldena		DE	Mecklenburg-Vorpommern	ort		1432	53.23191	11.41804
2946203	Borkwalde		DE	Brandenburg	ort		1432	52.25000	12.83333
2820856	Tucheim		DE	Sachsen-Anhalt	ort		1431	52.28923	12.18423
2862289	Nohra		DE	Thüringen	ort		1430	50.96136	11.25971
2768180	Raab		AT	Oberösterreich	ort		1429	48.35243	13.64691
11609343	Wagrain		AT	Oberösterreich	ort		1429	48.00503	13.67163
2815807	Waake		DE	Niedersachsen	ort		1429	51.55637	10.05713
2847490	Richtenberg		DE	Mecklenburg-Vorpommern	ort		1429	54.20131	12.89409
2895937	Inning am Holz		DE	Bayern	ort		1429	48.34687	12.07506
2775366	Hutten		AT	Niederösterreich	ort		1428	48.17856	15.98579
2661511	Bière		CH	Waadt	ort		1428	46.53761	6.33362
2889814	Kleinaitingen		DE	Bayern	ort		1428	48.21850	10.86923
2659907	Leukerbad		CH	Wallis	ort		1427	46.37943	7.62687
2874070	Malliß		DE	Mecklenburg-Vorpommern	ort		1427	53.21132	11.32716
2930502	Emmering		DE	Bayern	ort		1427	47.99762	12.05642
2945995	Borstel		DE	Niedersachsen	ort		1427	52.67034	8.96896
11903631	Tillmitsch		AT	Steiermark	ort		1426	46.81195	15.51679
2922753	Gammelshausen		DE	Baden-Württemberg	ort		1426	48.64023	9.65072
2659553	Mumpf		CH	Aargau	ort		1425	47.54563	7.92123
2859077	Oberschwarzach		DE	Bayern	ort		1425	49.86051	10.40999
2937737	Dibbesdorf		DE	Niedersachsen	ort		1425	52.30092	10.60213
2771949	Maria-Anzbach		AT	Niederösterreich	ort		1424	48.19012	15.93155
2917951	Grattersdorf		DE	Bayern	ort		1424	48.80364	13.15372
2920830	Geslau		DE	Bayern	ort		1424	49.36643	10.31528
2939420	Dahlenwarsleben		DE	Sachsen-Anhalt	ort		1424	52.19519	11.53736
2771039	Munderfing		AT	Oberösterreich	ort		1423	48.07039	13.18162
2780283	Eibiswald		AT	Steiermark	ort		1423	46.68667	15.24722
2781449	Breitenwang		AT	Tirol	ort		1423	47.48713	10.73420
6697711	Jongny		CH	Waadt	ort		1423	46.47883	6.84114
2807215	Wittnau		DE	Baden-Württemberg	ort		1423	47.95000	7.81667
2861743	Nottensdorf		DE	Niedersachsen	ort		1423	53.48333	9.60000
2933863	Ebertsheim		DE	Rheinland-Pfalz	ort		1423	49.56833	8.10861
2944782	Breitbrunn		DE	Bayern	ort		1423	48.04320	12.15431
2953932	Außernzell		DE	Bayern	ort		1423	48.72409	13.20291
2928315	Evessen		DE	Niedersachsen	ort		1422	52.18888	10.71081
2772385	Litschau		AT	Niederösterreich	ort		1421	48.94409	15.04483
2803670	Zurow		DE	Mecklenburg-Vorpommern	ort		1421	53.86429	11.61434
2781753	Birgitz		AT	Tirol	ort		1419	47.23536	11.29922
2658614	Seuzach / Seuzach (Dorf)		CH	Zürich	stadtteil	Winterthur	1419	47.53545	8.73728
2862891	Niederschönenfeld		DE	Bayern	ort		1419	48.71667	10.93333
2934643	Dümmer		DE	Mecklenburg-Vorpommern	ort		1419	53.57629	11.20497
2939645	Dabel		DE	Mecklenburg-Vorpommern	ort		1419	53.66112	11.90025
2782511	Angern an der March		AT	Niederösterreich	ort		1418	48.37778	16.82806
11746283	Langenlebarn-Oberaigen		AT	Niederösterreich	ort		1418	48.33023	16.11059
2658144	Vex		CH	Wallis	ort		1418	46.21239	7.39826
2821106	Trinwillershagen		DE	Mecklenburg-Vorpommern	ort		1418	54.25048	12.62312
2875577	Lübow		DE	Mecklenburg-Vorpommern	ort		1418	53.85256	11.52440
2940733	Busenberg		DE	Rheinland-Pfalz	ort		1418	49.13024	7.82930
2867146	Nahrendorf		DE	Niedersachsen	ort		1417	53.17389	10.81381
2813531	Wechingen		DE	Bayern	ort		1416	48.89229	10.61331
2842981	Ruppertsberg		DE	Rheinland-Pfalz	ort		1416	49.40028	8.19611
2925383	Fraueneuharting		DE	Bayern	ort		1416	48.03873	12.04780
2783040	Achau		AT	Niederösterreich	ort		1415	48.08026	16.38611
2659468	Niederbüren		CH	St. Gallen	ort		1415	47.46547	9.20568
2909253	Hattenhofen		DE	Bayern	ort		1415	48.22231	11.11551
2946137	Borne		DE	Sachsen-Anhalt	ort		1415	51.94881	11.55865
2660876	Eriswil		CH	Bern	ort		1414	47.07816	7.85149
2661425	Bowil		CH	Bern	ort		1414	46.89304	7.69757
2871213	Mielkendorf		DE	Schleswig-Holstein	ort		1414	54.28333	10.05000
2909491	Hasloch		DE	Bayern	ort		1414	49.79194	9.49361
2942922	Bubesheim		DE	Bayern	ort		1414	48.43333	10.25000
2772662	Lengenfeld		AT	Niederösterreich	ort		1412	48.47187	15.59870
2658635	Seltisberg		CH	Basel-Landschaft	ort		1412	47.46249	7.72039
2850141	Rattiszell		DE	Bayern	ort		1412	49.02573	12.65924
6292637	Adliswil / Oberleimbach		CH	Zürich	stadtteil	Zürich	1411	47.32020	8.51508
6295518	Gockhausen		CH	Zürich	ort		1411	47.38098	8.59978
2854861	Perkam		DE	Bayern	ort		1411	48.85528	12.43979
2882464	Kunreuth		DE	Bayern	ort		1411	50.23321	11.53119
2940622	Buttelstedt		DE	Thüringen	ort		1411	51.07650	11.34353
2808359	Wimmelburg		DE	Sachsen-Anhalt	ort		1410	51.52069	11.50696
2901568	Hohenpolding		DE	Bayern	ort		1410	48.38333	12.13333
2954213	Aufseß		DE	Bayern	ort		1410	49.88370	11.22692
2957570	Altenkirchen		DE	Rheinland-Pfalz	ort		1410	49.44313	7.32084
2872417	Mehlmeisel		DE	Bayern	ort		1409	49.97421	11.86200
2914876	Großweil		DE	Bayern	ort		1409	47.67598	11.30108
2919156	Golzow		DE	Brandenburg	ort		1409	52.27617	12.60052
2874137	Malborn		DE	Rheinland-Pfalz	ort		1408	49.71667	6.98333
6293101	Wädenswil / Hangenmoos		CH	Zürich	stadtteil	Zürich	1407	47.23367	8.65251
2892459	Kastl		DE	Bayern	ort		1407	49.83333	11.90000
2958029	Altdorf		DE	Baden-Württemberg	ort		1407	48.59421	9.27165
2660308	Homburg		CH	Thurgau	ort		1406	47.63469	9.00756
2660564	Gonten		CH	Appenzell Innerrhoden	ort		1406	47.32725	9.34705
6291619	Oberglatt / Oberglatt (Dorfkern)		CH	Zürich	stadtteil	Zürich	1406	47.47596	8.51929
2821687	Trabitz		DE	Bayern	ort		1406	49.80000	11.90000
3207750	Kasbach-Ohlenberg		DE	Rheinland-Pfalz	ort		1406	50.58333	7.26667
2773016	Langen		AT	Vorarlberg	ort		1405	47.51667	9.81667
2660016	La Roche		CH	Freiburg	ort		1405	46.69620	7.13721
2890539	Kirchenpingarten		DE	Bayern	ort		1405	49.93333	11.78333
2766140	Scharnitz		AT	Tirol	ort		1403	47.38899	11.26455
2892988	Karbach		DE	Bayern	ort		1403	49.86701	9.63806
2779569	Finkenstein		AT	Kärnten	ort		1402	46.56155	13.87086
2658040	Weesen		CH	St. Gallen	ort		1402	47.13447	9.09644
2810673	Weselberg		DE	Rheinland-Pfalz	ort		1402	49.33662	7.60780
2660933	Egliswil		CH	Aargau	ort		1401	47.34922	8.18553
2826594	Stolberg		DE	Sachsen-Anhalt	ort		1401	51.57426	10.95582
2887385	Klotten		DE	Rheinland-Pfalz	ort		1401	50.16667	7.20000
2770740	Neukirchen am Großvenediger		AT	Salzburg	ort		1400	47.25046	12.27585
2826681	Stöckse		DE	Niedersachsen	ort		1400	52.64067	9.34027
2896882	Hüttisheim		DE	Baden-Württemberg	ort		1400	48.27965	9.94246
2917046	Groß Ammensleben		DE	Sachsen-Anhalt	ort		1400	52.23279	11.52195
2944031	Britten		DE	Saarland	ort		1400	49.52061	6.67651
11592371	Grinzens		AT	Tirol	ort		1399	47.22927	11.25318
2817980	Üxheim		DE	Rheinland-Pfalz	ort		1399	50.35000	6.75000
2880203	Laudenbach		DE	Bayern	ort		1399	49.74583	9.17611
2777939	Grins		AT	Tirol	ort		1398	47.14034	10.51409
2810608	Wesseln		DE	Schleswig-Holstein	ort		1398	54.20985	9.07644
2835193	Schwarza		DE	Thüringen	ort		1398	50.85386	11.32433
2886006	Köngernheim		DE	Rheinland-Pfalz	ort		1398	49.84583	8.24667
2771049	Müllendorf		AT	Burgenland	ort		1397	47.83943	16.46258
2827951	Steinhorst		DE	Niedersachsen	ort		1397	52.68333	10.40000
2873667	Mariaposching		DE	Bayern	ort		1397	48.83333	12.80000
2781703	Bleiburg/Pliberk		AT	Kärnten	ort		1395	46.59000	14.79889
6295551	Elsau-Räterschen		CH	Zürich	ort		1395	47.50238	8.79874
2852789	Pölzig		DE	Thüringen	ort		1395	50.95000	12.20000
2911145	Hammerbrücke		DE	Sachsen	ort		1395	50.43504	12.41500
2943500	Bruckberg		DE	Bayern	ort		1394	49.35991	10.69924
2943997	Brockel		DE	Niedersachsen	ort		1394	53.10000	9.51667
2762378	Vigaun		AT	Salzburg	ort		1393	47.66667	13.13333
2764121	Strobl		AT	Salzburg	ort		1393	47.71667	13.48333
2913385	Gutenstetten		DE	Bayern	ort		1393	49.61667	10.63333
2955732	Appenheim		DE	Rheinland-Pfalz	ort		1393	49.93000	8.03333
2765168	Semriach		AT	Steiermark	ort		1392	47.21667	15.40000
2765558	Schützen am Gebirge		AT	Burgenland	ort		1392	47.85233	16.62334
2659821	Luthern		CH	Luzern	ort		1392	47.05753	7.91692
2915226	Großniedesheim		DE	Rheinland-Pfalz	ort		1392	49.57528	8.31222
2778368	Göllersdorf		AT	Niederösterreich	ort		1391	48.49357	16.11943
6291246	Kloten / Horainli		CH	Zürich	stadtteil	Zürich	1391	47.45399	8.58306
6294255	Dübendorf / Vogelquartier		CH	Zürich	stadtteil	Zürich	1391	47.39502	8.61184
2807229	Wittmar		DE	Niedersachsen	ort		1391	52.12969	10.64000
2862731	Niederwerth		DE	Rheinland-Pfalz	ort		1391	50.40000	7.61667
2891749	Kellmünz		DE	Bayern	ort		1391	48.12159	10.12811
2882033	Lachen		DE	Bayern	ort		1390	47.94590	10.23943
2780972	Dietach		AT	Oberösterreich	ort		1389	48.09018	14.41647
2661692	Attiswil		CH	Bern	ort		1389	47.24673	7.61353
6291251	Kloten / Balsberg		CH	Zürich	stadtteil	Zürich	1389	47.44233	8.57496
2811160	Weng		DE	Bayern	ort		1389	48.65866	12.36927
2922438	Gartow		DE	Niedersachsen	ort		1389	53.02470	11.46200
2814612	Wallerfing		DE	Bayern	ort		1388	48.68416	12.88035
2657993	Wila		CH	Zürich	ort		1387	47.41928	8.84524
2764238	Stoob		AT	Burgenland	ort		1386	47.52845	16.47760
2658991	Rohrbach		CH	Bern	ort		1386	47.13521	7.81334
2660672	Gampel		CH	Wallis	ort		1386	46.31599	7.74210
6291103	Dietlikon / Eichwiesen		CH	Zürich	stadtteil	Zürich	1386	47.41910	8.62078
2829513	Stapelburg		DE	Sachsen-Anhalt	ort		1386	51.90075	10.66240
2955768	Apollensdorf		DE	Sachsen-Anhalt	ort		1386	51.87634	12.55012
2775525	Horitschon		AT	Burgenland	ort		1385	47.58729	16.54696
2782806	Alkoven		AT	Oberösterreich	ort		1385	48.28753	14.10748
2872390	Mehren		DE	Rheinland-Pfalz	ort		1385	50.18333	6.88333
2876963	Lintig		DE	Niedersachsen	ort		1385	53.60341	8.87876
2929769	Erbes-Büdesheim		DE	Rheinland-Pfalz	ort		1385	49.75444	8.03139
2807213	Wittorf		DE	Niedersachsen	ort		1384	53.33333	10.38333
2807214	Wittorf		DE	Niedersachsen	ort		1384	53.01207	9.51675
2881505	Landsberied		DE	Bayern	ort		1384	48.16667	11.16667
2959043	Ahsen-Oetzen		DE	Niedersachsen	ort		1384	52.95868	9.07933
2782800	Allentsteig		AT	Niederösterreich	ort		1383	48.69725	15.32756
2658077	Wahlen		CH	Basel-Landschaft	ort		1383	47.40226	7.51511
2881278	Langen		DE	Niedersachsen	ort		1383	52.53985	7.46740
2914186	Grünhainichen		DE	Sachsen	ort		1383	50.76720	13.15366
2936343	Döllnitz		DE	Sachsen-Anhalt	ort		1383	51.40777	12.02831
2761878	Wartberg an der Krems		AT	Oberösterreich	ort		1382	47.98909	14.11863
2809286	Wiesenau		DE	Brandenburg	ort		1382	52.23071	14.59107
2812009	Weißdorf		DE	Bayern	ort		1382	50.18333	11.85000
2829603	Stallwang		DE	Bayern	ort		1382	48.55838	12.23108
2873290	Marktoffingen		DE	Bayern	ort		1382	48.92566	10.47078
2878342	Leupoldsgrün		DE	Bayern	ort		1382	50.30000	11.80000
2658120	Villigen		CH	Aargau	ort		1381	47.52682	8.21486
2660280	Hüttwilen		CH	Thurgau	ort		1381	47.60674	8.87343
2898608	Horstedt		DE	Niedersachsen	ort		1381	53.18333	9.23333
11594516	Anger		AT	Salzburg	stadtteil		1380	47.15593	13.10592
2893954	Kakenstorf		DE	Niedersachsen	ort		1380	53.30317	9.76289
2956090	Angern		DE	Sachsen-Anhalt	ort		1380	52.35000	11.73333
2766372	Sankt Ulrich bei Steyr		AT	Oberösterreich	ort		1379	48.02116	14.43685
2918766	Goßwitz		DE	Thüringen	ort		1379	50.63536	11.47737
6951114	Bad Zell		AT	Oberösterreich	ort		1378	48.34906	14.66945
2877545	Lindau		DE	Schleswig-Holstein	ort		1378	54.38333	9.90000
2770723	Neumarkt im Hausruckkreis		AT	Oberösterreich	ort		1377	48.27280	13.72836
2809578	Wiedergeltingen		DE	Bayern	ort		1377	48.03946	10.67406
2863523	Niederdorf		DE	Sachsen	ort		1377	50.72623	12.78587
2915046	Großschweidnitz		DE	Sachsen	ort		1377	51.06939	14.64297
2760652	Zeiselmauer		AT	Niederösterreich	ort		1376	48.32852	16.17565
2659807	Lyssach		CH	Bern	ort		1375	47.06445	7.58228
2817375	Viereck		DE	Mecklenburg-Vorpommern	ort		1375	53.54898	14.04001
2878844	Lengenwang		DE	Bayern	ort		1375	47.70000	10.60000
2658173	Veltheim		CH	Aargau	ort		1374	47.43796	8.14722
2829858	Stadensen		DE	Niedersachsen	ort		1374	52.87571	10.55619
2933840	Ebnath		DE	Bayern	ort		1374	49.95000	11.93333
2832838	Seybothenreuth		DE	Bayern	ort		1373	49.89372	11.70531
2871441	Meuselbach		DE	Thüringen	ort		1373	50.57152	11.09143
2923753	Fünfstetten		DE	Bayern	ort		1373	48.83215	10.76540
2880546	Langwedel		DE	Schleswig-Holstein	ort		1372	54.21033	9.92761
2885885	Königsfeld		DE	Bayern	ort		1372	49.94603	11.16520
2766769	Sankt Andrä am Zicksee		AT	Burgenland	ort		1371	47.78410	16.94195
2776204	Hippach		AT	Tirol	ort		1371	47.20435	11.86523
2767605	Reith bei Seefeld		AT	Tirol	ort		1370	47.30000	11.20000
2805481	Wusterhusen		DE	Mecklenburg-Vorpommern	ort		1370	54.11312	13.61608
2819782	Unteregg		DE	Bayern	ort		1370	47.96667	10.46667
2873309	Markt Berolzheim		DE	Bayern	ort		1370	49.00955	10.84473
2822564	Thüngen		DE	Bayern	ort		1369	49.94140	9.85860
2917782	Greiling		DE	Bayern	ort		1369	47.76667	11.61667
2951397	Beiersdorf		DE	Sachsen	ort		1369	51.07405	14.53828
2767468	Ried im Traunkreis		AT	Oberösterreich	ort		1368	48.02581	14.07452
2768119	Bad Radkersburg		AT	Steiermark	ort		1368	46.68806	15.98806
2771485	Mitterberghütten		AT	Salzburg	ort		1368	47.40000	13.21667
2776693	Hatting		AT	Tirol	ort		1368	47.27870	11.16838
2661770	Altishofen		CH	Luzern	ort		1368	47.19916	7.96964
2817841	Varrel		DE	Niedersachsen	ort		1368	52.62150	8.73310
2821439	Trebitz		DE	Sachsen-Anhalt	ort		1368	51.58615	11.91965
2837022	Schönbach		DE	Sachsen	ort		1368	51.06667	14.56667
2872559	Meddersheim		DE	Rheinland-Pfalz	ort		1368	49.77636	7.61708
2905581	Herschweiler-Pettersheim		DE	Rheinland-Pfalz	ort		1368	49.48333	7.35000
2835467	Schwabstedt		DE	Schleswig-Holstein	ort		1367	54.39705	9.18646
2866108	Neubrück		DE	Niedersachsen	ort		1367	52.37088	10.41761
2871266	Mickhausen		DE	Bayern	ort		1367	48.24171	10.64026
2877891	Liebstadt		DE	Sachsen	ort		1367	50.86417	13.85694
2827240	Stetten		DE	Bayern	ort		1365	48.02382	10.44474
2837062	Schönau		DE	Bayern	ort		1365	50.07571	9.72169
2856591	Osterfeld		DE	Sachsen-Anhalt	ort		1365	51.08014	11.93047
2773541	Kremsdorf		AT	Oberösterreich	ort		1364	48.20031	14.26249
2854947	Pennigsehl		DE	Niedersachsen	ort		1364	52.64181	9.02630
2883570	Kropstädt		DE	Sachsen-Anhalt	ort		1364	51.96307	12.74550
2914279	Grünenbach		DE	Bayern	ort		1364	47.62864	10.00843
2765515	Schwanberg		AT	Steiermark	ort		1363	46.75833	15.20833
11746208	Niederstraß		AT	Oberösterreich	stadtteil		1363	48.01398	13.72956
2855901	Ötzingen		DE	Rheinland-Pfalz	ort		1363	50.50000	7.83333
2864735	Neukirchen		DE	Schleswig-Holstein	ort		1363	54.86667	8.73333
2945980	Borstendorf		DE	Sachsen	ort		1363	50.77323	13.17918
2660542	Grächen		CH	Wallis	ort		1362	46.19529	7.83745
2934594	Düngenheim		DE	Rheinland-Pfalz	ort		1362	50.26062	7.16523
2762492	Uttendorf		AT	Oberösterreich	ort		1361	48.15887	13.12180
2777992	Gries am Brenner		AT	Tirol	ort		1361	47.03849	11.48131
2880280	Lauben		DE	Bayern	ort		1361	48.05928	10.29014
2933297	Effelder		DE	Thüringen	ort		1360	51.23948	10.24778
2766983	Rufling		AT	Oberösterreich	ort		1359	48.27839	14.21674
2937889	Dettum		DE	Niedersachsen	ort		1359	52.17246	10.66807
2766572	Sankt Magdalen		AT	Kärnten	ort		1358	46.61667	13.88333
2807325	Wittenhagen		DE	Mecklenburg-Vorpommern	ort		1358	54.18379	13.07133
2841682	Sankelmark		DE	Schleswig-Holstein	ort		1358	54.71803	9.42344
2764366	Stetten		AT	Niederösterreich	ort		1357	48.36667	16.38333
2836182	Schraplau		DE	Sachsen-Anhalt	ort		1357	51.43750	11.66823
2911325	Hamberge		DE	Schleswig-Holstein	ort		1357	53.83333	10.58333
2660205	Jussy		CH	Genf	ort		1356	46.23590	6.26701
2863095	Niedermurach		DE	Bayern	ort		1356	49.44999	12.37610
2913942	Gstadt am Chiemsee		DE	Bayern	ort		1355	47.88453	12.41813
2915236	Groß Nemerow		DE	Mecklenburg-Vorpommern	ort		1355	53.47342	13.22482
2935117	Dreis		DE	Rheinland-Pfalz	ort		1355	49.94090	6.81845
2942810	Buch am Buchrain		DE	Bayern	ort		1355	48.21510	11.99509
2765275	Seeham		AT	Salzburg	ort		1354	47.96746	13.07699
2772680	Lembach im Mühlkreis		AT	Oberösterreich	ort		1354	48.49517	13.89513
2776181	Hirschegg		AT	Vorarlberg	ort		1354	47.34813	10.17137
2932119	Eichigt		DE	Sachsen	ort		1354	50.35000	12.16667
2774703	Karlstetten		AT	Niederösterreich	ort		1353	48.25920	15.56544
2808970	Wildenberg		DE	Bayern	ort		1353	48.72981	11.89845
2870233	Mödingen		DE	Bayern	ort		1353	48.64327	10.43173
2938711	Dausenau		DE	Rheinland-Pfalz	ort		1353	50.33333	7.76667
2658806	Sankt Stephan		CH	Bern	ort		1352	46.50827	7.39559
2659246	Paudex		CH	Waadt	ort		1352	46.50548	6.66819
2924766	Friedenfels		DE	Bayern	ort		1352	49.88260	12.10124
2953168	Baisweil		DE	Bayern	ort		1352	47.94439	10.54007
2954916	Attenhofen		DE	Bayern	ort		1352	48.65072	11.84850
2773004	Langenstein		AT	Oberösterreich	ort		1351	48.25200	14.47655
2661295	Cadempino		CH	Tessin	ort		1351	46.03672	8.93403
2805657	Wurmsham		DE	Bayern	ort		1351	48.35000	12.33333
2856377	Osterspai		DE	Rheinland-Pfalz	ort		1351	50.24453	7.61227
2804268	Ziesendorf		DE	Mecklenburg-Vorpommern	ort		1350	53.99433	12.03933
2818142	Urspringen		DE	Bayern	ort		1350	49.90166	9.67123
2937641	Didderse		DE	Niedersachsen	ort		1350	52.38042	10.40294
2762404	Viechtwang		AT	Oberösterreich	ort		1349	47.91531	13.96345
2658317	Treyvaux		CH	Freiburg	ort		1349	46.72796	7.13769
2808404	Wiltingen		DE	Rheinland-Pfalz	ort		1349	49.65919	6.59255
2828984	Steimel		DE	Rheinland-Pfalz	ort		1349	50.61667	7.63333
2832597	Siedenburg		DE	Niedersachsen	ort		1349	52.69293	8.93961
2776938	Hallwang		AT	Salzburg	ort		1348	47.85000	13.08333
2781658	Bockfließ		AT	Niederösterreich	ort		1348	48.36000	16.60389
2821488	Trautskirchen		DE	Bayern	ort		1348	49.45810	10.59361
2919877	Glindenberg		DE	Sachsen-Anhalt	ort		1347	52.23857	11.68361
2850705	Ramerberg		DE	Bayern	ort		1346	48.01806	12.14513
2765489	Schwarzau am Steinfeld		AT	Niederösterreich	ort		1345	47.73183	16.17094
2828795	Steinbach		DE	Thüringen	ort		1345	50.83321	10.36393
2848851	Reimlingen		DE	Bayern	ort		1345	48.81667	10.51667
2885350	Kosel		DE	Schleswig-Holstein	ort		1345	54.50580	9.75653
2895744	Irsee		DE	Bayern	ort		1345	47.90815	10.57177
2661414	Breíl		CH	Graubünden	ort		1344	46.76986	9.06036
2835470	Schwabsoien		DE	Bayern	ort		1344	47.83333	10.83333
2851385	Quern		DE	Schleswig-Holstein	ort		1344	54.75000	9.71667
2883066	Kuddewörde		DE	Schleswig-Holstein	ort		1343	53.58333	10.40000
2659228	Péry		CH	Bern	ort		1342	47.19398	7.24913
2850973	Radis		DE	Sachsen-Anhalt	ort		1342	51.75226	12.51453
2912417	Hagnau		DE	Baden-Württemberg	ort		1342	47.67666	9.31787
2766778	Sankt Aegyd am Neuwalde		AT	Niederösterreich	ort		1341	47.85383	15.56969
2814553	Wallmerod		DE	Rheinland-Pfalz	ort		1341	50.48333	7.95000
2771718	Medraz		AT	Tirol	ort		1340	47.14256	11.34287
2862953	Niederrieden		DE	Bayern	ort		1340	48.05760	10.18321
2908796	Häusern		DE	Baden-Württemberg	ort		1340	47.75000	8.16667
2773172	Ladendorf		AT	Niederösterreich	ort		1339	48.53333	16.48333
2936603	Dobien		DE	Sachsen-Anhalt	ort		1339	51.90519	12.61068
2951894	Bausendorf		DE	Rheinland-Pfalz	ort		1339	50.01667	7.00000
2766702	Sankt Georgen am Ybbsfelde		AT	Niederösterreich	ort		1338	48.12892	14.95364
2768813	Pinggau		AT	Steiermark	ort		1338	47.44232	16.06713
2658998	Rodersdorf		CH	Solothurn	ort		1338	47.48082	7.45767
2820912	Trulben		DE	Rheinland-Pfalz	ort		1338	49.13916	7.54370
2848689	Reinstorf		DE	Niedersachsen	ort		1338	53.23445	10.57323
2764453	Steinfeld		AT	Kärnten	ort		1337	46.75812	13.24934
2658071	Waldenburg		CH	Basel-Landschaft	ort		1337	47.38333	7.75000
2764190	Strass		AT	Niederösterreich	ort		1336	48.46667	15.73333
2660432	Güttingen		CH	Thurgau	ort		1336	47.60349	9.28742
2959803	Absberg		DE	Bayern	ort		1336	49.14438	10.88101
2807001	Wöhrden		DE	Schleswig-Holstein	ort		1335	54.16667	9.00000
2884308	Kretzschau		DE	Sachsen-Anhalt	ort		1335	51.05000	12.06667
2889975	Klausen		DE	Rheinland-Pfalz	ort		1335	49.90000	6.88333
2772961	Lannach		AT	Steiermark	ort		1334	46.94611	15.33722
2782254	Au		AT	Salzburg	ort		1334	47.70000	13.06667
2833934	Seebergen		DE	Thüringen	ort		1334	50.92077	10.79920
2839222	Schillingen		DE	Rheinland-Pfalz	ort		1334	49.63333	6.78333
2856837	Oßmanstedt		DE	Thüringen	ort		1334	51.01815	11.42746
2887857	Klettbach		DE	Thüringen	ort		1334	50.91667	11.15000
2890344	Kirchwalsede		DE	Niedersachsen	ort		1334	53.01667	9.40000
3208736	Bensdorf		DE	Brandenburg	ort		1334	52.41667	12.33333
2780544	Ebenthal		AT	Kärnten	ort		1333	46.60806	14.36417
3319573	Sellrain		AT	Tirol	ort		1333	47.21667	11.21667
2659542	Müntschemier		CH	Bern	ort		1333	46.99548	7.14626
6291621	Oberglatt / Bahnhofquartier		CH	Zürich	stadtteil	Zürich	1333	47.47143	8.51289
2862809	Niedertaufkirchen		DE	Bayern	ort		1333	48.33333	12.55000
2869511	Moosach		DE	Bayern	ort		1333	48.03213	11.87510
3208547	Helgoland		DE	Schleswig-Holstein	ort		1333	54.18143	7.88630
2778794	Gattendorf		AT	Burgenland	ort		1332	48.01667	16.98333
2886435	Kolbingen		DE	Baden-Württemberg	ort		1332	48.05227	8.88957
2928227	Fachbach		DE	Rheinland-Pfalz	ort		1332	50.33333	7.68333
3207709	Gondershausen		DE	Rheinland-Pfalz	ort		1332	50.15000	7.50000
2660371	Hérémence		CH	Wallis	ort		1331	46.18032	7.40477
2873302	Marktgraitz		DE	Bayern	ort		1331	50.18358	11.19441
2900079	Holtsee		DE	Schleswig-Holstein	ort		1330	54.40000	9.85000
2661046	Dardagny		CH	Genf	ort		1329	46.19564	5.99497
2929245	Erxleben		DE	Sachsen-Anhalt	ort		1329	52.21812	11.24245
2660489	Andelfingen		CH	Zürich	ort		1328	47.59447	8.67826
2661094	Court		CH	Bern	ort		1328	47.23956	7.33655
2811532	Wellen		DE	Sachsen-Anhalt	ort		1328	52.14518	11.44106
2893792	Kalkhorst		DE	Mecklenburg-Vorpommern	ort		1328	53.97012	11.04469
2658733	Schinznach Bad		CH	Aargau	ort		1327	47.44992	8.16833
2820499	Udenheim		DE	Rheinland-Pfalz	ort		1327	49.86472	8.17167
2855215	Paulinenaue		DE	Brandenburg	ort		1327	52.67701	12.71067
2864060	Neustadt am Main		DE	Bayern	ort		1327	49.93021	9.56808
2658852	Sâles		CH	Freiburg	ort		1326	46.63473	6.97336
2661658	Avry-sur-Matran		CH	Freiburg	ort		1326	46.78753	7.06735
2855747	Padenstedt		DE	Schleswig-Holstein	ort		1326	54.05000	9.91667
2857098	Orenhofen		DE	Rheinland-Pfalz	ort		1326	49.90000	6.65000
2948750	Binswangen		DE	Bayern	ort		1326	48.55798	10.64249
2857134	Oppurg		DE	Thüringen	ort		1325	50.71065	11.65289
2908999	Hauptstuhl		DE	Rheinland-Pfalz	ort		1325	49.40000	7.48333
2781318	Brunn an der Schneebergbahn		AT	Niederösterreich	ort		1324	47.82376	16.15934
2895771	Irrel		DE	Rheinland-Pfalz	ort		1324	49.84539	6.45705
2899961	Holzdorf		DE	Sachsen-Anhalt	ort		1324	51.77873	13.12756
2906312	Hennweiler		DE	Rheinland-Pfalz	ort		1324	49.81667	7.43333
2956044	Anhausen		DE	Rheinland-Pfalz	ort		1324	50.50000	7.55000
2761049	Winklarn		AT	Niederösterreich	ort		1323	48.09135	14.84819
11903842	Hinterleiten		AT	Niederösterreich	ort		1323	48.16513	15.96654
2661579	Begnins		CH	Waadt	ort		1323	46.44152	6.24762
2819825	Unterdießen		DE	Bayern	ort		1323	47.98333	10.83333
2873970	Manderscheid		DE	Rheinland-Pfalz	ort		1323	50.09672	6.80981
2921380	Gemünden		DE	Rheinland-Pfalz	ort		1323	49.89444	7.47750
2923638	Fürstenberg		DE	Niedersachsen	ort		1323	51.73333	9.40000
2956657	Amberg		DE	Bayern	ort		1323	48.06667	10.68333
2826536	Stolpe		DE	Schleswig-Holstein	ort		1322	54.13333	10.21667
2837250	Schnürpflingen		DE	Baden-Württemberg	ort		1322	48.27280	9.99292
2841636	Sankt Gangloff		DE	Thüringen	ort		1322	50.85522	11.89446
2913414	Gütenbach		DE	Baden-Württemberg	ort		1322	48.05000	8.15000
2762299	Vorau		AT	Steiermark	ort		1321	47.40548	15.88754
2658655	Seeberg		CH	Bern	ort		1321	47.15585	7.66567
6292364	Hadlikon		CH	Zürich	ort		1321	47.28750	8.85719
2954123	Auhagen		DE	Niedersachsen	ort		1321	52.39828	9.29194
2957798	Altenbüren		DE	Nordrhein-Westfalen	ort		1321	51.38634	8.50584
2773007	Langenrohr		AT	Niederösterreich	ort		1320	48.30489	16.01034
2891069	Kienberg		DE	Bayern	ort		1320	48.03481	12.46330
2953636	Bächingen an der Brenz		DE	Bayern	ort		1320	48.54627	10.31281
2918804	Gössenheim		DE	Bayern	ort		1319	50.01667	9.78333
2944915	Bredenbek		DE	Schleswig-Holstein	ort		1319	54.32247	9.87293
2771109	Mühlbach am Hochkönig		AT	Salzburg	ort		1318	47.37746	13.12926
2659378	Oberhelfenschwil		CH	St. Gallen	ort		1318	47.35673	9.11076
2817976	Vaale		DE	Schleswig-Holstein	ort		1318	54.00000	9.38333
2919415	Goldbeck		DE	Sachsen-Anhalt	ort		1318	52.71695	11.86060
2951849	Bayerisch Eisenstein		DE	Bayern	ort		1318	49.11667	13.20000
2778441	Gmünd		AT	Kärnten	ort		1317	46.90722	13.52944
2852591	Porschdorf		DE	Sachsen	ort		1317	50.94180	14.12687
2862818	Niederstriegis		DE	Sachsen	ort		1317	51.08243	13.14925
2897583	Hundeshagen		DE	Thüringen	ort		1317	51.43333	10.28333
2915592	Großgoltern		DE	Niedersachsen	ort		1317	52.33261	9.50111
2766615	Sankt Lambrecht		AT	Steiermark	ort		1316	47.06667	14.30000
3319578	Obsteig		AT	Tirol	ort		1316	47.30000	10.93333
2659109	Ramsen		CH	Schaffhausen	ort		1316	47.70797	8.80949
2819100	Untermaßfeld		DE	Thüringen	ort		1316	50.53333	10.41667
2911282	Hamdorf		DE	Schleswig-Holstein	ort		1316	54.22522	9.51866
2761123	Winden am See		AT	Burgenland	ort		1315	47.95000	16.75000
2659231	Perroy		CH	Waadt	ort		1315	46.46690	6.35349
2659883	Linden		CH	Bern	ort		1315	46.84690	7.67831
2853844	Pielenhofen		DE	Bayern	ort		1315	49.07235	11.95699
2859173	Oberscheinfeld		DE	Bayern	ort		1315	49.70829	10.43418
2906851	Hellenhahn-Schellenberg		DE	Rheinland-Pfalz	ort		1315	50.61278	8.02639
2945209	Brandshagen		DE	Mecklenburg-Vorpommern	ort		1315	54.23945	13.16917
2814787	Waldsieversdorf		DE	Brandenburg	ort		1314	52.54221	14.07022
2837198	Schöfweg		DE	Bayern	ort		1314	48.83882	13.22861
2774876	Kaltenbach		AT	Tirol	ort		1313	47.28333	11.86667
2778830	Gaspoltshofen		AT	Oberösterreich	ort		1313	48.14324	13.73643
2658708	Schönenbuch		CH	Basel-Landschaft	ort		1313	47.53853	7.50572
2661613	Bäretswil		CH	Zürich	ort		1313	47.33709	8.85645
2661720	Aristau		CH	Aargau	ort		1313	47.28692	8.36356
2830121	Sprakensehl		DE	Niedersachsen	ort		1313	52.76668	10.49177
2919135	Gommersheim		DE	Rheinland-Pfalz	ort		1313	49.29111	8.26583
2778141	Grafenwörth		AT	Niederösterreich	ort		1312	48.40790	15.77826
6295304	Dietikon / Guggenbühl		CH	Zürich	stadtteil	Zürich	1312	47.40009	8.40818
2805448	Wustrow		DE	Mecklenburg-Vorpommern	ort		1312	53.47765	13.15569
2921252	Georgsdorf		DE	Niedersachsen	ort		1312	52.56667	7.08333
2954803	Au		DE	Baden-Württemberg	ort		1312	47.95000	7.83333
2768998	Petzenkirchen		AT	Niederösterreich	ort		1311	48.14693	15.15465
2661566	Bellmund		CH	Bern	ort		1311	47.10852	7.24608
2811934	Weißenborn		DE	Thüringen	ort		1311	50.92393	11.87947
2827999	Steinheid		DE	Thüringen	ort		1311	50.46538	11.08265
2898697	Hörselgau		DE	Thüringen	ort		1311	50.91988	10.58444
2917098	Grönwohld		DE	Schleswig-Holstein	ort		1311	53.64162	10.40784
2939946	Cochstedt		DE	Sachsen-Anhalt	ort		1311	51.88247	11.41085
2943217	Brunn		DE	Bayern	ort		1311	49.23632	12.19156
2948861	Binau		DE	Baden-Württemberg	ort		1311	49.36833	9.05806
3274987	Altenbuch		DE	Bayern	ort		1311	49.82861	9.40139
2660798	Ferenbalm		CH	Bern	ort		1310	46.94880	7.21124
2852159	Pretzier		DE	Sachsen-Anhalt	ort		1310	52.83224	11.26105
2854346	Pfaffen-Schwabenheim		DE	Rheinland-Pfalz	ort		1310	49.85000	7.95000
2916840	Groß Düben		DE	Sachsen	ort		1310	51.56667	14.56667
3207535	Offenbach-Hundheim		DE	Rheinland-Pfalz	ort		1310	49.61729	7.55117
2834082	Seck		DE	Rheinland-Pfalz	ort		1309	50.57722	8.04972
2896724	Ifta		DE	Thüringen	ort		1309	51.06667	10.18333
2827664	Steinsfeld		DE	Bayern	ort		1308	49.41667	10.21667
2851069	Radegast		DE	Sachsen-Anhalt	ort		1308	51.65654	12.09485
2816596	Volkstedt		DE	Sachsen-Anhalt	ort		1307	51.56267	11.55658
2823811	Taufkirchen		DE	Bayern	ort		1307	48.15000	12.45000
2846381	Rittersdorf		DE	Rheinland-Pfalz	ort		1307	50.00000	6.50000
2847240	Rieden		DE	Rheinland-Pfalz	ort		1307	50.40000	7.18333
2920934	Gersdorf		DE	Sachsen	ort		1307	51.11220	12.93889
2767466	Ried in der Riedmark		AT	Oberösterreich	ort		1306	48.27114	14.52796
2898036	Hüffelsheim		DE	Rheinland-Pfalz	ort		1305	49.81667	7.80000
2661452	Boncourt		CH	Jura	ort		1304	47.49493	7.01297
2836945	Schönberg		DE	Schleswig-Holstein	ort		1304	53.68319	10.42671
2931000	Ellerhoop		DE	Schleswig-Holstein	ort		1304	53.72603	9.76933
2769059	Persenbeug		AT	Niederösterreich	ort		1303	48.18733	15.08809
2833259	Selent		DE	Schleswig-Holstein	ort		1303	54.28893	10.42702
2850636	Rammingen		DE	Baden-Württemberg	ort		1303	48.51814	10.17197
2658279	Uerkheim		CH	Aargau	ort		1302	47.30353	8.02320
2827197	Stettfeld		DE	Bayern	ort		1302	49.97090	10.72170
2946113	Bornheim		DE	Rheinland-Pfalz	ort		1302	49.22250	8.16333
8411026	Mellau		AT	Vorarlberg	ort		1301	47.35034	9.88149
2869734	Monzelfeld		DE	Rheinland-Pfalz	ort		1301	49.89237	7.07318
2911419	Halsenbach		DE	Rheinland-Pfalz	ort		1301	50.17174	7.55673
2938304	Demen		DE	Mecklenburg-Vorpommern	ort		1301	53.62967	11.76639
2957949	Altefähr		DE	Mecklenburg-Vorpommern	ort		1301	54.32994	13.12643
11746700	Eching		AT	Salzburg	ort		1300	47.97263	12.88786
2940534	Bütthard		DE	Bayern	ort		1300	49.59913	9.87987
2941877	Bühren		DE	Niedersachsen	ort		1300	52.80629	8.21880
12110939	Alt - Lehndorf		DE	Niedersachsen	stadtteil	Braunschweig	1300	52.26856	10.48035
2815218	Walchum		DE	Niedersachsen	ort		1299	52.92717	7.28325
2820704	Tutow		DE	Mecklenburg-Vorpommern	ort		1299	53.91566	13.24814
2878375	Leuchtenberg		DE	Bayern	ort		1299	49.59737	12.25840
2903794	Hirschbach		DE	Bayern	ort		1299	49.55000	11.53333
2933099	Eggenthal		DE	Bayern	ort		1299	47.91667	10.51667
2948355	Birresborn		DE	Rheinland-Pfalz	ort		1299	50.18333	6.63333
2762060	Waizenkirchen		AT	Oberösterreich	ort		1298	48.33018	13.85754
6295493	Zürich (Kreis 1) / Lindenhof		CH	Zürich	stadtteil	Zürich	1298	47.37188	8.54036
2849211	Reichardtswerben		DE	Sachsen-Anhalt	ort		1298	51.24851	11.95349
2915410	Großkmehlen		DE	Brandenburg	ort		1298	51.37901	13.72501
2949353	Biburg		DE	Bayern	ort		1297	48.79066	11.85726
2660141	Kleinlützel		CH	Solothurn	ort		1296	47.42518	7.41607
2856070	Ottenstein		DE	Niedersachsen	ort		1296	51.94707	9.40700
2903841	Hipstedt		DE	Niedersachsen	ort		1296	53.48333	8.96667
2762445	Velm		AT	Niederösterreich	ort		1295	48.03333	16.43333
2775868	Hof		AT	Salzburg	ort		1295	47.35000	13.31667
2837225	Schochwitz		DE	Sachsen-Anhalt	ort		1295	51.53174	11.75485
2888520	Kleinmaischeid		DE	Rheinland-Pfalz	ort		1295	50.51345	7.60830
2903180	Höchheim		DE	Bayern	ort		1295	50.36667	10.45000
2918899	Görzig		DE	Sachsen-Anhalt	ort		1295	51.66381	11.99759
2935056	Drelsdorf		DE	Schleswig-Holstein	ort		1295	54.60548	9.04449
2820071	Unseburg		DE	Sachsen-Anhalt	ort		1294	51.93284	11.51281
2888812	Klein Gusborn		DE	Niedersachsen	ort		1294	53.08331	11.19323
2771377	Mittertreffling		AT	Oberösterreich	ort		1293	48.33868	14.36505
2658849	Salmsach		CH	Thurgau	ort		1293	47.55433	9.37229
2810300	Westerhorn		DE	Schleswig-Holstein	ort		1293	53.85711	9.67959
2824738	Sulzfeld am Main		DE	Bayern	ort		1293	49.70694	10.13248
2875456	Lüder		DE	Niedersachsen	ort		1293	52.80878	10.66609
2890616	Kirchdorf		DE	Bayern	ort		1293	48.17542	12.19646
2944529	Breitenthal		DE	Bayern	ort		1293	48.23782	10.29951
11746699	Obergäu		AT	Salzburg	ort		1292	47.58955	13.17621
2806884	Wolferode		DE	Sachsen-Anhalt	ort		1292	51.50650	11.51299
2812855	Weigendorf		DE	Bayern	ort		1292	49.49773	11.56869
2827527	Stelzenberg		DE	Rheinland-Pfalz	ort		1291	49.37756	7.73814
2899767	Holzhausen an der Haide		DE	Rheinland-Pfalz	ort		1291	50.21855	7.90973
2659775	Malvaglia		CH	Tessin	ort		1290	46.40588	8.98190
2803667	Zusamaltheim		DE	Bayern	ort		1290	48.53104	10.63562
2774621	Katsdorf		AT	Oberösterreich	ort		1289	48.31791	14.47432
2660742	Fontenais		CH	Jura	ort		1289	47.40292	7.08108
2843094	Rümpel		DE	Schleswig-Holstein	ort		1289	53.78333	10.35000
2913783	Gülzow		DE	Schleswig-Holstein	ort		1289	53.45000	10.50000
2924836	Frickenhausen		DE	Bayern	ort		1289	49.67089	10.09268
2928600	Etzbach		DE	Rheinland-Pfalz	ort		1289	50.77831	7.68800
2766136	Scharnstein		AT	Oberösterreich	ort		1287	47.90426	13.96135
2771876	Markt Allhau		AT	Burgenland	ort		1287	47.28333	16.08333
2659967	Leibstadt		CH	Aargau	ort		1287	47.58790	8.17611
2824770	Sulzdorf		DE	Bayern	ort		1287	49.65002	9.90389
2832529	Siefersheim		DE	Rheinland-Pfalz	ort		1287	49.80000	7.95000
2903663	Hirschfeld		DE	Sachsen	ort		1287	50.62453	12.45722
2904986	Heustreu		DE	Bayern	ort		1287	50.35485	10.26069
2925589	Frankenheim		DE	Thüringen	ort		1287	50.54452	10.06828
2951531	Beesenstedt		DE	Sachsen-Anhalt	ort		1287	51.56828	11.73323
2905164	Hetzles		DE	Bayern	ort		1286	49.63333	11.13333
2929892	Enzklösterle		DE	Baden-Württemberg	ort		1286	48.66638	8.47083
2779499	Flaurling		AT	Tirol	ort		1285	47.29143	11.12319
2780886	Döbriach		AT	Kärnten	ort		1285	46.78049	13.65738
2871071	Groß Miltzow		DE	Mecklenburg-Vorpommern	ort		1285	53.53565	13.59354
2874127	Malching		DE	Bayern	ort		1285	48.31226	13.18746
2921642	Geismar		DE	Thüringen	ort		1285	51.23169	10.16548
2764728	Stadl-Hausruck		AT	Oberösterreich	ort		1284	48.08255	13.85213
2781833	Berndorf bei Salzburg		AT	Salzburg	ort		1284	47.99532	13.06146
2781935	Baumkirchen		AT	Tirol	ort		1284	47.30000	11.56667
6294285	Dübendorf / Kunklerstrasse		CH	Zürich	stadtteil	Zürich	1284	47.40109	8.62724
2823981	Tarnow		DE	Mecklenburg-Vorpommern	ort		1284	53.77941	12.01785
2902767	Hof		DE	Rheinland-Pfalz	ort		1284	50.66667	8.01667
6292641	Adliswil / Sonnenberg		CH	Zürich	stadtteil	Zürich	1283	47.30958	8.52055
2817230	Villenbach		DE	Bayern	ort		1283	48.50887	10.61468
2822471	Tiddische		DE	Niedersachsen	ort		1283	52.51667	10.80000
2824152	Tannenberg		DE	Sachsen	ort		1283	50.60738	12.93798
2831242	Sonneborn		DE	Thüringen	ort		1283	50.99270	10.59173
2857080	Orlamünde		DE	Thüringen	ort		1283	50.77486	11.51929
2885863	Königshain		DE	Sachsen	ort		1283	51.18333	14.86667
2890495	Kirchhaslach		DE	Bayern	ort		1283	48.15040	10.31015
2943487	Brücken		DE	Rheinland-Pfalz	ort		1283	49.63333	7.11667
2761003	Winzendorf		AT	Niederösterreich	ort		1282	47.81154	16.11300
2659726	Matzendorf		CH	Solothurn	ort		1282	47.30374	7.62820
2914950	Großthiemig		DE	Brandenburg	ort		1282	51.38333	13.66667
2660726	Frauenkappelen		CH	Bern	ort		1281	46.95425	7.33835
2844880	Roskow		DE	Brandenburg	ort		1281	52.47237	12.71886
2852991	Pöhla		DE	Sachsen	ort		1281	50.51143	12.81889
2859815	Obermaßfeld-Grimmenthal		DE	Thüringen	ort		1281	50.52898	10.43963
2865130	Neuhaus an der Oste		DE	Niedersachsen	ort		1281	53.80043	9.03348
2780970	Dietachdorf		AT	Oberösterreich	ort		1280	48.08364	14.42874
3323944	Ried im Zillertal		AT	Tirol	ort		1280	47.30000	11.86667
2856195	Ostseebad Göhren		DE	Mecklenburg-Vorpommern	ort		1280	54.34140	13.73823
2761571	Weißkirchen in Steiermark		AT	Steiermark	ort		1279	47.15000	14.73333
2894988	Jerxheim		DE	Niedersachsen	ort		1279	52.08172	10.89844
2933025	Egglkofen		DE	Bayern	ort		1279	48.40000	12.45000
3209175	Bartenshagen-Parkentin		DE	Mecklenburg-Vorpommern	ort		1279	54.08116	11.97849
2659917	Les Ponts-de-Martel		CH	Neuenburg	ort		1278	46.99735	6.73059
6290379	Schachen		CH	Zürich	ort		1278	47.32419	8.47251
2822736	Thierstein		DE	Bayern	ort		1278	50.10643	12.10203
2857410	Oldenswort		DE	Schleswig-Holstein	ort		1278	54.37243	8.93996
2763348	Trins		AT	Tirol	ort		1277	47.08333	11.41667
2770646	Neutillmitsch		AT	Steiermark	ort		1277	46.81667	15.53333
2774408	Kirchberg am Wagram		AT	Niederösterreich	ort		1277	48.43182	15.89692
2659292	Opfikon		CH	Zürich	ort		1277	47.43169	8.57588
2659937	Les Breuleux		CH	Jura	ort		1277	47.21099	7.00792
2847774	Reuth		DE	Bayern	ort		1277	49.99052	11.69480
2952767	Barenburg		DE	Niedersachsen	ort		1277	52.61953	8.79999
2767777	Reichenau an der Rax		AT	Niederösterreich	ort		1276	47.69509	15.84572
2867098	Nanzdietschweiler		DE	Rheinland-Pfalz	ort		1276	49.45000	7.45000
2905245	Hetlingen		DE	Schleswig-Holstein	ort		1276	53.60712	9.63718
2923534	Fürthen		DE	Rheinland-Pfalz	ort		1276	50.78333	7.66667
2955363	Arzfeld		DE	Rheinland-Pfalz	ort		1276	50.08957	6.27069
2859460	Oberotterbach		DE	Rheinland-Pfalz	ort		1275	49.07044	7.96955
2868923	Mücka		DE	Sachsen	ort		1275	51.31667	14.70000
2803651	Züssow		DE	Mecklenburg-Vorpommern	ort		1274	53.97709	13.54855
2807365	Wittelshofen		DE	Bayern	ort		1274	49.06121	10.48121
2824000	Tappenbeck		DE	Niedersachsen	ort		1274	52.47055	10.74068
2864098	Neustadt Vogtland		DE	Sachsen	ort		1274	50.46100	12.33224
2947447	Bobitz		DE	Mecklenburg-Vorpommern	ort		1274	53.80450	11.35914
2823764	Tautenhain		DE	Thüringen	ort		1273	50.92470	11.91945
2871703	Merzalben		DE	Rheinland-Pfalz	ort		1272	49.24467	7.73077
2766772	Sankt Andrä		AT	Kärnten	ort		1271	46.76829	14.81991
2773733	Königswiesen		AT	Oberösterreich	ort		1271	48.40453	14.83824
2774404	Kirchberg an der Pielach		AT	Niederösterreich	ort		1271	48.02690	15.42875
2775712	Hohenweiler		AT	Vorarlberg	ort		1271	47.58333	9.78333
2660002	Läufelfingen		CH	Basel-Landschaft	ort		1271	47.39457	7.85578
6295329	Oberengstringen / Zentrum		CH	Zürich	stadtteil	Zürich	1271	47.40711	8.46276
2855031	Peißen		DE	Sachsen-Anhalt	ort		1271	51.74347	11.75756
2764783	Spitz		AT	Niederösterreich	ort		1270	48.36560	15.41416
2886730	Kohlberg		DE	Bayern	ort		1270	49.59121	12.01948
2808745	Wilhelmsdorf		DE	Bayern	ort		1269	49.56419	10.73716
2809509	Wiek		DE	Mecklenburg-Vorpommern	ort		1269	54.62000	13.28914
2822703	Thomasburg		DE	Niedersachsen	ort		1269	53.23333	10.66667
2855632	Palzem		DE	Rheinland-Pfalz	ort		1269	49.56667	6.36667
2898415	Höttingen		DE	Bayern	ort		1269	49.06262	11.00530
2919008	Görisried		DE	Bayern	ort		1269	47.70668	10.51015
2659355	Oberrüti		CH	Aargau	ort		1268	47.16673	8.39441
2859465	Oberostendorf		DE	Bayern	ort		1268	47.94360	10.74270
2859826	Obermarchtal		DE	Baden-Württemberg	ort		1268	48.23279	9.57235
2888316	Klein Rogahn		DE	Mecklenburg-Vorpommern	ort		1268	53.60534	11.34579
2898763	Hornstorf		DE	Mecklenburg-Vorpommern	ort		1268	53.90994	11.53214
2925914	Forchheim		DE	Baden-Württemberg	ort		1268	48.16667	7.70000
2940311	Carlow		DE	Mecklenburg-Vorpommern	ort		1268	53.75861	10.93789
2918661	Gotteszell		DE	Bayern	ort		1267	48.96667	12.96667
2775818	Hofkirchen im Traunkreis		AT	Oberösterreich	ort		1266	48.14312	14.37776
6295398	Urdorf / Moos		CH	Zürich	stadtteil	Zürich	1266	47.38977	8.42886
2933981	Ebernhahn		DE	Rheinland-Pfalz	ort		1266	50.47278	7.77000
2765331	See		AT	Tirol	ort		1265	47.08333	10.46667
2659558	Mühlethurnen		CH	Bern	ort		1265	46.81345	7.50881
2929862	Eppelsheim		DE	Rheinland-Pfalz	ort		1265	49.70556	8.16528
2829876	Stadelhofen		DE	Bayern	ort		1264	50.00317	11.19757
2867627	Münchweiler an der Alsenz		DE	Rheinland-Pfalz	ort		1264	49.55000	7.88333
2936683	Dobbertin		DE	Mecklenburg-Vorpommern	ort		1264	53.62306	12.07466
2764297	Stinatz		AT	Burgenland	ort		1263	47.20266	16.13312
2658244	Unterlunkhofen		CH	Aargau	ort		1263	47.32120	8.38102
2814776	Waldstetten		DE	Bayern	ort		1263	48.34815	10.29385
2863810	Neuwittenbek		DE	Schleswig-Holstein	ort		1263	54.36667	10.01667
2876708	Löbichau		DE	Thüringen	ort		1263	50.89383	12.26366
2762180	Vorderthiersee		AT	Tirol	ort		1262	47.58333	12.10000
2659676	Mesocco		CH	Graubünden	ort		1262	46.39390	9.23333
6290378	Affoltern / Sonnenberg		CH	Zürich	stadtteil	Zürich	1262	47.28055	8.46008
2811011	Wenzendorf		DE	Niedersachsen	ort		1262	53.34948	9.77234
2920291	Girod		DE	Rheinland-Pfalz	ort		1262	50.45000	7.91667
2941172	Burgsalach		DE	Bayern	ort		1262	49.03316	11.09766
2952991	Balzhausen		DE	Bayern	ort		1262	48.24228	10.49366
2767469	Ried im Oberinntal		AT	Tirol	ort		1261	47.05000	10.65000
2771764	Mauterndorf		AT	Salzburg	ort		1261	47.13451	13.67884
2814557	Wallmenroth		DE	Rheinland-Pfalz	ort		1261	50.80000	7.83333
2822883	Theisseil		DE	Bayern	ort		1261	49.69034	12.22744
2943203	Brunn		DE	Mecklenburg-Vorpommern	ort		1261	53.67076	13.37032
2660930	Eichberg		CH	St. Gallen	ort		1260	47.34374	9.53140
2841557	Sankt Julian		DE	Rheinland-Pfalz	ort		1260	49.61667	7.51667
12110961	Rühme - Vorwerksdlg.		DE	Niedersachsen	stadtteil	Braunschweig	1260	52.29573	10.52323
2936613	Dobersdorf		DE	Schleswig-Holstein	ort		1259	54.31893	10.28011
2661750	Andermatt		CH	Uri	ort		1258	46.63565	8.59388
2819167	Unterleinleiter		DE	Bayern	ort		1258	49.82303	11.18906
2824522	Sustrum		DE	Niedersachsen	ort		1258	52.91667	7.28333
2843290	Rügland		DE	Bayern	ort		1258	49.40000	10.58333
2940959	Burow		DE	Mecklenburg-Vorpommern	ort		1258	53.77372	13.27318
2659064	Rhäzüns		CH	Graubünden	ort		1257	46.79891	9.39764
2863786	Neu Zauche		DE	Brandenburg	ort		1257	51.92757	14.08812
2890382	Kirchseelte		DE	Niedersachsen	ort		1257	52.95000	8.68333
2847686	Rheden		DE	Niedersachsen	ort		1256	52.05784	9.78714
2936908	Dingolshausen		DE	Bayern	ort		1256	49.90710	10.39032
2764186	Straßburg-Stadt		AT	Kärnten	ort		1255	46.89444	14.32861
2766309	Sattledt		AT	Oberösterreich	ort		1255	48.07372	14.05478
6293083	Thalwil / Süd		CH	Zürich	stadtteil	Zürich	1255	47.28495	8.56954
2923387	Gadheim		DE	Bayern	ort		1255	49.84584	9.90566
2936089	Dorfhain		DE	Sachsen	ort		1255	50.93333	13.56667
2771893	Mariazell		AT	Steiermark	ort		1254	47.77306	15.31639
2660329	Hochwald		CH	Solothurn	ort		1254	47.45389	7.64459
2862933	Niederroßla		DE	Thüringen	ort		1253	51.03333	11.48333
2891653	Kemnitz		DE	Mecklenburg-Vorpommern	ort		1253	54.07723	13.53528
2902065	Höheinöd		DE	Rheinland-Pfalz	ort		1253	49.28966	7.60673
2906510	Hemsbünde		DE	Niedersachsen	ort		1253	53.08998	9.47261
2953240	Bahrenborstel		DE	Niedersachsen	ort		1253	52.57009	8.80863
11002415	Ertl		AT	Niederösterreich	ort		1252	47.97704	14.63134
2660083	Laax		CH	Graubünden	ort		1252	46.80452	9.25787
6293105	Wädenswil / Eichweid		CH	Zürich	stadtteil	Zürich	1252	47.21847	8.67440
2821930	Tollwitz		DE	Sachsen-Anhalt	ort		1252	51.28601	12.09733
2864826	Neuhütten		DE	Bayern	ort		1252	50.00000	9.41667
2905058	Heudeber		DE	Sachsen-Anhalt	ort		1252	51.90245	10.84321
2657943	Wyssachen		CH	Bern	ort		1251	47.07851	7.82922
2811537	Welle		DE	Niedersachsen	ort		1251	53.23985	9.80178
2834963	Schwarzenborn		DE	Hessen	ort		1251	50.90977	9.44658
2842507	Sachsenkam		DE	Bayern	ort		1251	47.80543	11.64396
2858071	Oederquart		DE	Niedersachsen	ort		1251	53.80267	9.23680
2873087	Marxen		DE	Niedersachsen	ort		1251	53.31211	10.00415
2912539	Hagenbüchach		DE	Bayern	ort		1251	49.53333	10.76667
2935266	Dreetz		DE	Brandenburg	ort		1251	52.80297	12.45961
2945151	Braschwitz		DE	Sachsen-Anhalt	ort		1251	51.52284	12.05867
2829943	Stäbelow		DE	Mecklenburg-Vorpommern	ort		1250	54.04119	12.02336
2872119	Melbach		DE	Hessen	ort		1250	50.37908	8.80926
2891848	Keitum		DE	Schleswig-Holstein	ort		1250	54.89333	8.37083
2929665	Erfweiler		DE	Rheinland-Pfalz	ort		1250	49.15712	7.81231
2933485	Edderitz		DE	Sachsen-Anhalt	ort		1250	51.69933	11.93712
2934548	Dünsen		DE	Niedersachsen	ort		1250	52.92749	8.64191
7932486	Kleiner Grasbrook		DE	Hamburg	stadtteil	Hamburg	1250	53.53111	9.99361
6293097	Au / Unter-Dorf		CH	Zürich	stadtteil	Zürich	1249	47.24730	8.63270
2812958	Weidenstetten		DE	Baden-Württemberg	ort		1249	48.55250	9.99610
2765092	Sieggraben		AT	Burgenland	ort		1248	47.65128	16.37993
2865633	Neuenkirchen		DE	Mecklenburg-Vorpommern	ort		1248	53.59729	13.36942
2920796	Gestratz		DE	Bayern	ort		1248	47.65000	9.98333
2950139	Berlingerode		DE	Thüringen	ort		1248	51.45775	10.23840
2859296	Oberrieden		DE	Bayern	ort		1247	48.08886	10.42611
2770838	Neudau		AT	Steiermark	ort		1246	47.17554	16.10184
2913405	Gutenberg		DE	Sachsen-Anhalt	ort		1246	51.54710	11.97181
2920977	Geroldshausen		DE	Bayern	ort		1246	49.68361	9.90222
2936331	Döllstädt		DE	Thüringen	ort		1246	51.08333	10.81667
2769013	Petronell-Carnuntum		AT	Niederösterreich	ort		1245	48.11296	16.86582
2777593	Groß-Schweinbarth		AT	Niederösterreich	ort		1245	48.41472	16.63194
2808810	Wildsteig		DE	Bayern	ort		1245	47.70145	10.93753
2958956	Aichelberg		DE	Baden-Württemberg	ort		1245	48.63557	9.56373
2762348	Vitis		AT	Niederösterreich	ort		1244	48.75964	15.18259
6295525	Sulz		CH	Zürich	ort		1244	47.53954	8.78887
2874284	Maihingen		DE	Bayern	ort		1244	48.92745	10.49867
2920835	Gesees		DE	Bayern	ort		1244	50.03207	11.66623
2769396	Oslip		AT	Burgenland	ort		1243	47.82906	16.61957
2769817	Oberpremstätten		AT	Steiermark	ort		1243	46.97444	15.40444
2658299	Trun		CH	Graubünden	ort		1243	46.74292	8.98716
2660465	Grüsch		CH	Graubünden	ort		1243	46.97965	9.64639
2808067	Wingerode		DE	Thüringen	ort		1243	51.39032	10.23954
2888890	Kleinfurra		DE	Thüringen	ort		1243	51.41556	10.76454
2806442	Wollbach		DE	Bayern	ort		1242	50.36667	10.23333
2852847	Pollhagen		DE	Niedersachsen	ort		1242	52.38529	9.18813
2661241	Celerina		CH	Graubünden	ort		1241	46.51217	9.85794
6295357	Schlieren / Boden		CH	Zürich	stadtteil	Zürich	1241	47.39721	8.45734
2866810	Nebelschütz		DE	Sachsen	ort		1241	51.26227	14.15849
2907460	Heimbach		DE	Rheinland-Pfalz	stadtteil	Neuwied	1241	50.45000	7.53333
2941038	Burk		DE	Bayern	ort		1241	49.13318	10.47891
2768804	Pinsdorf		AT	Oberösterreich	ort		1240	47.92980	13.77068
2658850	Salgesch		CH	Wallis	ort		1240	46.31155	7.57120
2760564	Zillingdorf		AT	Niederösterreich	ort		1239	47.85000	16.33333
2913888	Guderhandviertel		DE	Niedersachsen	ort		1239	53.54919	9.60960
2928258	Eyendorf		DE	Niedersachsen	ort		1239	53.20000	10.15000
2929549	Erlbach		DE	Bayern	ort		1239	48.30000	12.78333
2771868	Bad Pirawarth		AT	Niederösterreich	ort		1238	48.45194	16.59833
2897564	Hunding		DE	Bayern	ort		1238	48.84227	13.17681
2768728	Plainfeld		AT	Salzburg	ort		1237	47.83333	13.18333
3335137	Niederschöckl		AT	Steiermark	ort		1237	47.15000	15.50000
2853089	Pluwig		DE	Rheinland-Pfalz	ort		1237	49.68976	6.71239
2908595	Hawangen		DE	Bayern	ort		1237	47.96667	10.26667
2932893	Ehlscheid		DE	Rheinland-Pfalz	ort		1237	50.51448	7.46655
2956081	Angersdorf		DE	Sachsen-Anhalt	ort		1237	51.46025	11.90705
2769411	Ortgraben		AT	Steiermark	ort		1236	47.45000	16.05000
2937873	Deuben		DE	Sachsen-Anhalt	ort		1236	51.10968	12.07259
3208599	Flöthe		DE	Niedersachsen	ort		1236	52.08333	10.48333
2944944	Breddorf		DE	Niedersachsen	ort		1235	53.29262	9.08089
2775808	Höflein		AT	Niederösterreich	ort		1234	48.06667	16.78333
2872057	Mellingen		DE	Thüringen	ort		1234	50.94123	11.39640
2896600	Ilbesheim		DE	Rheinland-Pfalz	ort		1234	49.18277	8.05363
2931171	Elgersburg		DE	Thüringen	ort		1234	50.70603	10.85310
2775183	Ischgl		AT	Tirol	ort		1233	47.01257	10.29179
2658328	Travers		CH	Neuenburg	ort		1233	46.94018	6.67595
2875988	Longuich		DE	Rheinland-Pfalz	ort		1233	49.80841	6.76832
2903298	Hochdonn		DE	Schleswig-Holstein	ort		1233	54.02663	9.27624
2927798	Farnstädt		DE	Sachsen-Anhalt	ort		1233	51.43333	11.56667
2947604	Blowatz		DE	Mecklenburg-Vorpommern	ort		1233	53.98972	11.53360
2959146	Ahnsen		DE	Niedersachsen	ort		1233	52.25466	9.10089
2658512	Stalden		CH	Wallis	ort		1232	46.23341	7.87273
2660907	Emmetten		CH	Nidwalden	ort		1232	46.95658	8.51467
2761617	Weissenbach am Lech		AT	Tirol	ort		1231	47.44162	10.64071
2764687	Stallhofen		AT	Steiermark	ort		1231	47.05000	15.21667
2766410	Sankt Ruprecht an der Raab		AT	Steiermark	ort		1231	47.15336	15.66256
2768885	Pichl		AT	Salzburg	ort		1230	47.28333	12.85000
2803889	Zorge		DE	Niedersachsen	ort		1230	51.63333	10.63333
2877455	Linden		DE	Rheinland-Pfalz	ort		1230	49.35000	7.65000
2952461	Barnstädt		DE	Sachsen-Anhalt	ort		1230	51.34401	11.63735
2772294	Loipersbach im Burgenland		AT	Burgenland	ort		1229	47.69656	16.47919
2774443	Kilb		AT	Niederösterreich	ort		1229	48.10101	15.40850
2918092	Granschütz		DE	Sachsen-Anhalt	ort		1229	51.18431	12.05149
2760631	Zell an der Pram		AT	Oberösterreich	ort		1228	48.31625	13.62923
2777649	Großlobming		AT	Steiermark	ort		1228	47.18333	14.80000
2898471	Höslwang		DE	Bayern	ort		1228	47.95378	12.32915
2928001	Falkenberg		DE	Berlin	stadtteil	Berlin	1228	52.56800	13.54597
3207679	Ahrbrück		DE	Rheinland-Pfalz	ort		1228	50.48225	6.98804
2772833	Laussa		AT	Oberösterreich	ort		1227	47.95000	14.45000
6295177	Wülflingen (Kreis 6) / Niederfeld		CH	Zürich	stadtteil	Winterthur	1227	47.50904	8.67968
2858548	Oberwiera		DE	Sachsen	ort		1227	50.88913	12.54415
2863604	Niederbergkirchen		DE	Bayern	ort		1227	48.31667	12.50000
6293608	Dorf		CH	Zürich	ort		1226	47.23900	8.73567
2925557	Frankenstein		DE	Sachsen	ort		1226	50.90064	13.20933
11903646	Angerberg		AT	Tirol	ort		1225	47.50563	12.03119
2854892	Perach		DE	Bayern	ort		1225	48.26667	12.76667
2903011	Höchstädt bei Thiersheim		DE	Bayern	ort		1225	50.10157	12.08711
2903445	Hitzhusen		DE	Schleswig-Holstein	ort		1225	53.92397	9.85262
2946409	Bonstetten		DE	Bayern	ort		1225	48.44002	10.70532
2933064	Eggersdorf		DE	Sachsen-Anhalt	ort		1224	51.97621	11.70971
2659150	Praroman		CH	Freiburg	ort		1223	46.75145	7.17778
2831377	Sommerkahl		DE	Bayern	ort		1222	50.06961	9.25676
2847247	Rieden		DE	Bayern	ort		1222	47.95000	10.65000
2779570	Finkenberg		AT	Tirol	ort		1221	47.15279	11.82212
2657988	Wildhaus		CH	St. Gallen	ort		1221	47.20583	9.35402
2660746	Flurlingen		CH	Zürich	ort		1221	47.68390	8.62995
3208605	Heere		DE	Niedersachsen	ort		1221	52.06667	10.25000
8521656	Neu-Pattern		DE	Nordrhein-Westfalen	ort		1221	50.88854	6.27688
6292896	Mühlehalde		CH	Zürich	ort		1220	47.28306	8.53386
2894415	Jürgenshagen		DE	Mecklenburg-Vorpommern	ort		1220	53.95417	11.89665
2771148	Mötz		AT	Tirol	ort		1219	47.28333	10.95000
2806232	Wonsees		DE	Bayern	ort		1219	49.97614	11.30047
2818060	Uthleben		DE	Thüringen	ort		1219	51.44912	10.83800
2890484	Kirchheim		DE	Thüringen	ort		1219	50.88333	11.01667
2892571	Kasel		DE	Rheinland-Pfalz	ort		1219	49.76170	6.73222
2657997	Wikon		CH	Luzern	ort		1218	47.26339	7.96801
2659115	Radelfingen		CH	Bern	ort		1218	47.02146	7.27178
6295306	Dietikon / Schönenwerd		CH	Zürich	stadtteil	Zürich	1218	47.39706	8.42576
2830869	Spabrücken		DE	Rheinland-Pfalz	ort		1218	49.90000	7.71667
2837780	Schmiedefeld		DE	Thüringen	ort		1218	50.53333	11.21667
2831838	Sippersfeld		DE	Rheinland-Pfalz	ort		1217	49.55000	7.93333
2922711	Gangloffsömmern		DE	Thüringen	ort		1217	51.18940	10.94332
3209181	Gattendorf		DE	Bayern	ort		1217	50.32207	11.99776
2660425	Häggenschwil		CH	St. Gallen	ort		1216	47.49462	9.34487
6292919	Richterswil / Dorfkern		CH	Zürich	stadtteil		1216	47.20715	8.70607
2851132	Räckelwitz		DE	Sachsen	ort		1216	51.25730	14.22422
2913446	Güster		DE	Schleswig-Holstein	ort		1216	53.53851	10.67607
2658452	Sulz		CH	Aargau	ort		1215	47.53602	8.09628
2805945	Wulfen		DE	Sachsen-Anhalt	ort		1215	51.81938	11.93063
2810128	Westheim		DE	Bayern	ort		1215	49.00000	10.66667
2844947	Rosenow		DE	Mecklenburg-Vorpommern	ort		1215	53.62966	13.03849
11862794	Bergern		AT	Oberösterreich	ort		1214	48.16752	14.11153
2661167	Churwalden		CH	Graubünden	ort		1214	46.78143	9.54377
2818082	Ustersbach		DE	Bayern	ort		1214	48.31667	10.65000
2836469	Schonstett		DE	Bayern	ort		1214	47.98333	12.25000
2764137	Strengen		AT	Tirol	ort		1213	47.12589	10.46199
2767214	Rosenau am Sonntagberg		AT	Niederösterreich	ort		1213	48.00778	14.73927
2851863	Prosselsheim		DE	Bayern	ort		1213	49.86309	10.12666
2894707	Jördenstorf		DE	Mecklenburg-Vorpommern	ort		1213	53.87823	12.61619
2924412	Friemar		DE	Thüringen	ort		1213	50.97702	10.78851
2934324	Dürrhennersdorf		DE	Sachsen	ort		1213	51.04863	14.60383
2943531	Bruck		DE	Bayern	ort		1213	48.02116	11.90781
2947751	Bliesdorf		DE	Brandenburg	ort		1213	52.69298	14.15949
6295352	Schlieren / Freiestrasse		CH	Zürich	stadtteil	Zürich	1212	47.39598	8.44202
2814878	Waldkirchen		DE	Sachsen	ort		1212	50.59667	12.37994
2850535	Ramsthal		DE	Bayern	ort		1212	50.14039	10.06777
2920914	Gersten		DE	Niedersachsen	ort		1212	52.58333	7.51667
2773359	Krottendorf bei Ligist		AT	Steiermark	ort		1211	47.01667	15.21667
2942819	Bucha		DE	Thüringen	ort		1211	50.88333	11.51667
2659892	Liesberg		CH	Basel-Landschaft	ort		1210	47.40398	7.42787
2857429	Oldendorf		DE	Schleswig-Holstein	ort		1210	53.95341	9.45858
2657898	Zuoz		CH	Graubünden	ort		1209	46.60206	9.95965
2659260	Palézieux		CH	Waadt	ort		1209	46.54191	6.83989
2811683	Weiten		DE	Saarland	ort		1209	49.53011	6.54064
2850446	Rannungen		DE	Bayern	ort		1209	50.16537	10.20484
2936431	Dölbau		DE	Sachsen-Anhalt	ort		1209	51.46701	12.05735
2947370	Bockenau		DE	Rheinland-Pfalz	ort		1209	49.83333	7.68333
2929279	Erpolzheim		DE	Rheinland-Pfalz	ort		1208	49.48917	8.22472
2932012	Eickendorf		DE	Sachsen-Anhalt	ort		1208	51.94765	11.67538
3207690	Bruttig-Fankel		DE	Rheinland-Pfalz	ort		1208	50.13333	7.23333
2770725	Neumarkt an der Ybbs		AT	Niederösterreich	ort		1207	48.14103	15.05758
2772836	Launsdorf		AT	Kärnten	ort		1207	46.77056	14.45194
2658807	Sankt Peterzell		CH	St. Gallen	ort		1207	47.31782	9.17599
6295346	Schlieren / Zentrum		CH	Zürich	stadtteil	Zürich	1207	47.39779	8.44770
2877546	Lindau		DE	Sachsen-Anhalt	ort		1207	52.03751	12.10788
2896602	Ilberstedt		DE	Sachsen-Anhalt	ort		1207	51.80000	11.66667
2761877	Wartberg ob der Aist		AT	Oberösterreich	ort		1206	48.34792	14.50796
2816660	Völkershausen		DE	Thüringen	ort		1206	50.80000	10.05000
2855704	Pahlen		DE	Schleswig-Holstein	ort		1206	54.26667	9.30000
2945429	Brand		DE	Bayern	ort		1206	49.95972	11.91072
2769259	Pama		AT	Burgenland	ort		1204	48.05000	17.03333
2851850	Prötzel		DE	Brandenburg	ort		1204	52.63723	13.98783
2859357	Oberreichenbach		DE	Bayern	ort		1204	49.58946	10.76892
2870212	Mogendorf		DE	Rheinland-Pfalz	ort		1204	50.49444	7.75972
2896933	Hüttenrode		DE	Sachsen-Anhalt	ort		1204	51.76880	10.90384
2781025	Deutsch Kaltenbrunn		AT	Burgenland	ort		1203	47.09455	16.13145
11695613	Gries		AT	Kärnten	ort		1203	46.83160	14.85103
2658185	Varen		CH	Wallis	ort		1203	46.31860	7.60743
6294319	Esslingen		CH	Zürich	ort		1203	47.28325	8.71038
2838769	Schlehdorf		DE	Bayern	ort		1203	47.65795	11.31494
2762494	Utschtal		AT	Steiermark	ort		1202	47.40000	15.20000
2661066	Cugnasco		CH	Tessin	ort		1202	46.17473	8.91684
2822571	Thundorf in Unterfranken		DE	Bayern	ort		1202	50.20097	10.31906
2835944	Schülp		DE	Schleswig-Holstein	ort		1202	54.25896	9.63034
2872955	Mastershausen		DE	Rheinland-Pfalz	ort		1202	50.06667	7.35000
2919514	Goel		DE	Schleswig-Holstein	ort		1202	54.28350	10.94036
2661738	Apples		CH	Waadt	ort		1201	46.55237	6.42889
2843574	Rübeland		DE	Sachsen-Anhalt	ort		1201	51.75591	10.84660
2848791	Reinhardshausen		DE	Hessen	ort		1201	51.11166	9.07514
2939714	Crostwitz		DE	Sachsen	ort		1201	51.23832	14.24338
2769488	Oehling		AT	Niederösterreich	ort		1200	48.10000	14.80000
2775843	Höfen		AT	Tirol	ort		1200	47.46667	10.68333
2863185	Niederlangen		DE	Niedersachsen	ort		1200	52.85712	7.28199
2873854	Manschnow		DE	Brandenburg	ort		1200	52.54990	14.55332
2920197	Glan-Münchweiler		DE	Rheinland-Pfalz	ort		1200	49.47222	7.44204
2929264	Ersingen		DE	Baden-Württemberg	ort		1200	48.29260	9.85510
2762678	Rohrbach an der Gölsen		AT	Niederösterreich	ort		1199	48.04699	15.74169
2780713	Drassburg		AT	Burgenland	ort		1199	47.74645	16.48679
2659721	Mauensee		CH	Luzern	ort		1199	47.16703	8.06793
2660579	Glovelier		CH	Jura	ort		1199	47.33534	7.20556
2833126	Sembach		DE	Rheinland-Pfalz	ort		1199	49.51177	7.86661
2883987	Kriebitzsch		DE	Thüringen	ort		1199	51.02347	12.33318
2916731	Großeibstadt		DE	Bayern	ort		1199	50.30102	10.40980
2659283	Oron-la-Ville		CH	Waadt	ort		1198	46.57094	6.82557
2659701	Meinisberg		CH	Bern	ort		1198	47.15965	7.34801
2874104	Malgersdorf		DE	Bayern	ort		1198	48.53333	12.75000
2879865	Lautrach		DE	Bayern	ort		1198	47.89805	10.11806
2905069	Heuchelheim bei Frankenthal		DE	Rheinland-Pfalz	ort		1198	49.56306	8.29083
2924704	Friedewald		DE	Rheinland-Pfalz	ort		1198	50.71106	7.96040
2820697	Tüttendorf		DE	Schleswig-Holstein	ort		1197	54.40000	10.00000
2830959	Sörgenloch		DE	Rheinland-Pfalz	ort		1197	49.88306	8.20111
2927249	Fellheim		DE	Bayern	ort		1197	48.07280	10.15224
2776069	Hochfilzen		AT	Tirol	ort		1196	47.46667	12.61667
11594281	Taugl		AT	Salzburg	ort		1196	47.64747	13.20282
2852858	Polle		DE	Niedersachsen	ort		1196	51.89871	9.40386
11748016	Dörfl		AT	Oberösterreich	stadtteil		1195	48.01245	13.65472
2824319	Talheim		DE	Baden-Württemberg	ort		1195	48.01667	8.66667
2950358	Berg im Gau		DE	Bayern	ort		1195	48.63333	11.25000
2952174	Baudenbach		DE	Bayern	ort		1195	49.62512	10.53598
11694598	Hart		AT	Niederösterreich	ort		1194	48.15320	15.61569
2872374	Mehringen		DE	Sachsen-Anhalt	ort		1194	51.72663	11.51264
2875445	Lüderitz		DE	Sachsen-Anhalt	ort		1194	52.50912	11.74301
2895117	Jävenitz		DE	Sachsen-Anhalt	ort		1194	52.52410	11.49909
2936271	Domsühl		DE	Mecklenburg-Vorpommern	ort		1194	53.48723	11.77099
2772709	Leithaprodersdorf		AT	Burgenland	ort		1193	47.93348	16.47915
2872449	Mehlbach		DE	Rheinland-Pfalz	ort		1193	49.51667	7.71667
2775324	Ilz		AT	Steiermark	ort		1192	47.08649	15.92676
2891993	Kayhude		DE	Schleswig-Holstein	ort		1192	53.75629	10.13232
2901895	Hohenbocka		DE	Brandenburg	ort		1192	51.43099	14.00982
2936298	Domersleben		DE	Sachsen-Anhalt	ort		1192	52.09199	11.43757
9222697	Dierkow-West		DE	Mecklenburg-Vorpommern	stadtteil	Rostock	1192	54.10608	12.15041
11694593	Eggendorf		AT	Niederösterreich	ort		1191	48.13130	15.61960
2661223	Champéry		CH	Wallis	ort		1191	46.17543	6.86903
2826356	Stößen		DE	Sachsen-Anhalt	ort		1191	51.11440	11.92405
2831594	Sölden		DE	Baden-Württemberg	ort		1191	47.93333	7.81667
2900499	Holler		DE	Rheinland-Pfalz	ort		1191	50.41667	7.83333
11746606	Schachen bei Vorau		AT	Steiermark	ort		1190	47.38010	15.85816
2659831	Lumino		CH	Tessin	ort		1190	46.23020	9.06420
2931784	Markt Einersheim		DE	Bayern	ort		1190	49.68663	10.29155
2959875	Abbesbüttel		DE	Niedersachsen	ort		1190	52.35233	10.55649
2661534	Bettingen		CH	Basel-Stadt	ort		1189	47.57039	7.66425
2926419	Flacht		DE	Rheinland-Pfalz	ort		1189	50.34528	8.05028
2771930	Mariahof		AT	Steiermark	ort		1188	47.10000	14.40000
2783050	Abtenau		AT	Salzburg	ort		1188	47.56373	13.34599
2661586	Beatenberg		CH	Bern	ort		1188	46.69896	7.79428
2661701	Arzo		CH	Tessin	ort		1188	45.87606	8.94103
6294617	Gutenswil		CH	Zürich	stadtteil	Zürich	1188	47.38387	8.71763
2881526	Landolfshausen		DE	Niedersachsen	ort		1188	51.53333	10.10000
2883994	Krickenbach		DE	Rheinland-Pfalz	ort		1188	49.36667	7.66667
2946753	Bokholt-Hanredder		DE	Schleswig-Holstein	ort		1188	53.78808	9.73586
2958545	Bad Alexandersbad		DE	Bayern	ort		1188	50.01667	12.01667
2775862	Hof		AT	Oberösterreich	ort		1187	47.86667	13.31667
2782564	Ampflwang		AT	Oberösterreich	ort		1187	48.08333	13.56667
2660962	Dürrenäsch		CH	Aargau	ort		1187	47.32094	8.15874
2848054	Retgendorf		DE	Mecklenburg-Vorpommern	ort		1187	53.72922	11.50359
2857289	Olsbrücken		DE	Rheinland-Pfalz	ort		1187	49.53884	7.65857
2860694	Ober-Flörsheim		DE	Rheinland-Pfalz	ort		1187	49.68306	8.15528
2913478	Gusenburg		DE	Rheinland-Pfalz	ort		1187	49.63333	6.90000
2920582	Giersleben		DE	Sachsen-Anhalt	ort		1187	51.76667	11.56667
2936620	Doberschau		DE	Sachsen	ort		1187	51.15185	14.39553
2763960	Tadten		AT	Burgenland	ort		1186	47.76667	16.98333
2776391	Himmelreich		AT	Salzburg	ort		1186	47.80000	12.98333
2772330	Lofer		AT	Salzburg	ort		1185	47.58475	12.69333
2778036	Greinsfurth		AT	Niederösterreich	ort		1185	48.10846	14.84390
2661299	Buttwil		CH	Aargau	ort		1185	47.26828	8.31064
2820851	Tuchenbach		DE	Bayern	ort		1185	49.52794	10.85973
2827870	Steinkirchen		DE	Bayern	ort		1185	48.38333	12.08333
2877771	Lieser		DE	Rheinland-Pfalz	ort		1185	49.91667	7.01667
2771761	Mautern in Steiermark		AT	Steiermark	ort		1184	47.40000	14.83333
6295131	Seen (Kreis 3) / Waldegg		CH	Zürich	stadtteil	Winterthur	1184	47.48393	8.75586
2861919	Nordleda		DE	Niedersachsen	ort		1184	53.76667	8.83333
2878114	Lichtenberg		DE	Bayern	ort		1184	50.38335	11.67624
2765070	Sigless		AT	Burgenland	ort		1183	47.77533	16.39503
2859733	Obermoschel		DE	Rheinland-Pfalz	ort		1183	49.72797	7.77266
2866851	Nauroth		DE	Rheinland-Pfalz	ort		1183	50.69927	7.87543
2949276	Biebelried		DE	Bayern	ort		1183	49.76667	10.08333
2782634	Altlichtenberg		AT	Oberösterreich	ort		1182	48.36001	14.25845
11903843	Neubau		AT	Oberösterreich	ort		1182	48.21901	14.19301
2873292	Markt Nordheim		DE	Bayern	ort		1182	49.59095	10.35564
2875989	Longkamp		DE	Rheinland-Pfalz	ort		1182	49.89044	7.11764
2877624	Linau		DE	Schleswig-Holstein	ort		1182	53.64446	10.46853
2953840	Axstedt		DE	Niedersachsen	ort		1182	53.35466	8.77485
2772380	Litzelsdorf		AT	Burgenland	ort		1181	47.20826	16.17170
2781967	Batschuns		AT	Vorarlberg	ort		1181	47.27642	9.67170
2659277	Orvin		CH	Bern	ort		1181	47.16068	7.21368
2825797	Ströbeck		DE	Sachsen-Anhalt	ort		1181	51.91406	10.94445
2830661	Speinshart		DE	Bayern	ort		1181	49.79002	11.81949
6940549	Haag (Rheintal)		CH	St. Gallen	ort		1180	47.20989	9.48931
2806453	Wolkramshausen		DE	Thüringen	ort		1180	51.42185	10.73815
2897211	Hürup		DE	Schleswig-Holstein	ort		1180	54.75000	9.53333
2768201	Pyhra		AT	Niederösterreich	ort		1179	48.15910	15.68624
2658021	Welschenrohr		CH	Solothurn	ort		1179	47.28052	7.52664
2658376	Thundorf		CH	Thurgau	ort		1179	47.54594	8.96358
2804764	Zenting		DE	Bayern	ort		1179	48.79128	13.25968
2845891	Röfingen		DE	Bayern	ort		1179	48.42442	10.44268
2863765	Neverin		DE	Mecklenburg-Vorpommern	ort		1179	53.62067	13.33660
2892008	Kavelstorf		DE	Mecklenburg-Vorpommern	ort		1179	54.00596	12.19082
2913571	Günthersdorf		DE	Sachsen-Anhalt	ort		1179	51.34570	12.17175
2947874	Bleialf		DE	Rheinland-Pfalz	ort		1179	50.23333	6.28333
2956988	Alt Meteln		DE	Mecklenburg-Vorpommern	ort		1179	53.74709	11.34056
2771146	Muckendorf an der Donau		AT	Niederösterreich	ort		1178	48.33183	16.15540
11819586	Neu-Feffernitz		AT	Kärnten	ort		1178	46.68772	13.67914
6294555	Nänikon / Nänikon (Dorfkern)		CH	Zürich	stadtteil	Zürich	1178	47.37099	8.69254
2809550	Wiednitz		DE	Sachsen	ort		1178	51.38608	14.02683
2821548	Trassem		DE	Rheinland-Pfalz	ort		1178	49.57849	6.52540
2849170	Reichenbach		DE	Bayern	ort		1178	49.18333	12.35000
2877357	Lindenberg		DE	Rheinland-Pfalz	ort		1178	49.38028	8.09861
2778245	Göttelsberg		AT	Steiermark	ort		1177	47.21667	15.60000
2889729	Klein Berßen		DE	Niedersachsen	ort		1177	52.76797	7.46182
2771307	Möllbrücke		AT	Kärnten	ort		1176	46.83639	13.37278
2777575	Grosssulz		AT	Steiermark	ort		1176	46.94556	15.49028
11668944	Diesseits		AT	Oberösterreich	ort		1176	48.29216	13.43546
2820496	Üdersdorf		DE	Rheinland-Pfalz	ort		1176	50.15000	6.80000
2850768	Raitenbuch		DE	Bayern	ort		1176	49.01468	11.12486
2867396	Muschwitz		DE	Sachsen-Anhalt	ort		1176	51.19296	12.12065
2890635	Kirchbrak		DE	Niedersachsen	ort		1176	51.96585	9.57510
6293364	Männedorf / Ausserfeld		CH	Zürich	stadtteil	Zürich	1175	47.24636	8.70608
2821864	Töpen		DE	Bayern	ort		1175	50.39067	11.87329
2918942	Görsbach		DE	Thüringen	ort		1175	51.46224	10.93706
2768827	Pill		AT	Tirol	ort		1174	47.32352	11.68018
2813787	Wassenach		DE	Rheinland-Pfalz	ort		1174	50.43333	7.28333
2906957	Helferskirchen		DE	Rheinland-Pfalz	ort		1174	50.51028	7.81184
2944834	Brehme		DE	Thüringen	ort		1174	51.49421	10.35908
2777297	Gugging		AT	Niederösterreich	ort		1173	48.31385	16.24852
2933372	Edersleben		DE	Sachsen-Anhalt	ort		1173	51.41667	11.28333
2945103	Brauneberg		DE	Rheinland-Pfalz	ort		1173	49.90583	6.98127
2773938	Klingenbach		AT	Burgenland	ort		1172	47.75202	16.54069
2782827	Albersdorf		AT	Steiermark	ort		1172	47.12166	15.69826
2829375	Staudach-Egerndach		DE	Bayern	ort		1172	47.78333	12.48333
2781861	Bergham		AT	Oberösterreich	ort		1171	48.28182	14.23141
2937632	Diebach		DE	Bayern	ort		1171	49.30912	10.19188
2958951	Aichen		DE	Bayern	ort		1171	48.22898	10.53949
2875979	Lonnig		DE	Rheinland-Pfalz	ort		1170	50.31002	7.40509
2899870	Holzgünz		DE	Bayern	ort		1170	48.02503	10.25901
2930278	Engeln		DE	Niedersachsen	ort		1170	52.79363	8.91815
2771400	Mitterpullendorf		AT	Burgenland	stadtteil		1169	47.49325	16.52129
2659938	Les Brenets		CH	Neuenburg	ort		1169	47.06774	6.70478
2820314	Uhyst		DE	Sachsen	ort		1169	51.36469	14.50600
2837385	Schneidlingen		DE	Sachsen-Anhalt	ort		1169	51.89454	11.44487
2890226	Kirschweiler		DE	Rheinland-Pfalz	ort		1169	49.75000	7.25000
2929658	Ergersheim		DE	Bayern	ort		1169	49.51667	10.33333
2761194	Wilfersdorf		AT	Niederösterreich	ort		1168	48.58333	16.63333
2659988	Lavertezzo		CH	Tessin	ort		1168	46.25893	8.83756
2867929	Mühl Rosin		DE	Mecklenburg-Vorpommern	ort		1168	53.76383	12.21388
2957073	Altkirchen		DE	Thüringen	ort		1168	50.93333	12.35000
2958534	Alfeld		DE	Bayern	ort		1168	49.43333	11.55000
2770722	Neumarkt im Mühlkreis		AT	Oberösterreich	ort		1167	48.42818	14.48444
2773184	Lackenbach		AT	Burgenland	ort		1167	47.59042	16.46533
2659904	Leuzigen		CH	Bern	ort		1167	47.17458	7.45775
2803489	Zwochau		DE	Sachsen	ort		1167	51.46467	12.26844
2861537	Nützen		DE	Schleswig-Holstein	ort		1167	53.86667	9.91667
2921664	Geisleden		DE	Thüringen	ort		1167	51.35000	10.20000
2930881	Ellzee		DE	Bayern	ort		1167	48.33971	10.31891
2933168	Egg an der Günz		DE	Bayern	ort		1167	48.08714	10.28495
2852877	Pölitz		DE	Schleswig-Holstein	ort		1166	53.77303	10.38276
2925326	Frauenprießnitz		DE	Thüringen	ort		1166	51.01667	11.73333
2860716	Oberfell		DE	Rheinland-Pfalz	ort		1165	50.26038	7.44461
2895823	Irlbach		DE	Bayern	ort		1165	48.84128	12.75135
2919648	Gnutz		DE	Schleswig-Holstein	ort		1165	54.13333	9.81667
2768429	Prambachkirchen		AT	Oberösterreich	ort		1164	48.31711	13.90449
2782042	Wimsbach		AT	Oberösterreich	ort		1164	48.06667	13.90000
2808792	Wilgartswiesen		DE	Rheinland-Pfalz	ort		1164	49.20891	7.87346
2847017	Riegsee		DE	Bayern	ort		1164	47.69867	11.23391
2779200	Frohsdorf		AT	Niederösterreich	ort		1163	47.73333	16.25000
2782691	Altenfelden		AT	Oberösterreich	ort		1163	48.48555	13.96980
2661092	Courtelary		CH	Bern	ort		1163	47.17822	7.07236
2914833	Groß Wokern		DE	Mecklenburg-Vorpommern	ort		1163	53.75135	12.49249
2932376	Eichenbarleben		DE	Sachsen-Anhalt	ort		1163	52.16688	11.40125
2820457	Uelversheim		DE	Rheinland-Pfalz	ort		1162	49.81000	8.28861
2864730	Neukirchen-Balbini		DE	Bayern	ort		1162	49.29101	12.43643
2869964	Molschleben		DE	Thüringen	ort		1162	51.00000	10.78333
2880400	Lasbek		DE	Schleswig-Holstein	ort		1162	53.73333	10.36667
2915241	Groß Munzel		DE	Niedersachsen	ort		1162	52.36554	9.47828
2931825	Eimen		DE	Niedersachsen	ort		1162	51.88333	9.78333
6292893	Langnau / Vitaquartier		CH	Zürich	stadtteil	Zürich	1161	47.29377	8.53758
2812099	Weisel		DE	Rheinland-Pfalz	ort		1161	50.11667	7.80000
2832280	Sievershütten		DE	Schleswig-Holstein	ort		1161	53.84238	10.11216
2933963	Ebersbach		DE	Sachsen	ort		1161	51.09900	13.11350
2658427	Tamins		CH	Graubünden	ort		1160	46.82964	9.40648
2837507	Schneckenlohe		DE	Bayern	ort		1160	50.21184	11.19395
2887686	Klink		DE	Mecklenburg-Vorpommern	ort		1160	53.47758	12.62131
2769315	Oeynhausen		AT	Niederösterreich	ort		1159	47.98533	16.29187
2809567	Wiederstedt		DE	Sachsen-Anhalt	ort		1159	51.66526	11.52723
2824967	Sudwalde		DE	Niedersachsen	ort		1159	52.79337	8.83611
2872073	Mellenbach-Glasbach		DE	Thüringen	ort		1159	50.61667	11.10000
2781567	Brandenberg		AT	Tirol	ort		1158	47.49053	11.89459
2783047	Abwinden		AT	Oberösterreich	ort		1158	48.25903	14.42625
2661624	Baltschieder		CH	Wallis	ort		1158	46.30888	7.86570
2872659	Maxsain		DE	Rheinland-Pfalz	ort		1158	50.54316	7.78512
2872962	Maßweiler		DE	Rheinland-Pfalz	ort		1158	49.26667	7.53333
2768819	Pillichsdorf		AT	Niederösterreich	ort		1157	48.35000	16.53333
2915439	Großkarlbach		DE	Rheinland-Pfalz	ort		1157	49.53833	8.22472
2773335	Krumegg		AT	Steiermark	ort		1156	47.02111	15.63139
11903657	Reitberg		AT	Salzburg	ort		1156	47.85269	13.15730
2661209	Charrat		CH	Wallis	ort		1156	46.12490	7.13138
2852541	Poseritz		DE	Mecklenburg-Vorpommern	ort		1156	54.29811	13.27492
2909350	Hassendorf		DE	Niedersachsen	ort		1156	53.10859	9.26482
2850195	Rathmannsdorf		DE	Sachsen	ort		1155	50.92993	14.14224
2879620	Lehe		DE	Schleswig-Holstein	ort		1155	54.34143	9.02374
2936281	Dommershausen		DE	Rheinland-Pfalz	ort		1155	50.15000	7.40000
3207894	Ruppach-Goldhausen		DE	Rheinland-Pfalz	ort		1155	50.46667	7.88333
2761989	Waldneukirchen		AT	Oberösterreich	ort		1154	47.99854	14.25879
2661467	Blumenstein		CH	Bern	ort		1154	46.74210	7.52136
2872600	Mechterstädt		DE	Thüringen	ort		1154	50.94201	10.52380
2659812	Luzein		CH	Graubünden	ort		1153	46.91957	9.76080
6291253	Kloten / Spitz		CH	Zürich	stadtteil	Zürich	1153	47.44455	8.58724
2807300	Witterda		DE	Thüringen	ort		1153	51.03615	10.89028
2933916	Ebersdorf		DE	Niedersachsen	ort		1153	53.52514	9.04897
2661365	Brusio		CH	Graubünden	ort		1152	46.25953	10.12385
2813259	Wehr		DE	Rheinland-Pfalz	ort		1152	50.41667	7.21667
2854996	Pellworm		DE	Schleswig-Holstein	ort		1152	54.51610	8.64512
2769588	Oberwölbling		AT	Niederösterreich	ort		1151	48.31719	15.59166
2959944	Aach		DE	Rheinland-Pfalz	ort		1151	49.78333	6.60000
2778425	Gneixendorf		AT	Niederösterreich	ort		1150	48.43751	15.61810
3324013	Itter		AT	Tirol	ort		1150	47.46667	12.13333
2815507	Wagenhoff		DE	Niedersachsen	ort		1150	52.55233	10.52337
2820500	Udenhausen		DE	Hessen	ort		1150	51.46385	9.46335
2774970	Kaindorf		AT	Steiermark	ort		1149	47.22537	15.91125
2775177	Ysper		AT	Niederösterreich	ort		1149	48.28865	15.06131
2882681	Kührstedt		DE	Niedersachsen	ort		1149	53.57747	8.80091
2918868	Goseck		DE	Sachsen-Anhalt	ort		1149	51.20000	11.86667
2957678	Altengottern		DE	Thüringen	ort		1149	51.16395	10.58093
2852299	Prebitz		DE	Bayern	ort		1148	49.83333	11.68333
2864437	Neunkhausen		DE	Rheinland-Pfalz	ort		1148	50.70722	7.90278
2893717	Kallstadt		DE	Rheinland-Pfalz	ort		1148	49.49083	8.17611
6291546	Niederglatt / Niederglatt (Dorfkern)		CH	Zürich	stadtteil	Zürich	1147	47.49065	8.50048
6292878	Kilchberg / Bächler-Stocken		CH	Zürich	stadtteil	Zürich	1147	47.32728	8.53957
2871368	Michelau		DE	Bayern	ort		1147	49.90556	10.43064
2921371	Genderkingen		DE	Bayern	ort		1147	48.70000	10.88333
2939009	Dankmarshausen		DE	Thüringen	ort		1147	50.92527	10.01601
2767852	Rauris		AT	Salzburg	ort		1146	47.22656	12.99459
2768305	Proleb		AT	Steiermark	ort		1146	47.40000	15.13333
6290556	Obfelden / Toussen		CH	Zürich	stadtteil	Zürich	1146	47.26574	8.43013
2821081	Trittenheim		DE	Rheinland-Pfalz	ort		1146	49.82471	6.89929
2930416	Emtmannsberg		DE	Bayern	ort		1146	49.89231	11.64466
2933385	Ederheim		DE	Bayern	ort		1146	48.80827	10.46609
2771955	Margarethen am Moos		AT	Niederösterreich	ort		1145	48.03333	16.60000
2779789	Farrach		AT	Steiermark	ort		1145	47.18333	14.73333
2660665	Ganterschwil		CH	St. Gallen	ort		1145	47.38103	9.09239
6295436	Zürich (Kreis 11) / Schwandenholz		CH	Zürich	stadtteil	Zürich	1145	47.42476	8.52125
2809944	Wetterzeube		DE	Sachsen-Anhalt	ort		1145	51.00000	12.01667
2861815	Nörtershausen		DE	Rheinland-Pfalz	ort		1145	50.21667	7.48333
2862389	Nindorf		DE	Schleswig-Holstein	ort		1145	54.08333	9.11667
2892448	Kastorf		DE	Schleswig-Holstein	ort		1145	53.74569	10.56723
2907110	Heistenbach		DE	Rheinland-Pfalz	ort		1145	50.37933	7.98629
2957557	Altenkrempe		DE	Schleswig-Holstein	ort		1145	54.13333	10.83333
2760622	Zellerndorf		AT	Niederösterreich	ort		1144	48.69657	15.95841
2761614	Weißenbach bei Liezen		AT	Steiermark	ort		1144	47.56667	14.21667
2777154	Haag am Hausruck		AT	Oberösterreich	ort		1144	48.18423	13.64373
6295527	Seglingen		CH	Zürich	ort		1144	47.57244	8.52093
2837809	Schmiechen		DE	Bayern	ort		1144	48.21667	10.96667
2895910	Insingen		DE	Bayern	ort		1144	49.30000	10.16667
2927236	Felm		DE	Schleswig-Holstein	ort		1144	54.41667	10.05000
2764063	Stuhlfelden		AT	Salzburg	ort		1143	47.28761	12.52755
6295432	Zürich (Kreis 12) / Auzelg		CH	Zürich	stadtteil	Zürich	1143	47.41511	8.57014
2859412	Oberpöring		DE	Bayern	ort		1143	48.70178	12.82482
2915459	Groß Ippener		DE	Niedersachsen	ort		1143	52.96667	8.61667
2928084	Faid		DE	Rheinland-Pfalz	ort		1143	50.14454	7.11951
2942688	Büchel		DE	Rheinland-Pfalz	ort		1143	50.17289	7.08318
2946176	Born		DE	Mecklenburg-Vorpommern	ort		1143	54.38536	12.53051
11903654	Rohr im Kremstal		AT	Oberösterreich	ort		1142	48.06864	14.19306
2826741	Stockheim		DE	Bayern	ort		1142	50.45959	10.27301
2866208	Neuberend		DE	Schleswig-Holstein	ort		1142	54.55000	9.53333
2941166	Burgschwalbach		DE	Rheinland-Pfalz	ort		1142	50.28333	8.08333
2769004	Pettneu		AT	Tirol	ort		1141	47.14595	10.33655
2775794	Hofstetten		AT	Niederösterreich	ort		1141	48.09711	15.51149
2779941	Erpfendorf		AT	Tirol	ort		1141	47.58333	12.46667
2838955	Schlagsdorf		DE	Mecklenburg-Vorpommern	ort		1141	53.73363	10.82556
2879966	Lauter		DE	Bayern	ort		1141	49.97317	10.78842
2949661	Betzendorf		DE	Niedersachsen	ort		1141	53.13750	10.31273
2658271	Uhwiesen		CH	Zürich	ort		1140	47.67074	8.63542
2864738	Neukirchen		DE	Schleswig-Holstein	ort		1140	54.21465	10.55381
2872503	Meerdorf		DE	Niedersachsen	ort		1140	52.34583	10.31745
2958555	Aletshausen		DE	Bayern	ort		1140	48.19859	10.38877
2809291	Wiesen		DE	Bayern	ort		1139	50.11667	9.36667
2811173	Wendtorf		DE	Schleswig-Holstein	ort		1139	54.41212	10.28952
2883246	Krumpa		DE	Sachsen-Anhalt	ort		1139	51.29724	11.84412
2891899	Kehrig		DE	Rheinland-Pfalz	ort		1139	50.28333	7.21667
2873499	Mariental		DE	Niedersachsen	ort		1138	52.27593	10.98371
2875250	Luhden		DE	Niedersachsen	ort		1138	52.22538	9.09256
2957566	Altenkirchen		DE	Mecklenburg-Vorpommern	ort		1138	54.63624	13.34332
2763170	Ulrichskirchen		AT	Niederösterreich	ort		1137	48.40000	16.48333
2773223	Laab im Walde		AT	Niederösterreich	ort		1137	48.15486	16.17359
2782159	Aurolzmünster		AT	Oberösterreich	ort		1137	48.24834	13.45533
6292921	Richterswil / Burghalde		CH	Zürich	stadtteil		1137	47.20973	8.69133
2838749	Schleid		DE	Thüringen	ort		1137	50.70000	9.96667
2848048	Rethen		DE	Niedersachsen	ort		1137	52.37707	10.47855
2941690	Bundenthal		DE	Rheinland-Pfalz	ort		1137	49.09549	7.80839
2936857	Dippach		DE	Thüringen	ort		1136	50.91959	10.04236
2773324	Krumnussbaum		AT	Niederösterreich	ort		1135	48.20877	15.16212
6294425	Greifensee / Pfisterhölzli		CH	Zürich	stadtteil	Zürich	1135	47.36430	8.68979
2808987	Wildemann		DE	Niedersachsen	ort		1135	51.82810	10.28152
2880564	Langula		DE	Thüringen	ort		1135	51.15001	10.41670
2884597	Krebeck		DE	Niedersachsen	ort		1135	51.58333	10.11667
2899066	Hörden		DE	Niedersachsen	ort		1135	51.66835	10.28372
2919792	Glött		DE	Bayern	ort		1135	48.50000	10.48333
2953508	Badem		DE	Rheinland-Pfalz	ort		1135	50.00000	6.61667
2765150	Serfaus		AT	Tirol	ort		1134	47.04018	10.60339
2769865	Oberneukirchen		AT	Oberösterreich	ort		1134	48.46404	14.22275
2822030	Todenbüttel		DE	Schleswig-Holstein	ort		1134	54.13333	9.55000
11903655	Langenegg		AT	Vorarlberg	ort		1133	47.46922	9.89744
11903656	Vogau		AT	Steiermark	ort		1133	46.73187	15.60837
2659696	Melano		CH	Tessin	ort		1133	45.92202	8.98435
2836834	Schönburg		DE	Sachsen-Anhalt	ort		1133	51.16667	11.86667
2761723	Weikendorf		AT	Niederösterreich	ort		1132	48.34438	16.76651
2770614	Niederbreitenbach		AT	Tirol	ort		1132	47.53333	12.08333
2822822	Theuma		DE	Sachsen	ort		1132	50.47007	12.22195
2871613	Messingen		DE	Niedersachsen	ort		1132	52.46667	7.46667
2920386	Gilten		DE	Niedersachsen	ort		1132	52.70000	9.58333
2938019	Dersekow		DE	Mecklenburg-Vorpommern	ort		1132	54.04583	13.29243
2776792	Hartheim		AT	Oberösterreich	ort		1131	48.28079	14.11426
2851175	Raben Steinfeld		DE	Mecklenburg-Vorpommern	ort		1131	53.60141	11.50487
2925286	Frauenwald		DE	Thüringen	ort		1131	50.58430	10.85841
2770344	Aurach		AT	Tirol	ort		1130	47.41223	12.42734
2660226	Jenaz		CH	Graubünden	ort		1130	46.92892	9.71275
2870673	Mittelhof		DE	Rheinland-Pfalz	ort		1130	50.77517	7.80466
2876842	Lissendorf		DE	Rheinland-Pfalz	ort		1130	50.31667	6.60000
2878986	Leitzkau		DE	Sachsen-Anhalt	ort		1130	52.05818	11.95203
2766036	Schenkenfelden		AT	Oberösterreich	ort		1129	48.50273	14.36188
2775921	Hochtregist		AT	Steiermark	ort		1129	47.10000	15.13333
2776153	Hitzendorf		AT	Steiermark	ort		1129	47.03333	15.30000
6295354	Schlieren / Kamp		CH	Zürich	stadtteil	Zürich	1129	47.39358	8.44453
2835034	Schwarzenbach		DE	Bayern	ort		1129	49.83876	12.38005
2846511	Riol		DE	Rheinland-Pfalz	ort		1129	49.79301	6.79211
2882417	Kupferberg		DE	Bayern	ort		1129	50.13960	11.57762
2886434	Kölbingen		DE	Rheinland-Pfalz	ort		1129	50.55000	7.93333
2918168	Gramkow		DE	Mecklenburg-Vorpommern	ort		1129	53.92092	11.31740
2920634	Giekau		DE	Schleswig-Holstein	ort		1129	54.31667	10.51667
2659704	Meierskappel		CH	Luzern	ort		1128	47.12470	8.44274
2813573	Waxweiler		DE	Rheinland-Pfalz	ort		1128	50.09257	6.36299
2883585	Kröppelshagen-Fahrendorf		DE	Schleswig-Holstein	ort		1128	53.48979	10.31697
2906790	Hellingen		DE	Thüringen	ort		1128	50.25000	10.68333
2942345	Buchholz		DE	Schleswig-Holstein	ort		1128	53.98829	9.22362
2952235	Bastorf		DE	Mecklenburg-Vorpommern	ort		1128	54.12566	11.69695
2766668	Sankt Jakob-Breitenau		AT	Steiermark	ort		1127	47.39229	15.42970
2658847	Salvan		CH	Wallis	ort		1127	46.11890	7.02078
2805195	Zarrendorf		DE	Mecklenburg-Vorpommern	ort		1127	54.23689	13.10094
3208422	Dohren		DE	Niedersachsen	ort		1127	52.65000	7.58333
6295332	Oberengstringen / Rauchacher		CH	Zürich	stadtteil	Zürich	1126	47.40919	8.45627
2807625	Wipfeld		DE	Bayern	ort		1126	49.91667	10.16667
2848872	Reil		DE	Rheinland-Pfalz	ort		1126	50.01667	7.11667
2915095	Groß Santersleben		DE	Sachsen-Anhalt	ort		1126	52.19143	11.45486
2777879	Großdorf		AT	Vorarlberg	ort		1125	47.43361	9.91528
6292642	Adliswil / Tal		CH	Zürich	stadtteil	Zürich	1125	47.31142	8.53446
2895870	Ippesheim		DE	Bayern	ort		1125	49.60214	10.22552
2909886	Haselau		DE	Schleswig-Holstein	ort		1125	53.66181	9.62010
2780531	Eberndorf		AT	Kärnten	ort		1124	46.59139	14.64361
2658426	Tanay		CH	Wallis	ort		1124	46.34503	6.83041
6695944	Löhningen		CH	Schaffhausen	ort		1124	47.70121	8.55236
2810214	Wester-Ohrstedt		DE	Schleswig-Holstein	ort		1124	54.50796	9.18574
2814512	Wallwitz		DE	Sachsen-Anhalt	ort		1124	51.58029	11.92888
2822168	Timmaspe		DE	Schleswig-Holstein	ort		1124	54.13967	9.89430
2876645	Lochau		DE	Sachsen-Anhalt	ort		1124	51.39738	12.05303
2660191	Kandersteg		CH	Bern	ort		1123	46.49467	7.67326
2848841	Reinberg		DE	Mecklenburg-Vorpommern	ort		1123	53.67484	13.14417
2849052	Reichenwalde		DE	Brandenburg	ort		1123	52.26667	14.00000
2882260	Kusey		DE	Sachsen-Anhalt	ort		1123	52.57987	11.09056
8334619	Stadtrandsiedlung Malchow		DE	Berlin	stadtteil	Berlin	1123	52.58295	13.47811
2660462	Gryon		CH	Waadt	ort		1122	46.27377	7.05975
6291683	Regensdorf / Feldblumen-Riedthofstrasse		CH	Zürich	stadtteil	Zürich	1122	47.43618	8.46659
2820413	Uftrungen		DE	Sachsen-Anhalt	ort		1122	51.49859	10.98066
2921571	Geitelde		DE	Niedersachsen	ort		1122	52.20987	10.46858
2763176	Ulrichsberg		AT	Oberösterreich	ort		1121	48.67498	13.91049
2777701	Groß-Gerungs		AT	Niederösterreich	ort		1121	48.57422	14.95789
2911044	Hammoor		DE	Schleswig-Holstein	ort		1121	53.71378	10.32200
2776787	Hartkirchen		AT	Oberösterreich	ort		1120	48.36349	14.00422
2659024	Effretikon / Rikon		CH	Zürich	stadtteil	Winterthur	1120	47.43099	8.68624
2810828	Wernersberg		DE	Rheinland-Pfalz	ort		1120	49.19062	7.92756
2814718	Walkertshofen		DE	Bayern	ort		1120	48.22613	10.58836
2959318	Agathenburg		DE	Niedersachsen	ort		1120	53.56065	9.53180
2766085	Scheffau am Tennengebirge		AT	Salzburg	ort		1119	47.58831	13.22020
2770679	Neusiedl an der Zaya		AT	Niederösterreich	ort		1119	48.59920	16.77990
11746592	Zell-Markt		AT	Niederösterreich	stadtteil		1119	47.95878	14.78318
2834646	Schwedelbach		DE	Rheinland-Pfalz	ort		1119	49.49557	7.59366
2866834	Nauwalde		DE	Sachsen	ort		1119	51.41837	13.40974
2871559	Mettendorf		DE	Rheinland-Pfalz	ort		1119	49.94784	6.33003
2890873	Kinderbeuern		DE	Rheinland-Pfalz	ort		1119	50.00935	7.02355
2771444	Mitterhofen		AT	Salzburg	ort		1118	47.38333	12.80000
2772786	Ledenitzen		AT	Kärnten	ort		1118	46.56639	13.96139
2659540	Muolen		CH	St. Gallen	ort		1118	47.52102	9.32484
2762352	Virgen		AT	Tirol	ort		1117	47.00159	12.45661
2895854	Irchenrieth		DE	Bayern	ort		1117	49.62286	12.22495
2939387	Dahme		DE	Schleswig-Holstein	ort		1117	54.21667	11.08333
3204998	Erdeborn		DE	Sachsen-Anhalt	ort		1117	51.47554	11.63487
2658897	Saas-Grund		CH	Wallis	ort		1116	46.12281	7.93651
2660105	Kriegstetten		CH	Solothurn	ort		1116	47.17449	7.59799
2660531	Grand-Savagnier		CH	Neuenburg	stadtteil		1116	47.05101	6.95489
2814133	Wardow		DE	Mecklenburg-Vorpommern	ort		1116	53.93054	12.40818
2822159	Timmenrode		DE	Sachsen-Anhalt	ort		1116	51.77113	11.00624
2881303	Langeln		DE	Sachsen-Anhalt	ort		1116	51.91188	10.79436
2882729	Kühndorf		DE	Thüringen	ort		1116	50.60860	10.48940
2913069	Habach		DE	Bayern	ort		1116	47.73333	11.28333
2934023	Ebenweiler		DE	Baden-Württemberg	ort		1116	47.90000	9.51667
2946097	Börnichen		DE	Sachsen	ort		1116	50.75010	13.14075
2957701	Altenfeld		DE	Thüringen	ort		1116	50.56468	10.96195
2766334	Sarleinsbach		AT	Oberösterreich	ort		1115	48.54525	13.90491
2780316	Ehrenhausen		AT	Steiermark	ort		1115	46.72417	15.58667
6291625	Hofstetten		CH	Zürich	ort		1115	47.47778	8.50646
2829210	Stedten		DE	Sachsen-Anhalt	ort		1115	51.44308	11.69291
2838793	Schlegel		DE	Sachsen	ort		1115	50.97775	14.87686
2909892	Hasel		DE	Baden-Württemberg	ort		1115	47.65342	7.89720
2766553	Sankt Margarethen an der Raab		AT	Steiermark	ort		1114	47.05000	15.75000
2865638	Neuenkirchen		DE	Niedersachsen	ort		1114	52.77629	8.75044
2937860	Deuna		DE	Thüringen	ort		1114	51.35450	10.47439
2766683	Sankt Gilgen		AT	Salzburg	ort		1113	47.76667	13.36667
2806847	Wolferstadt		DE	Bayern	ort		1113	48.90352	10.78129
2808189	Windhausen		DE	Niedersachsen	ort		1113	51.78544	10.21218
2872124	Meitzendorf		DE	Sachsen-Anhalt	ort		1113	52.21308	11.56174
2766509	Sankt Martin im Mühlkreis		AT	Oberösterreich	ort		1111	48.41553	14.03821
2775203	Inzersdorf im Kremstal		AT	Oberösterreich	ort		1111	47.92808	14.08104
2846811	Riethnordhausen		DE	Thüringen	ort		1111	51.08333	11.00000
2864059	Neustadt am Rennsteig		DE	Thüringen	ort		1111	50.58216	10.93323
2883961	Kriegsfeld		DE	Rheinland-Pfalz	ort		1111	49.70992	7.91687
2887812	Klieken		DE	Sachsen-Anhalt	ort		1111	51.88806	12.37070
2934541	Dunum		DE	Niedersachsen	ort		1111	53.60000	7.65000
2769738	Oberschützen		AT	Burgenland	ort		1110	47.35138	16.20732
2948759	Binsfeld		DE	Rheinland-Pfalz	ort		1110	49.96667	6.71667
2781629	Bodensdorf		AT	Kärnten	ort		1109	46.69111	13.97111
3319572	Ellbögen		AT	Tirol	ort		1109	47.16667	11.45000
2943945	Brockum		DE	Niedersachsen	ort		1109	52.46667	8.41667
2953088	Balje		DE	Niedersachsen	ort		1109	53.83333	9.13333
2777871	Großebersdorf		AT	Niederösterreich	ort		1108	48.36405	16.47076
2658936	Rue		CH	Freiburg	ort		1108	46.61916	6.82225
2660874	Erlach		CH	Bern	ort		1108	47.04220	7.09728
2806310	Wolsdorf		DE	Niedersachsen	ort		1108	52.19098	10.93878
2831344	Sommersdorf		DE	Sachsen-Anhalt	ort		1108	52.16667	11.08333
2925558	Frankenstein		DE	Rheinland-Pfalz	ort		1108	49.44015	7.97744
2944781	Breitbrunn		DE	Bayern	ort		1108	50.01667	10.70000
2771618	Michelhausen		AT	Niederösterreich	ort		1107	48.29085	15.93893
2781730	Bizau		AT	Vorarlberg	ort		1107	47.36906	9.92839
2781972	Barwies		AT	Tirol	ort		1107	47.30000	10.96667
6294318	Hinteregg		CH	Zürich	ort		1107	47.30736	8.68339
6294594	Kindhausen / Kindhausen (Dorf)		CH	Zürich	stadtteil	Zürich	1107	47.40644	8.68296
2954120	Auhausen		DE	Bayern	ort		1107	49.00790	10.62240
2761192	Wilfleinsdorf		AT	Niederösterreich	ort		1106	48.01667	16.71667
2660386	Heitenried		CH	Freiburg	ort		1106	46.82762	7.29944
2821450	Trebendorf		DE	Sachsen	ort		1106	51.53333	14.56667
2900027	Holzappel		DE	Rheinland-Pfalz	ort		1106	50.35000	7.90000
2955914	Antdorf		DE	Bayern	ort		1106	47.75133	11.30845
2874212	Mainzweiler		DE	Saarland	ort		1105	49.41714	7.11804
2769236	Parschlug		AT	Steiermark	ort		1104	47.48090	15.28645
3323971	Hinterglemm		AT	Salzburg	ort		1104	47.37685	12.59583
2659903	Le Vaud		CH	Waadt	ort		1104	46.47753	6.23603
2659939	Les Bois		CH	Jura	ort		1104	47.17715	6.90498
2810763	Werpeloh		DE	Niedersachsen	ort		1104	52.87207	7.50831
2901783	Hohenfelde		DE	Schleswig-Holstein	ort		1104	54.36667	10.50000
2767743	Reichraming		AT	Oberösterreich	ort		1103	47.88333	14.45000
2770689	Neusiedl		AT	Niederösterreich	ort		1103	47.88769	15.96313
6290552	Obfelden / Oberlunnern		CH	Zürich	stadtteil	Zürich	1103	47.26197	8.41588
2808263	Windeby		DE	Schleswig-Holstein	ort		1103	54.45971	9.78474
2812095	Weisen		DE	Brandenburg	ort		1103	53.02518	11.78710
2905652	Herrngiersdorf		DE	Bayern	ort		1103	48.78863	12.07200
2906078	Heringsdorf		DE	Schleswig-Holstein	ort		1103	54.30100	11.00658
2915238	Großnaundorf		DE	Sachsen	ort		1103	51.20000	13.93333
2939972	Clingen		DE	Thüringen	ort		1103	51.23206	10.93281
2768976	Pfaffenhofen		AT	Tirol	ort		1102	47.30000	11.08333
2833330	Seinsheim		DE	Bayern	ort		1102	49.64073	10.22038
2950626	Bergen		DE	Sachsen	ort		1102	50.47100	12.27448
2765715	Schönberg im Stubaital		AT	Tirol	ort		1101	47.18333	11.41667
2847708	Rhade		DE	Niedersachsen	ort		1101	53.32872	9.11350
2858241	Ockenfels		DE	Rheinland-Pfalz	ort		1101	50.57610	7.27535
2875027	Lürschau		DE	Schleswig-Holstein	ort		1101	54.55000	9.50000
2935817	Dormettingen		DE	Baden-Württemberg	ort		1101	48.23688	8.77327
2768159	Rabensburg		AT	Niederösterreich	ort		1100	48.65000	16.90000
6946577	Aire-la-Ville		CH	Genf	ort		1100	46.19057	6.04287
2659348	Oberschrot		CH	Freiburg	ort		1099	46.74126	7.28149
2887302	Klüsserath		DE	Rheinland-Pfalz	ort		1099	49.84500	6.85086
2952324	Barwedel		DE	Niedersachsen	ort		1099	52.52192	10.77488
2826088	Straupitz		DE	Brandenburg	ort		1098	51.91357	14.12275
2777210	Gutau		AT	Oberösterreich	ort		1097	48.41724	14.61285
2777616	Grossraming		AT	Oberösterreich	ort		1097	47.88333	14.55000
2821956	Tolk		DE	Schleswig-Holstein	ort		1097	54.57987	9.63844
2850266	Raßnitz		DE	Sachsen-Anhalt	ort		1097	51.39085	12.09406
2869882	Mönchhagen		DE	Mecklenburg-Vorpommern	ort		1097	54.15146	12.21670
2772960	Lans		AT	Tirol	ort		1096	47.23833	11.43139
2807558	Wirdum		DE	Niedersachsen	ort		1096	53.47667	7.20594
2865219	Neuharlingersiel		DE	Niedersachsen	stadtteil		1096	53.69993	7.70288
2876714	Löberitz		DE	Sachsen-Anhalt	ort		1096	51.65393	12.14655
2915357	Groß Laasch		DE	Mecklenburg-Vorpommern	ort		1096	53.34646	11.54919
2951732	Bechtsrieth		DE	Bayern	ort		1096	49.64487	12.20997
2778422	Gniebing		AT	Steiermark	ort		1095	46.96252	15.85645
2830620	Spergau		DE	Sachsen-Anhalt	ort		1095	51.29347	12.02292
2895226	Jameln		DE	Niedersachsen	ort		1095	53.05000	11.08333
2928821	Essel		DE	Niedersachsen	ort		1095	52.69131	9.64141
2956781	Alt Wallmoden		DE	Niedersachsen	ort		1095	52.01933	10.30294
2770649	Neutal		AT	Burgenland	ort		1094	47.54548	16.44619
2771910	Maria Saal		AT	Kärnten	ort		1094	46.68083	14.34861
6290802	Kleinandelfingen		CH	Zürich	ort		1094	47.60058	8.68362
2847433	Rickert		DE	Schleswig-Holstein	ort		1094	54.33333	9.66667
3209281	Hiddensee		DE	Mecklenburg-Vorpommern	ort		1094	54.56689	13.10411
2763381	Treibach		AT	Kärnten	ort		1093	46.86667	14.46667
2769182	Payerbach		AT	Niederösterreich	ort		1093	47.69209	15.86340
2769458	Ohlsdorf		AT	Oberösterreich	ort		1093	47.96073	13.79145
2658124	Villaz-Saint-Pierre		CH	Freiburg	ort		1093	46.72074	6.95638
2806489	Wolken		DE	Rheinland-Pfalz	ort		1093	50.33333	7.46667
2842033	Sandau		DE	Sachsen-Anhalt	ort		1093	52.78968	12.04582
2930205	Engelthal		DE	Bayern	ort		1093	49.47181	11.39943
2946098	Bornich		DE	Rheinland-Pfalz	ort		1093	50.12687	7.76580
2949765	Betheln		DE	Niedersachsen	ort		1093	52.11431	9.79397
2777148	Habach		AT	Salzburg	ort		1092	47.81753	13.16252
2658324	Trélex		CH	Waadt	ort		1092	46.41538	6.20813
2778834	Gaschurn		AT	Vorarlberg	ort		1091	46.98584	10.02702
2825225	Suddendorf		DE	Niedersachsen	ort		1091	52.30096	7.22572
2855032	Peißen		DE	Sachsen-Anhalt	ort		1091	51.50265	12.05737
2863444	Niederfell		DE	Rheinland-Pfalz	ort		1091	50.28333	7.46667
2871067	Milz		DE	Thüringen	ort		1091	50.37760	10.53757
2915434	Großkayna		DE	Sachsen-Anhalt	ort		1091	51.29068	11.93269
2780859	Dölsach		AT	Tirol	ort		1090	46.82833	12.84528
6291714	Regensdorf / Obstgarten		CH	Zürich	stadtteil	Zürich	1090	47.42772	8.46566
2872056	Mellinghausen		DE	Niedersachsen	ort		1090	52.70697	8.89704
3208006	Riedenberg		DE	Bayern	ort		1090	50.31993	9.86100
2763267	Tulfes		AT	Tirol	ort		1089	47.25806	11.53333
2766951	Ruprechtshofen		AT	Niederösterreich	ort		1089	48.13648	15.27675
2780014	Enzersfeld		AT	Niederösterreich	ort		1089	48.36338	16.42387
6295494	Zürich (Kreis 1) / City		CH	Zürich	stadtteil	Zürich	1089	47.37269	8.53576
2846072	Roden		DE	Bayern	ort		1089	49.89556	9.62639
2865325	Neufraunhofen		DE	Bayern	ort		1089	48.40000	12.21667
2885407	Körperich		DE	Rheinland-Pfalz	ort		1089	49.92449	6.25973
2904906	Heyersum		DE	Niedersachsen	ort		1089	52.15678	9.81265
2915131	Groß Rodensleben		DE	Sachsen-Anhalt	ort		1089	52.12139	11.38367
2946034	Borrentin		DE	Mecklenburg-Vorpommern	ort		1089	53.80968	12.96718
2954069	Auleben		DE	Thüringen	ort		1089	51.42640	10.92968
2959660	Achslach		DE	Bayern	ort		1089	48.97171	12.93511
2844042	Rothenfels		DE	Bayern	ort		1088	49.89135	9.59260
2847558	Rhodt unter Rietburg		DE	Rheinland-Pfalz	ort		1088	49.26972	8.10778
2852857	Polleben		DE	Sachsen-Anhalt	ort		1088	51.57966	11.59931
2949538	Beutelsbach		DE	Bayern	ort		1088	48.55000	13.11667
2779296	Freidorf an der Laßnitz		AT	Steiermark	ort		1087	46.81667	15.25000
2811187	Wendorf		DE	Mecklenburg-Vorpommern	ort		1087	54.25540	13.07682
2856562	Osterhausen		DE	Sachsen-Anhalt	ort		1087	51.45417	11.50456
2897800	Hülsede		DE	Niedersachsen	ort		1087	52.24951	9.36147
2766439	Sankt Peter-Freienstein		AT	Steiermark	ort		1086	47.38333	15.01667
2767452	Riefensberg		AT	Vorarlberg	ort		1086	47.50137	9.95838
2813480	Weddersleben		DE	Sachsen-Anhalt	ort		1086	51.76533	11.08531
2894576	Jühnde		DE	Niedersachsen	ort		1086	51.46667	9.80000
2938030	Derschen		DE	Rheinland-Pfalz	ort		1086	50.71667	7.98333
2773066	Landegg		AT	Niederösterreich	ort		1085	47.90000	16.40000
2840337	Scharfenstein		DE	Sachsen	ort		1085	50.70405	13.05654
2770548	Niederneukirchen		AT	Oberösterreich	ort		1083	48.16093	14.33965
6692414	St. Martin of Tennengebirge		AT	Salzburg	ort		1083	47.46500	13.37761
2815987	Vorwerk		DE	Niedersachsen	ort		1083	53.18333	9.15000
2824379	Tagmersheim		DE	Bayern	ort		1083	48.81667	10.96667
2847765	Reuth		DE	Sachsen	ort		1083	50.61667	12.21667
2868222	Mühlen Eichsen		DE	Mecklenburg-Vorpommern	ort		1083	53.75775	11.25006
2906759	Hellwege		DE	Niedersachsen	ort		1083	53.07346	9.23566
2924628	Friedrichsbrunn		DE	Sachsen-Anhalt	ort		1083	51.69028	11.03737
2770815	Neudorf bei Staatz		AT	Niederösterreich	ort		1082	48.72083	16.49139
2820178	Ummendorf		DE	Sachsen-Anhalt	ort		1082	52.15645	11.18151
2919794	Glöthe		DE	Sachsen-Anhalt	ort		1082	51.91000	11.67471
2937115	Dieterskirchen		DE	Bayern	ort		1082	49.41667	12.41667
2943851	Brokdorf		DE	Schleswig-Holstein	ort		1082	53.86380	9.32314
2761572	Weisskirchen an der Traun		AT	Oberösterreich	ort		1081	48.16202	14.12395
2766602	Sankt Leonhard		AT	Salzburg	ort		1081	47.72587	13.04577
3324597	Rain		AT	Kärnten	ort		1081	46.60528	14.38611
2814266	Wangerooge		DE	Niedersachsen	ort		1081	53.79002	7.89938
2850718	Rambin		DE	Mecklenburg-Vorpommern	ort		1081	54.35566	13.20445
2861774	Nostorf		DE	Mecklenburg-Vorpommern	ort		1081	53.40656	10.65408
2942048	Bufleben		DE	Thüringen	ort		1081	51.00000	10.73333
2658039	Wegenstetten		CH	Aargau	ort		1080	47.49797	7.93141
2659878	Linthal		CH	Glarus	ort		1080	46.92127	8.99799
2811870	Weißenohe		DE	Bayern	ort		1080	49.63089	11.25369
2845540	Rohrsen		DE	Niedersachsen	ort		1080	52.71078	9.23139
2917157	Grolsheim		DE	Rheinland-Pfalz	ort		1080	49.90834	7.91599
2952330	Barver		DE	Niedersachsen	ort		1080	52.62066	8.59251
2864613	Neulewin		DE	Brandenburg	ort		1079	52.72434	14.27922
2911910	Haina		DE	Thüringen	ort		1079	50.98971	10.51774
3207699	Ediger-Eller		DE	Rheinland-Pfalz	ort		1079	50.11667	7.15000
2763209	Übelbach		AT	Steiermark	ort		1078	47.22534	15.23615
6294532	Schwerzenbach / Blatten		CH	Zürich	stadtteil	Zürich	1078	47.38308	8.64954
2867555	Münster		DE	Bayern	ort		1078	48.22904	10.63623
2875427	Lüdersfeld		DE	Niedersachsen	ort		1078	52.35993	9.25422
2780452	Edelschrott		AT	Steiermark	ort		1077	47.02156	15.05266
2660125	Knonau		CH	Zürich	ort		1077	47.22350	8.46197
6294491	Mönchaltorf / Dorf		CH	Zürich	stadtteil	Zürich	1077	47.30401	8.72211
2779594	Fiecht		AT	Tirol	ort		1076	47.35000	11.70000
6291325	Grossacker/Opfikon		CH	Zürich	ort		1076	47.42696	8.57886
2831479	Soltendieck		DE	Niedersachsen	ort		1076	52.87369	10.76162
2910283	Harsdorf		DE	Bayern	ort		1076	50.03333	11.56667
2772592	Lermoos		AT	Tirol	ort		1075	47.40358	10.88070
2660187	Kappelen		CH	Bern	ort		1075	47.06015	7.26860
2823968	Markt Taschendorf		DE	Bayern	ort		1075	49.70111	10.55557
2938976	Dannewerk		DE	Schleswig-Holstein	ort		1075	54.48333	9.50000
2955025	Asselfingen		DE	Baden-Württemberg	ort		1075	48.52959	10.19166
2773866	Kobersdorf		AT	Burgenland	ort		1074	47.59572	16.39173
2803875	Zöschen		DE	Sachsen-Anhalt	ort		1074	51.35802	12.11652
2891814	Kellenhusen		DE	Schleswig-Holstein	ort		1074	54.19338	11.06165
2814043	Warnow		DE	Mecklenburg-Vorpommern	ort		1073	53.78580	11.88106
2867582	Munkbrarup		DE	Schleswig-Holstein	ort		1073	54.80000	9.56667
2880310	Laubach		DE	Rheinland-Pfalz	ort		1073	50.23277	7.07333
2922539	Garlstorf		DE	Niedersachsen	ort		1073	53.23728	10.10137
2929610	Erkerode		DE	Niedersachsen	ort		1073	52.20485	10.70982
2767979	Ranggen		AT	Tirol	ort		1072	47.25727	11.21120
2779033	Gailitz		AT	Kärnten	ort		1072	46.56083	13.70444
2841523	Sankt Margarethen		DE	Schleswig-Holstein	ort		1072	53.89199	9.25301
2860948	Oberelbert		DE	Rheinland-Pfalz	ort		1072	50.39167	7.81722
2659095	Elsau-Räterschen / Räterschen		CH	Zürich	stadtteil	Winterthur	1071	47.49927	8.79600
2843318	Rugendorf		DE	Bayern	ort		1071	50.20000	11.46667
2862697	Niederzimmern		DE	Thüringen	ort		1071	51.00476	11.19028
2925548	Frankenthal		DE	Sachsen	ort		1071	51.13129	14.10893
2782259	Au		AT	Vorarlberg	ort		1070	47.32176	9.98067
2898081	Huede		DE	Niedersachsen	ort		1070	52.49588	8.35804
2945561	Brahmenau		DE	Thüringen	ort		1070	50.92359	12.15886
2765917	Schleedorf		AT	Salzburg	ort		1069	47.95000	13.15000
2776595	Heiligenblut		AT	Kärnten	ort		1069	47.03979	12.84345
2659126	Pura		CH	Tessin	ort		1069	45.98647	8.86877
2843177	Ruhwinkel		DE	Schleswig-Holstein	ort		1069	54.10000	10.21667
2858437	Oberzissen		DE	Rheinland-Pfalz	ort		1069	50.45000	7.20000
2872102	Melchow		DE	Brandenburg	ort		1069	52.77613	13.70647
2873159	Martensrade		DE	Schleswig-Holstein	ort		1069	54.28333	10.40000
2918393	Grabsleben		DE	Thüringen	ort		1069	50.93633	10.83508
2658332	Trachselwald		CH	Bern	ort		1068	47.01699	7.73639
2659493	Neudorf		CH	Luzern	ort		1068	47.17699	8.20911
2926385	Flammersfeld		DE	Rheinland-Pfalz	ort		1068	50.64711	7.52713
2763915	Tannheim		AT	Tirol	ort		1067	47.49934	10.51641
2944431	Brekendorf		DE	Schleswig-Holstein	ort		1067	54.42120	9.63350
2761720	Weikersdorf am Steinfelde		AT	Niederösterreich	ort		1066	47.80612	16.14389
2776593	Heiligeneich		AT	Niederösterreich	ort		1066	48.29964	15.89413
6291286	Birchwil		CH	Zürich	ort		1066	47.45431	8.63477
2909325	Haßleben		DE	Thüringen	ort		1066	51.10878	10.99637
2920969	Gerolfingen		DE	Bayern	ort		1066	49.05340	10.51151
2780514	Eberstalzell		AT	Oberösterreich	ort		1065	48.04392	13.98319
6695938	Stetten		CH	Schaffhausen	ort		1065	47.74025	8.66298
2824609	Süplingen		DE	Sachsen-Anhalt	ort		1065	52.28759	11.32450
2895995	Ingersleben		DE	Thüringen	ort		1065	50.92167	10.93646
2899093	Horben		DE	Baden-Württemberg	ort		1065	47.93333	7.86667
2934747	Dudeldorf		DE	Rheinland-Pfalz	ort		1065	49.97494	6.63724
2782233	Audorf		AT	Oberösterreich	ort		1064	48.21810	14.27931
6294411	Greifensee / Müllerwis / Seilerwis		CH	Zürich	stadtteil	Zürich	1064	47.37042	8.68151
2821022	Trollenhagen		DE	Mecklenburg-Vorpommern	ort		1064	53.60706	13.29103
2915164	Groß Quenstedt		DE	Sachsen-Anhalt	ort		1064	51.93333	11.11667
2952702	Bärenstein		DE	Sachsen	ort		1064	50.80125	13.79771
2779828	Falkenburg		AT	Steiermark	ort		1063	47.50000	14.08333
2849467	Regesbostel		DE	Niedersachsen	ort		1063	53.38333	9.65000
2905044	Heuerßen		DE	Niedersachsen	ort		1063	52.32946	9.27718
2954012	Aura im Sinngrund		DE	Bayern	ort		1063	50.17819	9.57547
2775187	Irrsdorf		AT	Salzburg	ort		1062	47.96667	13.28333
2657967	Wittnau		CH	Aargau	ort		1062	47.48139	7.97577
2660519	Gravesano		CH	Tessin	ort		1062	46.04208	8.91832
2810559	Weste		DE	Niedersachsen	ort		1062	53.05943	10.70283
2813624	Wattmannshagen		DE	Mecklenburg-Vorpommern	ort		1062	53.77590	12.40701
2822029	Todendorf		DE	Schleswig-Holstein	ort		1062	53.69461	10.34781
2825577	Struvenhütten		DE	Schleswig-Holstein	ort		1062	53.86667	10.05000
2845744	Rohr		DE	Thüringen	ort		1062	50.57644	10.49725
2873126	Martinsheim		DE	Bayern	ort		1062	49.62350	10.14879
2941053	Burgwerben		DE	Sachsen-Anhalt	ort		1062	51.22270	11.98396
2782435	Ardagger Stift		AT	Niederösterreich	ort		1061	48.15000	14.83333
2809587	Wiedensahl		DE	Niedersachsen	ort		1061	52.38385	9.12019
2859040	Oberseifersdorf		DE	Sachsen	ort		1061	50.94314	14.80389
2942706	Buchbrunn		DE	Bayern	ort		1061	49.75981	10.13686
2950630	Bergen		DE	Bayern	ort		1061	49.07347	11.11400
2767768	Reichenfels		AT	Kärnten	ort		1060	47.00718	14.74425
2659666	Mézières		CH	Freiburg	ort		1060	46.67958	6.92630
6294257	Dübendorf / Wasserfurren		CH	Zürich	stadtteil	Zürich	1060	47.39352	8.60850
2769562	Öblarn		AT	Steiermark	ort		1059	47.45938	13.99023
2770071	Oberhart		AT	Oberösterreich	ort		1059	48.18464	14.05497
2658513	Staffelbach		CH	Aargau	ort		1059	47.28395	8.04208
2808279	Windberg		DE	Bayern	ort		1059	48.94285	12.74620
2824730	Sulzheim		DE	Rheinland-Pfalz	ort		1059	49.84306	8.09167
2905468	Herzhorn		DE	Schleswig-Holstein	ort		1059	53.78333	9.48333
2939532	Dachsenhausen		DE	Rheinland-Pfalz	ort		1059	50.25415	7.72725
6692403	Lockenhaus		AT	Burgenland	ort		1058	47.40753	16.41623
2659088	Rechthalten		CH	Freiburg	ort		1058	46.76766	7.24028
2661318	Burgistein		CH	Bern	ort		1058	46.78464	7.49988
2816734	Voigtstedt		DE	Thüringen	ort		1058	51.39169	11.30888
2829731	Stadum		DE	Schleswig-Holstein	ort		1058	54.73333	9.05000
2870628	Mittelneufnach		DE	Bayern	ort		1058	48.17642	10.59754
2923626	Fürsteneck		DE	Bayern	ort		1058	48.71667	13.46667
2944146	Briedel		DE	Rheinland-Pfalz	ort		1058	50.01667	7.15000
2661098	Courgevaux		CH	Freiburg	ort		1057	46.90648	7.11215
2867402	Müschenbach		DE	Rheinland-Pfalz	ort		1057	50.68333	7.78333
2781331	Brunn		AT	Steiermark	ort		1056	46.72944	15.30000
2816524	Volxheim		DE	Rheinland-Pfalz	ort		1056	49.81667	7.93333
2820122	Ungerhausen		DE	Bayern	ort		1056	48.00566	10.26672
2832264	Siggelkow		DE	Mecklenburg-Vorpommern	ort		1056	53.38742	11.93802
2832743	Siebeldingen		DE	Rheinland-Pfalz	ort		1056	49.20889	8.05139
2863505	Niederdürenbach		DE	Rheinland-Pfalz	ort		1056	50.45000	7.18333
2874007	Mammelzen		DE	Rheinland-Pfalz	ort		1056	50.70000	7.66667
2915143	Groß Rheide		DE	Schleswig-Holstein	ort		1056	54.44154	9.43508
3205437	Apfeldorf		DE	Bayern	ort		1056	47.90000	10.93333
2773680	Köstendorf		AT	Salzburg	ort		1055	47.95000	13.20000
2945807	Bötersen		DE	Niedersachsen	ort		1055	53.13333	9.31667
2762097	Wagram		AT	Oberösterreich	ort		1054	48.23828	14.22996
2765232	Seewalchen		AT	Salzburg	ort		1054	47.90000	13.13333
2770749	Neuhofen an der Ybbs		AT	Niederösterreich	ort		1054	48.05795	14.85489
2782700	Altenberg bei Linz		AT	Oberösterreich	ort		1054	48.37284	14.35029
2808241	Winden		DE	Rheinland-Pfalz	ort		1054	49.09778	8.11694
2846946	Riepsdorf		DE	Schleswig-Holstein	ort		1054	54.22611	10.97242
2882167	Kyllburg		DE	Rheinland-Pfalz	ort		1054	50.03864	6.59478
2917846	Grebin		DE	Schleswig-Holstein	ort		1054	54.20000	10.50000
2657926	Zernez		CH	Graubünden	ort		1053	46.69862	10.09268
2820452	Uenglingen		DE	Sachsen-Anhalt	ort		1053	52.61797	11.80893
2821408	Trechtingshausen		DE	Rheinland-Pfalz	ort		1053	50.01031	7.84709
2825077	Süderstapel		DE	Schleswig-Holstein	ort		1053	54.34967	9.21907
2816503	Vorbach		DE	Bayern	ort		1052	49.82136	11.73625
2881226	Langenbach bei Marienberg		DE	Rheinland-Pfalz	ort		1052	50.63806	7.94787
2946481	Bonefeld		DE	Rheinland-Pfalz	ort		1052	50.52388	7.48932
2831787	Sitzendorf		DE	Thüringen	ort		1051	50.63182	11.17215
2859423	Oberpleichfeld		DE	Bayern	ort		1051	49.87694	10.08682
2878693	Leonberg		DE	Bayern	ort		1051	49.94708	12.28520
2948810	Binnen		DE	Niedersachsen	ort		1051	52.61667	9.13333
2949160	Biendorf		DE	Mecklenburg-Vorpommern	ort		1051	54.07520	11.70127
2764870	Sooss		AT	Niederösterreich	ort		1050	47.98464	16.21737
3322815	Walserfeld		AT	Salzburg	ort		1050	47.79222	12.98000
11593207	Hinterberg		AT	Steiermark	ort		1050	47.36066	15.06951
2807020	Wohnbach		DE	Hessen	ort		1050	50.42864	8.82923
2899202	Hopferau		DE	Bayern	ort		1050	47.61667	10.63333
2925162	Freienbessingen		DE	Thüringen	ort		1050	51.23333	10.76667
2935041	Drentwede		DE	Niedersachsen	ort		1050	52.74388	8.56504
2779868	Faak am See		AT	Kärnten	ort		1049	46.56806	13.90972
2660036	Langenbruck		CH	Basel-Landschaft	ort		1049	47.34917	7.76802
2847887	Reußen		DE	Sachsen-Anhalt	ort		1049	51.50109	12.13044
2851631	Puschwitz		DE	Sachsen	ort		1049	51.25501	14.30111
2859800	Obermehler		DE	Thüringen	ort		1049	51.26996	10.59754
2861698	Nudersdorf		DE	Sachsen-Anhalt	ort		1049	51.93025	12.59554
2868010	Mühlhausen		DE	Baden-Württemberg	ort		1049	48.57661	9.65733
2896189	Imsbach		DE	Rheinland-Pfalz	ort		1049	49.58333	7.88333
2944627	Breitenburg		DE	Schleswig-Holstein	ort		1049	53.90572	9.57041
2782319	Asparn an der Zaya		AT	Niederösterreich	ort		1048	48.58333	16.50000
2658479	Stettfurt		CH	Thurgau	ort		1048	47.52588	8.95317
2833754	Seehof		DE	Mecklenburg-Vorpommern	ort		1048	53.69249	11.43256
2859010	Obersinn		DE	Bayern	ort		1048	50.20875	9.61545
2926252	Flessau		DE	Sachsen-Anhalt	ort		1048	52.75996	11.67093
2939482	Dägeling		DE	Schleswig-Holstein	ort		1048	53.88333	9.53333
2946583	Bolsterlang		DE	Bayern	ort		1048	47.46667	10.23333
2769836	Pettnau		AT	Tirol	ort		1047	47.29204	11.15962
2778154	Grafendorf bei Hartberg		AT	Steiermark	ort		1047	47.34028	15.99060
2854992	Pelm		DE	Rheinland-Pfalz	ort		1047	50.23188	6.69076
2906130	Heretsried		DE	Bayern	ort		1047	48.45972	10.73601
3322885	Lehen		AT	Salzburg	ort		1046	47.87083	13.01722
2812148	Weinsheim		DE	Rheinland-Pfalz	ort		1046	50.23333	6.46667
2849710	Rechtenbach		DE	Bayern	ort		1046	49.98306	9.50833
2906256	Hepstedt		DE	Niedersachsen	ort		1046	53.25874	9.08209
2918253	Grafhorst		DE	Niedersachsen	ort		1046	52.44482	10.94513
2918398	Grabowhöfe		DE	Mecklenburg-Vorpommern	ort		1046	53.56865	12.59482
2943292	Brumby		DE	Sachsen-Anhalt	ort		1046	51.89635	11.71751
2944945	Breddin		DE	Brandenburg	ort		1046	52.88560	12.22366
2762207	Vordernberg		AT	Steiermark	ort		1045	47.48809	14.99436
6950966	Bad Waltersdorf		AT	Steiermark	ort		1045	47.16960	16.00870
2822941	Thanstein		DE	Bayern	ort		1045	49.38333	12.46667
2824393	Täferrot		DE	Baden-Württemberg	ort		1045	48.84972	9.83824
2926137	Flomborn		DE	Rheinland-Pfalz	ort		1045	49.69056	8.14917
2817668	Veltheim		DE	Niedersachsen	ort		1044	52.21874	10.68327
2829582	Stammham		DE	Bayern	ort		1044	48.25000	12.88333
2917466	Gries		DE	Rheinland-Pfalz	ort		1044	49.41667	7.40000
2929314	Ernstroda		DE	Thüringen	ort		1044	50.86484	10.62056
2937906	Dettighofen		DE	Baden-Württemberg	ort		1044	47.62333	8.48512
3207697	Dreikirchen		DE	Rheinland-Pfalz	ort		1044	50.43333	7.95000
2770619	Niederau		AT	Tirol	ort		1043	47.45000	12.08333
2771408	Mitterndorf im Steirischen Salzkammergut		AT	Steiermark	ort		1043	47.55556	13.93187
2832835	Seyda		DE	Sachsen-Anhalt	ort		1043	51.88163	12.90812
2833495	Sehlde		DE	Niedersachsen	ort		1043	52.03887	10.26569
2846593	Ringleben		DE	Thüringen	ort		1043	51.36667	11.21667
2848017	Retschow		DE	Mecklenburg-Vorpommern	ort		1043	54.04552	11.87780
2871654	Mesekenhagen		DE	Mecklenburg-Vorpommern	ort		1043	54.14846	13.31843
2888015	Kleinwenden		DE	Thüringen	ort		1043	51.41611	10.65902
2893516	Kaltenwestheim		DE	Thüringen	ort		1043	50.60991	10.11692
3207753	Kirchwald		DE	Rheinland-Pfalz	ort		1043	50.36667	7.15000
2773341	Krumbach		AT	Vorarlberg	ort		1042	47.48306	9.93583
2865945	Neudorf-Bornstein		DE	Schleswig-Holstein	ort		1042	54.43333	9.95000
2919197	Golmbach		DE	Niedersachsen	ort		1042	51.90000	9.55000
2771023	Münzbach		AT	Oberösterreich	ort		1041	48.26737	14.71009
6291226	Höri		CH	Zürich	ort		1041	47.50799	8.51203
2820322	Uehrde		DE	Niedersachsen	ort		1041	52.09902	10.76523
2911683	Halbemond		DE	Niedersachsen	ort		1041	53.56710	7.29038
2913905	Gückingen		DE	Rheinland-Pfalz	ort		1041	50.39091	8.00726
2944443	Breitscheidt		DE	Rheinland-Pfalz	ort		1041	50.75000	7.65000
2944710	Breitenbach		DE	Thüringen	ort		1041	50.68895	10.49148
2781196	Burgau		AT	Steiermark	ort		1040	47.14268	16.09643
2658410	Tegerfelden		CH	Aargau	ort		1040	47.55809	8.28914
6293652	Uetikon / Grossdorf		CH	Zürich	stadtteil	Zürich	1040	47.26654	8.67765
6295186	Kollbrunn / Kollbrunn (Dorfkern)		CH	Zürich	stadtteil	Winterthur	1040	47.45748	8.77413
2822017	Todesfelde		DE	Schleswig-Holstein	ort		1040	53.90000	10.18333
2851980	Prittitz		DE	Sachsen-Anhalt	ort		1040	51.14996	11.93020
2853113	Plötzky		DE	Sachsen-Anhalt	ort		1040	52.05207	11.80202
2895000	Jerrishoe		DE	Schleswig-Holstein	ort		1040	54.65670	9.36918
2925047	Freisbach		DE	Rheinland-Pfalz	ort		1040	49.27167	8.27194
2760430	Zwentendorf		AT	Niederösterreich	ort		1039	48.34530	15.91026
2925079	Frei-Laubersheim		DE	Rheinland-Pfalz	ort		1039	49.80000	7.90000
6291682	Regensdorf / Hofacher-Geeren		CH	Zürich	stadtteil	Zürich	1038	47.43525	8.46240
3208543	Emmelsbüll-Horsbüll		DE	Schleswig-Holstein	ort		1038	54.81667	8.70000
3321838	Neue Heimat		AT	Oberösterreich	ort		1037	48.24565	13.04172
2660960	Dürrenroth		CH	Bern	ort		1037	47.08953	7.79170
2808251	Windelsbach		DE	Bayern	ort		1037	49.40000	10.30000
2821555	Trappstadt		DE	Bayern	ort		1037	50.31880	10.56995
2873049	Masburg		DE	Rheinland-Pfalz	ort		1037	50.24065	7.11736
2876510	Loddin		DE	Mecklenburg-Vorpommern	ort		1037	54.02252	14.00754
2880573	Langstedt		DE	Schleswig-Holstein	ort		1037	54.61667	9.38333
2915252	Großmonra		DE	Thüringen	ort		1037	51.21299	11.29578
2947299	Bockhorst		DE	Niedersachsen	ort		1037	53.03296	7.57576
3208557	Mohrkirch		DE	Schleswig-Holstein	ort		1037	54.66667	9.71667
2768357	Prellenkirchen		AT	Niederösterreich	ort		1036	48.07401	16.95233
11612285	Puchlkirchen am Trattberg		AT	Oberösterreich	ort		1036	48.04478	13.57198
2661612	Bäriswil		CH	Bern	ort		1036	47.01947	7.52709
2822684	Thomm		DE	Rheinland-Pfalz	ort		1036	49.74140	6.80492
2831942	Sindelsdorf		DE	Bayern	ort		1036	47.72458	11.33295
12110940	Hauptbahnhof		DE	Niedersachsen	stadtteil	Braunschweig	1036	52.24999	10.55041
2774016	Kleinsöding		AT	Steiermark	ort		1035	47.00000	15.28333
2775743	Hoheneich		AT	Niederösterreich	ort		1035	48.77195	15.02857
2776461	Hetzendorf		AT	Steiermark	ort		1035	47.18333	14.68333
8261469	Unternberg		AT	Salzburg	ort		1035	47.11269	13.74261
2870312	Mixdorf		DE	Brandenburg	ort		1035	52.20000	14.40000
2936366	Dollerup		DE	Schleswig-Holstein	ort		1035	54.77798	9.67981
2764381	Stephanshart		AT	Niederösterreich	ort		1034	48.15000	14.81667
2905915	Hermsdorf		DE	Sachsen	ort		1034	50.92338	13.73480
11903844	Steinfeld		AT	Oberösterreich	ort		1033	47.71254	13.63260
6293333	Küsnacht / Schiedhalden		CH	Zürich	stadtteil	Zürich	1033	47.32112	8.58881
2806285	Woltersdorf		DE	Niedersachsen	ort		1033	52.95000	11.21667
2821400	Treffelstein		DE	Bayern	ort		1033	49.42246	12.61574
2851450	Quellendorf		DE	Sachsen-Anhalt	ort		1033	51.74916	12.12796
2852418	Pottum		DE	Rheinland-Pfalz	ort		1033	50.60000	8.00000
2915318	Großlittgen		DE	Rheinland-Pfalz	ort		1033	50.02787	6.79865
2760895	Wolfsthal		AT	Niederösterreich	ort		1032	48.13333	17.00000
2771951	Maria Alm am Steinernen Meer		AT	Salzburg	ort		1032	47.40579	12.90121
2660965	Dürnten		CH	Zürich	ort		1032	47.27856	8.84156
2866657	Negernbötel		DE	Schleswig-Holstein	ort		1032	53.98333	10.25000
2949582	Beuna		DE	Sachsen-Anhalt	ort		1032	51.31667	11.95000
2765909	Schleinbach		AT	Niederösterreich	ort		1031	48.41992	16.47809
2660029	Langrickenbach		CH	Thurgau	ort		1031	47.59353	9.24727
2820633	Tyrlaching		DE	Bayern	ort		1031	48.06667	12.66667
2828428	Steinberg		DE	Schleswig-Holstein	ort		1031	54.76667	9.78333
2950933	Bentzin		DE	Mecklenburg-Vorpommern	ort		1031	53.94608	13.27320
2771244	Moosburg		AT	Kärnten	ort		1030	46.65750	14.17472
2771941	Maria Ellend		AT	Niederösterreich	ort		1030	48.10000	16.68333
2774035	Klein Sankt Paul		AT	Kärnten	ort		1030	46.83611	14.54139
2661435	Bottens		CH	Waadt	ort		1030	46.61596	6.66149
2942913	Bubsheim		DE	Baden-Württemberg	ort		1030	48.11667	8.83333
2780832	Doren		AT	Vorarlberg	ort		1029	47.49278	9.87972
2661593	Bauma		CH	Zürich	ort		1029	47.36745	8.87905
2845858	Roggendorf		DE	Mecklenburg-Vorpommern	ort		1029	53.69292	11.01440
2762069	Waiern		AT	Kärnten	ort		1028	46.73028	14.08194
2880211	Lauchröden		DE	Thüringen	ort		1028	50.99371	10.15694
2890874	Kindenheim		DE	Rheinland-Pfalz	ort		1028	49.61111	8.16417
2760762	Zagersdorf		AT	Burgenland	ort		1027	47.76471	16.51382
2770916	Natternbach		AT	Oberösterreich	ort		1027	48.39730	13.74965
3335088	Höf		AT	Steiermark	ort		1027	47.13401	15.49092
2815412	Wahlitz		DE	Sachsen-Anhalt	ort		1027	52.10376	11.77947
2854999	Pellingen		DE	Rheinland-Pfalz	ort		1027	49.67552	6.67085
2935095	Dreisen		DE	Rheinland-Pfalz	ort		1027	49.60333	8.01056
2766905	Sachsenburg		AT	Kärnten	ort		1026	46.82917	13.35500
11593214	Tillmitsch Links der Laßnitz		AT	Steiermark	stadtteil		1026	46.80955	15.52394
2863470	Niedererbach		DE	Rheinland-Pfalz	ort		1026	50.42610	7.97425
2887141	Knittelsheim		DE	Rheinland-Pfalz	ort		1026	49.19167	8.25139
2918324	Grafengehaig		DE	Bayern	ort		1026	50.20310	11.59358
2766514	Sankt Martin am Ybbsfelde		AT	Niederösterreich	ort		1025	48.16425	15.02076
2777677	Heimschuh		AT	Steiermark	ort		1025	46.76000	15.49306
2658287	Turtmann		CH	Wallis	ort		1025	46.30028	7.70200
2813493	Weddelbrook		DE	Schleswig-Holstein	ort		1025	53.90000	9.83333
2831269	Sondheim vor der Rhön		DE	Bayern	ort		1025	50.46510	10.15675
2862326	Nöbdenitz		DE	Thüringen	ort		1025	50.86667	12.28333
2925542	Frankenwinheim		DE	Bayern	ort		1025	49.88733	10.31432
2940259	Carpin		DE	Mecklenburg-Vorpommern	ort		1025	53.35691	13.24328
2945729	Bovenau		DE	Schleswig-Holstein	ort		1025	54.33333	9.83333
2873513	Marienrachdorf		DE	Rheinland-Pfalz	ort		1024	50.55000	7.71667
2892101	Kaub		DE	Rheinland-Pfalz	ort		1024	50.08831	7.76069
2907349	Heinade		DE	Niedersachsen	ort		1024	51.83333	9.63333
2950196	Berkenbrück		DE	Brandenburg	ort		1024	52.35000	14.15000
2765174	Selzthal		AT	Steiermark	ort		1023	47.54988	14.31201
2833491	Sehlem		DE	Niedersachsen	ort		1023	52.01236	9.97593
2931818	Eimke		DE	Niedersachsen	ort		1023	52.96601	10.31324
2764246	Stollhofen		AT	Niederösterreich	ort		1022	48.35226	15.75963
2766391	Sankt Stefan ob Leoben		AT	Steiermark	ort		1022	47.31672	14.97831
2823936	Tating		DE	Schleswig-Holstein	ort		1022	54.32607	8.70802
2859562	Obernfeld		DE	Niedersachsen	ort		1022	51.55000	10.23333
2881088	Langenfeld		DE	Bayern	ort		1022	49.61667	10.51667
2905591	Herschdorf		DE	Thüringen	ort		1022	50.71168	11.53736
2932922	Ehingen		DE	Bayern	ort		1022	48.60000	10.80000
2957516	Altenpleen		DE	Mecklenburg-Vorpommern	ort		1022	54.35456	12.95640
2764846	Spatenhof		AT	Steiermark	ort		1021	46.96250	15.36111
11746751	Untereisenfeld		AT	Oberösterreich	stadtteil		1021	48.16800	14.04100
2805261	Zangberg		DE	Bayern	ort		1021	48.27480	12.42311
2815204	Wald		DE	Bayern	ort		1021	47.97223	10.30054
2821504	Trausnitz		DE	Bayern	ort		1021	49.52114	12.26249
2852279	Preetz		DE	Mecklenburg-Vorpommern	ort		1021	54.35017	12.98936
2892996	Kapsweyer		DE	Rheinland-Pfalz	ort		1021	49.04389	8.02167
2893212	Kannawurf		DE	Thüringen	ort		1021	51.26667	11.13333
2900409	Hollingstedt		DE	Schleswig-Holstein	ort		1021	54.45934	9.33695
2917002	Großbartloff		DE	Thüringen	ort		1021	51.25000	10.21667
2933808	Echem		DE	Niedersachsen	ort		1021	53.33333	10.53333
6294531	Schwerzenbach / Chimli		CH	Zürich	stadtteil	Zürich	1020	47.38592	8.65888
2818059	Uthlede		DE	Niedersachsen	ort		1020	53.31119	8.57861
2921223	Gerach		DE	Bayern	ort		1020	50.03333	10.80000
2959475	Adenstedt		DE	Niedersachsen	ort		1020	51.99852	9.93516
2857438	Oldendorf		DE	Niedersachsen	ort		1019	53.15580	10.21431
2917776	Greimerath		DE	Rheinland-Pfalz	ort		1019	49.56155	6.68374
2943350	Brügge		DE	Schleswig-Holstein	ort		1019	54.17578	10.06913
2956789	Alt Tucheband		DE	Brandenburg	ort		1019	52.53732	14.51225
2659674	Messen		CH	Solothurn	ort		1018	47.09155	7.44528
6294276	Dübendorf / Sonnenberg		CH	Zürich	stadtteil	Zürich	1018	47.39469	8.63162
2850722	Ramberg		DE	Rheinland-Pfalz	ort		1018	49.26028	8.00833
2862357	Nister		DE	Rheinland-Pfalz	ort		1018	50.67583	7.83833
2902064	Höheischweiler		DE	Rheinland-Pfalz	ort		1018	49.23333	7.55000
2767249	Roitham		AT	Oberösterreich	ort		1017	48.02432	13.82166
2768255	Pulkau		AT	Niederösterreich	ort		1017	48.70484	15.86031
2782967	Aflenz Kurort		AT	Steiermark	ort		1017	47.54211	15.23898
2861598	Nusse		DE	Schleswig-Holstein	ort		1017	53.65654	10.58391
2952611	Bark		DE	Schleswig-Holstein	ort		1017	53.91146	10.17949
2768664	Plesching		AT	Oberösterreich	ort		1016	48.32099	14.33802
6294993	Seuzach Dorf / Breite-Weid		CH	Zürich	stadtteil	Winterthur	1016	47.53345	8.73415
3209056	Nessa		DE	Sachsen-Anhalt	ort		1016	51.14565	12.00874
2765162	Senftenberg		AT	Niederösterreich	ort		1015	48.45222	15.54452
2779704	Feistritz im Rosental		AT	Kärnten	ort		1015	46.51667	14.16667
2853052	Podelzig		DE	Brandenburg	ort		1015	52.47175	14.53465
2906490	Hendungen		DE	Bayern	ort		1015	50.39462	10.35204
2919782	Glowe		DE	Mecklenburg-Vorpommern	ort		1015	54.56911	13.46550
2769211	Patsch		AT	Tirol	ort		1014	47.20527	11.41510
2782027	Bairisch Kölldorf		AT	Steiermark	ort		1014	46.86667	15.93333
2955633	Arenshausen		DE	Thüringen	ort		1014	51.37613	9.96870
2765689	Schönering		AT	Oberösterreich	ort		1013	48.29838	14.16103
2768089	Raffelstetten		AT	Oberösterreich	ort		1013	48.23759	14.40273
2660572	Goldingen		CH	St. Gallen	ort		1013	47.26477	8.96167
2811715	Weißig		DE	Sachsen	ort		1013	51.29192	13.44117
2818243	Urbach		DE	Thüringen	ort		1013	51.29468	10.60540
2836952	Schönberg		DE	Sachsen	ort		1013	50.86752	12.49126
2849364	Rehe		DE	Rheinland-Pfalz	ort		1013	50.63333	8.11667
2949697	Bettingen		DE	Rheinland-Pfalz	ort		1013	49.94211	6.40160
2778048	Greifenburg		AT	Kärnten	ort		1012	46.75027	13.17982
2782070	Bad Aussee		AT	Steiermark	ort		1012	47.60998	13.78243
11903671	Föderlach I		AT	Kärnten	ort		1012	46.59998	13.96128
6291248	Kloten / Hostrass		CH	Zürich	stadtteil	Zürich	1012	47.45255	8.59464
2830449	Spiesheim		DE	Rheinland-Pfalz	ort		1012	49.81028	8.12750
2861971	Nordheim		DE	Bayern	ort		1012	49.85870	10.18545
2863119	Niedermerz		DE	Nordrhein-Westfalen	ort		1012	50.88151	6.26651
2918974	Görmin		DE	Mecklenburg-Vorpommern	ort		1012	53.99092	13.27054
2940516	Büttstedt		DE	Thüringen	ort		1012	51.25972	10.30636
2941692	Bundenbach		DE	Rheinland-Pfalz	ort		1012	49.84280	7.37826
2952993	Balzfeld		DE	Baden-Württemberg	ort		1012	49.26892	8.78919
2804283	Ziertheim		DE	Bayern	ort		1011	48.65244	10.39882
2824937	Sülstorf		DE	Mecklenburg-Vorpommern	ort		1011	53.50931	11.37463
2938064	Dernbach		DE	Rheinland-Pfalz	ort		1011	50.55000	7.60000
2763663	Thumersbach		AT	Salzburg	ort		1010	47.32952	12.81675
2764858	Spannberg		AT	Niederösterreich	ort		1010	48.46393	16.73647
2769473	Offenhausen		AT	Oberösterreich	ort		1010	48.15000	13.83333
2778483	Gleinstätten		AT	Steiermark	ort		1010	46.75361	15.36972
2760806	Würflach		AT	Niederösterreich	ort		1009	47.77648	16.05463
2776197	Hirm		AT	Burgenland	ort		1009	47.78652	16.45460
2779525	Fiss		AT	Tirol	ort		1009	47.05714	10.61747
2658152	Verscio		CH	Tessin	ort		1009	46.18482	8.73224
2823358	Teuchel		DE	Sachsen-Anhalt	ort		1009	51.88842	12.64587
2906119	Herforst		DE	Rheinland-Pfalz	ort		1009	49.95000	6.70000
2774610	Katzelsdorf		AT	Niederösterreich	ort		1008	48.28456	16.10836
2782534	Angath		AT	Tirol	ort		1008	47.50758	12.06513
6295402	Urdorf / Oberurdorf		CH	Zürich	stadtteil	Zürich	1008	47.38072	8.42343
2839623	Scherstetten		DE	Bayern	ort		1008	48.18032	10.64005
2915499	Großholbach		DE	Rheinland-Pfalz	ort		1008	50.45000	7.88333
2838938	Schlaitz		DE	Sachsen-Anhalt	ort		1007	51.65871	12.42839
2890353	Kirchtimke		DE	Niedersachsen	ort		1007	53.25000	9.15000
2914642	Grube		DE	Schleswig-Holstein	ort		1007	54.23333	11.03333
2914836	Groß Wittensee		DE	Schleswig-Holstein	ort		1007	54.40000	9.76667
2939321	Dalheim		DE	Rheinland-Pfalz	ort		1007	49.82667	8.29528
2943335	Brüggen		DE	Niedersachsen	ort		1007	52.04250	9.77450
3208353	Medlingen		DE	Bayern	ort		1007	48.57027	10.31608
2770610	Niederdorf		AT	Kärnten	ort		1006	46.61667	14.40000
2774770	Kapfing		AT	Tirol	ort		1006	47.33333	11.85000
2658096	Vorderthal		CH	Schwyz	ort		1006	47.12172	8.90225
2658191	Vals Platz		CH	Graubünden	ort		1006	46.61647	9.18025
2660881	Ependes		CH	Freiburg	ort		1006	46.75368	7.14609
2850555	Ramsin		DE	Sachsen-Anhalt	ort		1006	51.61095	12.23812
2917013	Großbardorf		DE	Bayern	ort		1006	50.26667	10.36667
2766805	Sammersdorf		AT	Oberösterreich	ort		1005	48.18091	14.16670
2777159	Haag		AT	Niederösterreich	ort		1005	48.19027	15.90135
2782156	Ausserbraz		AT	Vorarlberg	ort		1005	47.14875	9.90066
2661297	Buus		CH	Basel-Landschaft	ort		1005	47.50635	7.86414
2814640	Wallendorf		DE	Sachsen-Anhalt	ort		1005	51.35983	12.07537
2951616	Beedenbostel		DE	Niedersachsen	ort		1005	52.64288	10.25907
2910760	Hanstedt Eins		DE	Niedersachsen	ort		1004	53.04642	10.37444
2930952	Ellgau		DE	Bayern	ort		1004	48.60000	10.86667
2950998	Bennungen		DE	Sachsen-Anhalt	ort		1004	51.46085	11.11816
2951236	Belleben		DE	Sachsen-Anhalt	ort		1004	51.67499	11.63420
2762053	Walchen		AT	Salzburg	ort		1003	47.28822	12.68739
8015328	Ottnang am Hausruck		AT	Oberösterreich	ort		1003	48.09568	13.65841
11694976	Dickerldorf		AT	Oberösterreich	stadtteil		1003	48.17676	14.05705
2660781	Fiesch		CH	Wallis	ort		1003	46.39981	8.13533
2863508	Niederdreisbach		DE	Rheinland-Pfalz	ort		1003	50.74955	7.92352
2908374	Hedersleben		DE	Sachsen-Anhalt	ort		1003	51.54891	11.64983
2914828	Großwoltersdorf		DE	Brandenburg	ort		1003	53.06667	13.10000
2958557	Alesheim		DE	Bayern	ort		1003	49.04648	10.86496
2771708	Mehrnbach		AT	Oberösterreich	ort		1002	48.20809	13.43525
2771914	Maria Rain		AT	Kärnten	ort		1002	46.55389	14.29556
2660350	Himmelried		CH	Solothurn	ort		1002	47.42136	7.59985
2833488	Sehlen		DE	Mecklenburg-Vorpommern	ort		1002	54.37971	13.38907
2907195	Heinsen		DE	Niedersachsen	ort		1002	52.06257	9.66316
2928764	Essing		DE	Bayern	ort		1002	48.93467	11.78972
2935573	Dörrenbach		DE	Rheinland-Pfalz	ort		1002	49.08972	7.96140
2660841	Evionnaz		CH	Wallis	ort		1001	46.18096	7.02232
2661463	Bodio		CH	Tessin	ort		1001	46.37808	8.90991
2854151	Pfeffelbach		DE	Rheinland-Pfalz	ort		1001	49.53948	7.32768
2913406	Gutenberg		DE	Rheinland-Pfalz	ort		1001	49.88333	7.80000
2927984	Falkenfels		DE	Bayern	ort		1001	49.00415	12.59480
2782782	Allhartsberg		AT	Niederösterreich	ort		999	48.02633	14.79009
2770269	Oberdorf im Burgenland		AT	Burgenland	ort		996	47.21667	16.21667
2760903	Wolfsegg am Hausruck		AT	Oberösterreich	ort		995	48.10669	13.67274
2773577	Kraubath an der Mur		AT	Steiermark	ort		995	47.30000	14.93333
2767285	Rohrbach an der Lafnitz		AT	Steiermark	ort		994	47.38333	16.00000
2775270	Innerbraz		AT	Vorarlberg	ort		994	47.15000	9.91667
2780218	Eisbach		AT	Steiermark	ort		993	47.11667	15.26667
2774062	Klein-Pöchlarn		AT	Niederösterreich	ort		991	48.21667	15.21667
2764443	Steinhaus		AT	Oberösterreich	ort		990	48.11614	14.01890
2779480	Flirsch		AT	Tirol	ort		990	47.15000	10.40000
2768053	Rainbach im Mühlkreis		AT	Oberösterreich	ort		989	48.55758	14.47449
2778145	Grafenstein		AT	Kärnten	ort		989	46.61393	14.46719
2775235	Innerschwand		AT	Oberösterreich	ort		985	47.83333	13.40000
2774403	Kirchberg an der Raab		AT	Steiermark	ort		982	46.98583	15.76694
2765019	Sinabelkirchen		AT	Steiermark	ort		981	47.10200	15.82795
2781119	Dalaas		AT	Vorarlberg	ort		981	47.12446	9.99104
2766047	Scheifling		AT	Steiermark	ort		978	47.15044	14.41278
11551051	Neuberg im Burgenland		AT	Burgenland	ort		978	47.16894	16.26054
2761482	Weppersdorf		AT	Burgenland	ort		976	47.57954	16.42679
2782635	Altlengbach		AT	Niederösterreich	ort		976	48.15355	15.92606
2775086	Jerzens		AT	Tirol	ort		975	47.15120	10.74686
2658588	Silvaplana		CH	Graubünden	ort		973	46.45810	9.79514
2766495	Sankt Michael in Obersteiermark		AT	Steiermark	ort		972	47.33839	15.01784
2782797	Allerheiligen bei Wildon		AT	Steiermark	ort		972	46.91417	15.55444
2770397	Nußdorf am Haunsberg		AT	Salzburg	ort		970	47.95944	13.00917
2778149	Grafenschachen		AT	Burgenland	ort		968	47.36667	16.06667
2773159	Lafnitz		AT	Steiermark	ort		967	47.36792	16.01103
2763401	Trautmannsdorf an der Leitha		AT	Niederösterreich	ort		966	48.02357	16.63266
2780798	Dorfgastein		AT	Salzburg	ort		966	47.24172	13.10223
2771830	Matrei am Brenner		AT	Tirol	ort		959	47.12794	11.45176
2780664	Droß		AT	Niederösterreich	ort		959	48.46393	15.57561
2781820	Bernstein		AT	Burgenland	ort		956	47.40000	16.25000
2767111	Rotenturm an der Pinka		AT	Burgenland	ort		954	47.25000	16.25000
2777942	Grimmenstein		AT	Niederösterreich	ort		953	47.61635	16.12724
2765650	Schoppernau		AT	Vorarlberg	ort		950	47.31205	10.01646
2761278	Wiesing		AT	Tirol	ort		947	47.40486	11.79708
2764556	Steinakirchen am Forst		AT	Niederösterreich	ort		945	48.06965	15.04801
2768561	Polling in Tirol		AT	Tirol	ort		945	47.28333	11.15000
2776479	Herrnbaumgarten		AT	Niederösterreich	ort		943	48.69606	16.68283
2661219	Chancy		CH	Genf	ort		942	46.15003	5.97153
2761615	Weissenbach an der Triesting		AT	Niederösterreich	ort		941	47.98211	16.03935
2765472	Schwarzenbach		AT	Niederösterreich	ort		941	47.63547	16.35109
2761593	Weißenkirchen in der Wachau		AT	Niederösterreich	ort		939	48.39790	15.46931
2775228	Innervillgraten		AT	Tirol	ort		938	46.81194	12.37472
2761229	Wildermieming		AT	Tirol	ort		935	47.31667	11.01667
2780409	Edlitz		AT	Niederösterreich	ort		934	47.59797	16.14052
2782242	Au am Leithaberge		AT	Niederösterreich	ort		934	47.92296	16.55794
2760563	Zillingtal		AT	Burgenland	ort		933	47.81442	16.40928
2769437	Ollersdorf im Burgenland		AT	Burgenland	ort		933	47.18333	16.16667
2768616	Pöggstall		AT	Niederösterreich	ort		929	48.31734	15.20405
2765292	Seebenstein		AT	Niederösterreich	ort		924	47.69936	16.14484
2780543	Ebenthal		AT	Niederösterreich	ort		923	48.43333	16.78333
2770996	Mürzhofen		AT	Steiermark	ort		921	47.48333	15.38333
2772672	Lendorf		AT	Kärnten	ort		920	46.83528	13.43028
2773823	Kohfidisch		AT	Burgenland	ort		919	47.17472	16.35701
2763242	Turnau		AT	Steiermark	ort		916	47.55776	15.33739
2767759	Reichenthal		AT	Oberösterreich	ort		915	48.54286	14.38471
2772058	Maissau		AT	Niederösterreich	ort		915	48.57300	15.83005
2764217	Strallegg		AT	Steiermark	ort		911	47.41165	15.72534
2771095	Mühldorf		AT	Kärnten	ort		911	46.86028	13.35361
2777603	Groß Sankt Florian		AT	Steiermark	ort		911	46.82444	15.31861
2775733	Hohenruppersdorf		AT	Niederösterreich	ort		910	48.46439	16.65244
2657959	Wölflinswil		CH	Aargau	ort		910	47.46070	7.99835
2763837	Taxenbach		AT	Salzburg	ort		907	47.29116	12.96215
2780073	Engelhartstetten		AT	Niederösterreich	ort		907	48.18160	16.88367
11591765	Klein-Neusiedl		AT	Niederösterreich	ort		907	48.09379	16.60661
2764788	Spital am Semmering		AT	Steiermark	ort		906	47.61345	15.75096
2779672	Feldkirchen an der Donau		AT	Oberösterreich	ort		903	48.34524	14.05134
8468746	Baierdorf-Umgebung		AT	Steiermark	ort		903	47.28511	15.71045
2767346	Ritzing		AT	Burgenland	ort		902	47.61316	16.49546
2777655	Großkrut		AT	Niederösterreich	ort		901	48.64389	16.72361
2780250	Eidenberg		AT	Oberösterreich	ort		901	48.39439	14.23313
2763154	Ungerdorf		AT	Steiermark	ort		900	47.08333	15.66667
2765875	Schlüsslberg		AT	Oberösterreich	ort		898	48.21861	13.87161
2777185	Güttenbach		AT	Burgenland	ort		898	47.15710	16.29230
2769285	Paldau		AT	Steiermark	ort		897	46.94222	15.79583
2769194	Paudorf		AT	Niederösterreich	ort		895	48.35416	15.61853
2777605	Großrußbach		AT	Niederösterreich	ort		895	48.47412	16.41649
2763811	Telfes im Stubai		AT	Tirol	ort		891	47.16667	11.36667
2760380	Millstatt		AT	Kärnten	ort		889	46.80417	13.58056
2769952	Oberlienz		AT	Tirol	ort		889	46.84722	12.73139
2768921	Pflach		AT	Tirol	ort		888	47.51667	10.71667
2774823	Kammern im Liesingtal		AT	Steiermark	ort		885	47.39245	14.90407
2766156	Schardenberg		AT	Oberösterreich	ort		882	48.52058	13.49791
2780665	Drösing		AT	Niederösterreich	ort		882	48.53900	16.90264
2777189	Guttaring		AT	Kärnten	ort		878	46.88536	14.51071
3323923	Krimml		AT	Salzburg	ort		876	47.21799	12.17487
2776670	Haus		AT	Steiermark	ort		875	47.40997	13.76724
2779545	Fischbach		AT	Steiermark	ort		873	47.44234	15.64972
2769633	Obervogau		AT	Steiermark	ort		871	46.74500	15.58472
2773366	Krottendorf		AT	Steiermark	ort		871	47.20000	15.63333
2760420	Zwettl an der Rodl		AT	Oberösterreich	ort		870	48.46552	14.27133
2658753	Scharans		CH	Graubünden	ort		867	46.71814	9.45903
2768071	Raiding		AT	Burgenland	ort		865	47.56581	16.53056
2775887	Hochwolkersdorf		AT	Niederösterreich	ort		865	47.66127	16.28072
2766010	Schiefling am See		AT	Kärnten	ort		864	46.60444	14.09750
2779720	Feistritz am Wechsel		AT	Niederösterreich	ort		863	47.60000	16.05000
2766638	Sankt Johann in der Haide		AT	Steiermark	ort		862	47.28080	16.02579
2781897	Berg		AT	Niederösterreich	ort		861	48.10147	17.03842
2768393	Preding		AT	Steiermark	ort		860	46.85861	15.40972
2765478	Schwarzenau		AT	Niederösterreich	ort		858	48.74436	15.25838
2770874	Nestelbach bei Graz		AT	Steiermark	ort		858	47.06053	15.61140
2774423	Kirchbach in Steiermark		AT	Steiermark	ort		858	46.93167	15.66194
2776660	Hausbrunn		AT	Niederösterreich	ort		857	48.62602	16.82844
2777237	Gurk		AT	Kärnten	ort		857	46.87389	14.29167
2782528	Anger		AT	Steiermark	ort		854	47.27422	15.69139
2775756	Hohenberg		AT	Niederösterreich	ort		850	47.90679	15.61998
2763199	Uderns		AT	Tirol	ort		848	47.31667	11.86667
2768787	Piringsdorf		AT	Burgenland	ort		847	47.44826	16.41516
2659258	Pampigny		CH	Waadt	ort		843	46.58093	6.42941
2768153	Rabenstein an der Pielach		AT	Niederösterreich	ort		841	48.06535	15.46772
2764225	Stotzing		AT	Burgenland	ort		840	47.90688	16.54580
2767773	Reichenau im Mühlkreis		AT	Oberösterreich	ort		838	48.45704	14.34875
2772942	Lanzenkirchen		AT	Niederösterreich	ort		837	47.73621	16.21985
2782410	Arnfels		AT	Steiermark	ort		837	46.67639	15.40306
2764189	Strass im Zillertal		AT	Tirol	ort		836	47.39556	11.81966
2770544	Niedernsill		AT	Salzburg	ort		835	47.28333	12.65000
2765050	Silbertal		AT	Vorarlberg	ort		834	47.09368	9.98314
2766511	Sankt Martin bei Lofer		AT	Salzburg	ort		832	47.56667	12.70000
2771881	Markgrafneusiedl		AT	Niederösterreich	ort		832	48.26667	16.63333
2766551	Sankt Margarethen bei Knittelfeld		AT	Steiermark	ort		830	47.21667	14.86667
2781827	Bernhardsthal		AT	Niederösterreich	ort		830	48.69158	16.86951
2768618	Poggersdorf		AT	Kärnten	ort		829	46.65000	14.45000
2764168	Stratzing		AT	Niederösterreich	ort		827	48.45000	15.60000
2779522	Flachau		AT	Salzburg	ort		827	47.34406	13.39148
3319580	Gnadenwald		AT	Tirol	ort		826	47.31667	11.56667
2780522	Ebersdorf		AT	Steiermark	ort		825	47.19852	15.96219
2765354	Schwendt		AT	Tirol	ort		823	47.63182	12.39266
2777954	Griffen		AT	Kärnten	ort		823	46.70444	14.73278
2778427	Gnas		AT	Steiermark	ort		818	46.87306	15.82528
2773773	Kolsassberg		AT	Tirol	ort		817	47.28150	11.65289
2766420	Sankt Radegund bei Graz		AT	Steiermark	ort		814	47.18172	15.49192
2776582	Heiligenkreuz im Lafnitztal		AT	Burgenland	ort		814	46.98917	16.26083
2781653	Bocksdorf		AT	Burgenland	ort		813	47.14256	16.17784
2765619	Schrattenberg		AT	Niederösterreich	ort		810	48.72359	16.72201
2764183	Strassen		AT	Tirol	ort		808	46.75389	12.48417
2763270	Tulbing		AT	Niederösterreich	ort		807	48.29336	16.12226
2766390	Sankt Stefan ob Stainz		AT	Steiermark	ort		807	46.92861	15.25889
2768177	Raabs an der Thaya		AT	Niederösterreich	ort		807	48.85000	15.50000
2769945	Oberloisdorf		AT	Burgenland	ort		806	47.44736	16.50764
2777252	Guntersdorf		AT	Niederösterreich	ort		806	48.65000	16.05000
2764463	Steinerkirchen an der Traun		AT	Oberösterreich	ort		803	48.07911	13.95796
2768935	Pfarrkirchen bei Bad Hall		AT	Oberösterreich	ort		801	48.03046	14.19914
2769055	Pertlstein		AT	Steiermark	ort		801	46.94056	15.96167
2776681	Haugsdorf		AT	Niederösterreich	ort		801	48.70762	16.07656
2761416	Weyregg		AT	Oberösterreich	ort		799	47.90294	13.57193
2765796	Schnifis		AT	Vorarlberg	ort		798	47.21667	9.73306
2782434	Ardning		AT	Steiermark	ort		797	47.59120	14.36372
2776783	Hartl		AT	Steiermark	ort		796	47.18333	15.91667
2761281	Wiesfleck		AT	Burgenland	ort		794	47.38458	16.14552
2775197	Irdning		AT	Steiermark	ort		794	47.50529	14.10155
2770659	Neustift an der Lafnitz		AT	Burgenland	ort		793	47.36667	16.03333
2606026	Kleinarl		AT	Salzburg	ort		792	47.27725	13.31955
2766725	St. Gallen	Sankt Gallen	AT	Steiermark	ort		792	47.68631	14.61705
2778376	Goldwörth		AT	Oberösterreich	ort		792	48.32664	14.10112
3323921	Gerlos		AT	Tirol	ort		790	47.22464	12.03012
2776791	Hart im Zillertal		AT	Tirol	ort		789	47.35106	11.86476
2763773	Teufenbach		AT	Steiermark	ort		786	47.12870	14.35913
2766373	Sankt Ulrich am Waasen		AT	Steiermark	ort		785	46.93333	15.53333
2769347	Ottenschlag		AT	Niederösterreich	ort		785	48.42393	15.21924
2782852	Ainet		AT	Tirol	ort		784	46.86603	12.68968
2769407	Ort im Innkreis		AT	Oberösterreich	ort		781	48.31654	13.43362
2772290	Loipersdorf bei Fürstenfeld		AT	Steiermark	ort		779	47.00000	16.10000
2760814	Wundschuh		AT	Steiermark	ort		777	46.92639	15.45111
2775304	Imsterberg		AT	Tirol	ort		777	47.20517	10.69605
2780497	Echsenbach		AT	Niederösterreich	ort		777	48.71667	15.21667
2764964	Södingberg		AT	Steiermark	ort		774	47.10703	15.17169
2763945	Taiskirchen im Innkreis		AT	Oberösterreich	ort		772	48.26468	13.57318
2774839	Kalwang		AT	Steiermark	ort		772	47.42678	14.75442
2780901	Dobersberg		AT	Niederösterreich	ort		772	48.91510	15.32188
2778340	Göpfritz an der Wild		AT	Niederösterreich	ort		770	48.72497	15.40236
2774362	Kirchstetten		AT	Niederösterreich	ort		769	48.18333	15.81667
2782633	Altlichtenwarth		AT	Niederösterreich	ort		769	48.64442	16.79664
2782676	Altenmarkt bei Sankt Gallen		AT	Steiermark	ort		767	47.72327	14.64838
2761944	Walpersbach		AT	Niederösterreich	ort		766	47.71667	16.23333
2781764	Bildstein		AT	Vorarlberg	ort		766	47.45000	9.76667
2778953	Galtür		AT	Tirol	ort		765	46.96667	10.18333
2779514	Fladnitz im Raabtal		AT	Steiermark	ort		765	46.99167	15.78528
2776690	Hatzendorf		AT	Steiermark	ort		762	46.97686	16.00107
2766767	Sankt Andrä im Lungau		AT	Salzburg	ort		761	47.15000	13.78333
2779579	Filzmoos		AT	Salzburg	ort		761	47.43333	13.51667
2780988	Dienten am Hochkönig		AT	Salzburg	ort		761	47.38324	13.00369
2780021	Enzenreith		AT	Niederösterreich	ort		760	47.66839	15.95249
2782118	Außervillgraten		AT	Tirol	ort		760	46.78750	12.43139
2763400	Trautmannsdorf in Oststeiermark		AT	Steiermark	ort		759	46.87530	15.88451
2779048	Gaflenz		AT	Oberösterreich	ort		758	47.89511	14.72477
2782479	Antau		AT	Burgenland	ort		758	47.77377	16.47984
2661034	Densbüren		CH	Aargau	ort		758	47.45260	8.05330
2774673	Kartitsch		AT	Tirol	ort		756	46.72889	12.50083
2760910	Wolfsberg		AT	Kärnten	ort		754	46.84056	14.84417
2768295	Pruggern		AT	Steiermark	ort		754	47.42370	13.87625
2770738	Neukirchen am Walde		AT	Oberösterreich	ort		754	48.40584	13.78158
2765338	Sebersdorf		AT	Steiermark	ort		750	47.18650	15.99360
2770477	Nitscha		AT	Steiermark	ort		750	47.11667	15.75000
3324633	Liebenfels		AT	Kärnten	ort		750	46.73778	14.28667
2772757	Leiben		AT	Niederösterreich	ort		749	48.24628	15.27460
2780448	Edelstal		AT	Burgenland	ort		747	48.10000	16.98333
2765383	Schweiggers		AT	Niederösterreich	ort		746	48.66667	15.06667
2773646	Köttmannsdorf		AT	Kärnten	ort		743	46.56139	14.23389
2767878	Rauchenwarth		AT	Niederösterreich	ort		742	48.08330	16.52794
2766443	Sankt Peter am Ottersbach		AT	Steiermark	ort		740	46.79778	15.75917
2761835	Wattenberg		AT	Tirol	ort		739	47.28333	11.60000
2781374	Bruck an der Großglocknerstraße		AT	Salzburg	ort		739	47.28494	12.82310
2766483	Sankt Nikolai ob Draßling		AT	Steiermark	ort		738	46.80889	15.65083
2760824	Wullersdorf		AT	Niederösterreich	ort		737	48.62792	16.10089
2782830	Alberndorf in der Riedmark		AT	Oberösterreich	ort		736	48.40607	14.41441
2768475	Pöttelsdorf		AT	Burgenland	ort		735	47.75369	16.43864
2775163	Jabing		AT	Burgenland	ort		734	47.23880	16.27659
2776970	Hainzenberg		AT	Tirol	ort		731	47.21788	11.90034
2760489	Zöbern		AT	Niederösterreich	ort		729	47.51459	16.13111
2766632	Sankt Josef (Weststeiermark)		AT	Steiermark	ort		727	46.90917	15.33639
2771866	Markt Sankt Martin		AT	Burgenland	ort		727	47.56205	16.42508
2780057	Engerwitzdorf		AT	Oberösterreich	ort		727	48.34507	14.44204
2774369	Kirchschlag bei Linz		AT	Oberösterreich	ort		726	48.41149	14.27656
2658687	Schwaderloch		CH	Aargau	ort		726	47.58541	8.14455
2766357	Sankt Veit an der Gölsen		AT	Niederösterreich	ort		725	48.04320	15.66942
2766547	Sankt Margarethen im Lungau		AT	Salzburg	ort		725	47.07927	13.69613
2764970	Söchau		AT	Steiermark	ort		724	47.03333	16.01667
2764293	Stiwoll		AT	Steiermark	ort		722	47.10000	15.21667
2766497	Sankt Michael im Burgenland		AT	Burgenland	ort		720	47.12852	16.27148
2773746	Königsdorf		AT	Burgenland	ort		720	47.00000	16.16667
2780092	Emmersdorf an der Donau		AT	Niederösterreich	ort		720	48.24140	15.33721
3324292	Brand		AT	Vorarlberg	ort		719	47.10083	9.73722
2773271	Kukmirn		AT	Burgenland	ort		718	47.07544	16.21033
2778929	Gampern		AT	Oberösterreich	ort		718	47.98877	13.55430
2760847	Wörschach		AT	Steiermark	ort		717	47.55000	14.15000
2762045	Walchsee		AT	Tirol	ort		717	47.65163	12.31868
2779153	Fügenberg		AT	Tirol	ort		717	47.35210	11.84173
2766470	Sankt Oswald bei Plankenwarth		AT	Steiermark	ort		716	47.08701	15.27703
2770086	Oberhaag		AT	Steiermark	ort		716	46.68690	15.33202
2779968	Erlauf		AT	Niederösterreich	ort		716	48.18333	15.18333
2766753	Sankt Anton im Montafon		AT	Vorarlberg	ort		715	47.11667	9.86667
2761779	Weibern		AT	Oberösterreich	ort		711	48.18333	13.70000
2782784	Allhaming		AT	Oberösterreich	ort		710	48.15246	14.17022
2761698	Weinburg		AT	Niederösterreich	ort		708	48.11351	15.53295
2772476	Ligist		AT	Steiermark	ort		708	46.99389	15.21083
2768867	Pichl bei Wels		AT	Oberösterreich	ort		707	48.18515	13.89882
2769077	Pernegg an der Mur		AT	Steiermark	ort		706	47.35979	15.34236
2771600	Miesenbach		AT	Niederösterreich	ort		703	47.84035	15.98236
2780454	Edelsbach bei Feldbach		AT	Steiermark	ort		702	46.98944	15.83694
11694944	Regau		AT	Oberösterreich	ort		702	47.99078	13.68811
2779308	Fraxern		AT	Vorarlberg	ort		701	47.31498	9.67391
2762572	Unterwart		AT	Burgenland	ort		700	47.25000	16.23333
2777090	Hadres		AT	Niederösterreich	ort		700	48.70965	16.13038
2781224	Buchkirchen		AT	Oberösterreich	ort		700	48.22427	14.02242
2770472	Nöchling		AT	Niederösterreich	ort		699	48.22433	14.98123
2772713	Leitersdorf im Raabtal		AT	Steiermark	ort		699	46.94182	15.93365
2764806	Spielfeld		AT	Steiermark	ort		698	46.70556	15.63722
2780991	Dienersdorf		AT	Steiermark	ort		698	47.23979	15.90142
2782045	Bad Tatzmannsdorf		AT	Burgenland	ort		697	47.33126	16.23067
2764082	Stubenberg		AT	Steiermark	ort		695	47.24460	15.80027
2761476	Werfenweng		AT	Salzburg	ort		694	47.46204	13.25582
2780512	Eberstein		AT	Kärnten	ort		694	46.80806	14.56000
2780450	Edelsgrub		AT	Steiermark	ort		692	47.03333	15.60000
2761039	Winklern		AT	Kärnten	ort		690	46.87361	12.87472
2761976	Waldzell		AT	Oberösterreich	ort		687	48.13562	13.42701
2770487	Nikitsch		AT	Burgenland	ort		687	47.53615	16.66017
2761178	Willendorf am Steinfelde		AT	Niederösterreich	ort		684	47.78929	16.05686
2773493	Bad Kreuzen		AT	Oberösterreich	ort		684	48.26737	14.80648
2762952	Unterfrauenhaid		AT	Burgenland	ort		681	47.57116	16.49885
2771621	Micheldorf		AT	Kärnten	ort		678	46.91667	14.41667
2781054	Dellach im Drautal		AT	Kärnten	ort		677	46.73750	13.07833
2769212	Paternion		AT	Kärnten	ort		676	46.71417	13.63611
2774681	Karrösten		AT	Tirol	ort		676	47.22540	10.76561
2767221	Röschitz		AT	Niederösterreich	ort		675	48.64312	15.81774
2768081	Raggal		AT	Vorarlberg	ort		673	47.21082	9.83688
2776864	Haringsee		AT	Niederösterreich	ort		673	48.19270	16.78741
2764109	Stronsdorf		AT	Niederösterreich	ort		671	48.65157	16.29890
2760797	Würmla		AT	Niederösterreich	ort		669	48.25497	15.86031
2782443	Arbesbach		AT	Niederösterreich	ort		669	48.49337	14.95308
2763201	Übersbach		AT	Steiermark	ort		668	47.02318	16.05517
2764717	Stadtschlaining		AT	Burgenland	ort		668	47.31667	16.28333
2778961	Gallzein		AT	Tirol	ort		668	47.36807	11.77159
2769873	Oberndorf bei Schwanenstadt		AT	Oberösterreich	ort		667	48.05559	13.75677
2776194	Hirnsdorf		AT	Steiermark	ort		667	47.19167	15.82868
2779686	Feld am See		AT	Kärnten	ort		667	46.77639	13.74778
2761498	Weng im Innkreis		AT	Oberösterreich	ort		664	48.23508	13.17801
2775386	Hürm		AT	Niederösterreich	ort		664	48.15601	15.41262
2661591	Bavois		CH	Waadt	ort		662	46.68403	6.56710
2766444	Sankt Peter am Kammersberg		AT	Steiermark	ort		661	47.18706	14.18464
2775571	Holzhausen		AT	Oberösterreich	ort		661	48.22296	14.09683
2768432	Pram		AT	Oberösterreich	ort		660	48.23536	13.60579
2780323	Ehenbichl		AT	Tirol	ort		660	47.46667	10.70000
2767514	Reuthe		AT	Vorarlberg	ort		658	47.37113	9.89481
2767834	Ravelsbach		AT	Niederösterreich	ort		657	48.55000	15.85000
2782023	Baldramsdorf		AT	Kärnten	ort		657	46.80111	13.45333
2769637	Obervellach		AT	Kärnten	ort		654	46.93667	13.20417
2775102	Jedenspeigen		AT	Niederösterreich	ort		653	48.49807	16.87225
2773873	Kobenz		AT	Steiermark	ort		651	47.25000	14.85000
2779634	Ferndorf		AT	Kärnten	ort		651	46.73651	13.62661
2771322	Mogersdorf		AT	Burgenland	ort		650	46.94917	16.23222
2772689	Leitzersdorf		AT	Niederösterreich	ort		648	48.41918	16.24513
2762827	Unterlamm		AT	Steiermark	ort		647	46.97694	16.06389
2781079	Dechantskirchen		AT	Steiermark	ort		647	47.41667	16.01667
2767443	Riegersburg		AT	Steiermark	ort		646	47.00000	15.93028
2761467	Wernstein am Inn		AT	Oberösterreich	ort		645	48.50802	13.46100
2769876	Oberndorf an der Melk		AT	Niederösterreich	ort		644	48.06386	15.22430
2781734	Bischofstetten		AT	Niederösterreich	ort		644	48.12222	15.46909
2761116	Windhaag bei Perg		AT	Oberösterreich	ort		642	48.28582	14.68091
2773528	Krensdorf		AT	Burgenland	ort		642	47.78552	16.41495
2770576	Niederhollabrunn		AT	Niederösterreich	ort		641	48.43333	16.30000
2777662	Großklein		AT	Steiermark	ort		639	46.73611	15.44444
2660408	Haslen		CH	Appenzell Innerrhoden	ort		638	47.36931	9.36752
2782278	Atzenbrugg		AT	Niederösterreich	ort		637	48.29119	15.90614
2766361	Sankt Veit am Vogau		AT	Steiermark	ort		636	46.74048	15.64217
2765065	Sigmundsherberg		AT	Niederösterreich	ort		635	48.68333	15.75000
2767998	Ramsau		AT	Niederösterreich	ort		635	48.00313	15.80332
2768171	Raasdorf		AT	Niederösterreich	ort		633	48.24657	16.56532
2760636	Zell am Moos		AT	Oberösterreich	ort		631	47.90000	13.31667
2762486	Utzenaich		AT	Oberösterreich	ort		631	48.27622	13.46091
2772977	Langschlag		AT	Niederösterreich	ort		631	48.57448	14.88459
2782678	Altenmarkt bei Fürstenfeld		AT	Steiermark	ort		631	47.06638	16.04785
2761543	Weitersfeld		AT	Niederösterreich	ort		630	48.78097	15.81345
2778271	Gossendorf		AT	Steiermark	ort		630	46.91076	15.93043
2783062	Abfaltersbach		AT	Tirol	ort		630	46.75715	12.52828
2763202	Übersaxen		AT	Vorarlberg	ort		629	47.25284	9.67080
2781800	Biberwier		AT	Tirol	ort		628	47.38333	10.90000
2773032	Langau		AT	Niederösterreich	ort		627	48.83207	15.71560
2779718	Feistritz an der Gail		AT	Kärnten	ort		627	46.57750	13.60667
2773966	Kleinzell		AT	Niederösterreich	ort		624	47.97993	15.73620
2764981	Sitzendorf an der Schmida		AT	Niederösterreich	ort		622	48.59841	15.94254
2767960	Ranten		AT	Steiermark	ort		621	47.15949	14.08349
2774932	Kaisersdorf		AT	Burgenland	ort		620	47.53741	16.39198
2770560	Niederleis		AT	Niederösterreich	ort		619	48.55000	16.40000
2774597	Kaumberg		AT	Niederösterreich	ort		619	48.02415	15.89842
2781061	Dellach		AT	Kärnten	ort		619	46.66175	13.07965
2782317	Asperhofen		AT	Niederösterreich	ort		617	48.24583	15.92606
2763855	Tauplitz		AT	Steiermark	ort		615	47.56005	14.01293
2767769	Reichendorf		AT	Steiermark	ort		614	47.18922	15.76160
2768791	Pirching am Traubenberg		AT	Steiermark	ort		614	46.95000	15.60000
2771228	Mooskirchen		AT	Steiermark	ort		614	46.98167	15.27889
2772168	Lutzmannsburg		AT	Burgenland	ort		614	47.46373	16.63665
2779710	Feistritz bei Knittelfeld		AT	Steiermark	ort		614	47.26802	14.89334
2763711	Thaya		AT	Niederösterreich	ort		611	48.85489	15.28902
2768752	Pistorf		AT	Steiermark	ort		611	46.76667	15.36667
2769573	Oberzeiring		AT	Steiermark	ort		611	47.25000	14.48333
2781026	Deutsch Jahrndorf		AT	Burgenland	ort		611	48.01667	17.10000
2777974	Gries im Sellrain		AT	Tirol	ort		610	47.19554	11.15619
2768902	Pians		AT	Tirol	ort		609	47.13486	10.51237
2773616	Krakaudorf		AT	Steiermark	ort		609	47.18131	14.02061
2774683	Karres		AT	Tirol	ort		609	47.21667	10.78333
2769624	Oberwang		AT	Oberösterreich	ort		608	47.86667	13.43333
2771273	Mönichkirchen		AT	Niederösterreich	ort		606	47.51062	16.03425
2775352	Hüttschlag		AT	Salzburg	ort		605	47.17635	13.23239
2773181	Lackendorf		AT	Burgenland	ort		604	47.58996	16.50404
2762392	Viehhofen		AT	Salzburg	ort		603	47.36667	12.73333
2772675	Lend		AT	Salzburg	ort		603	47.29856	13.05176
2768178	Raabau		AT	Steiermark	ort		602	46.96278	15.91167
2768459	Potzneusiedl		AT	Burgenland	ort		602	48.04504	16.94770
2768913	Pfons		AT	Tirol	ort		602	47.14201	11.46071
2765335	Seckau		AT	Steiermark	ort		601	47.26667	14.78333
2767907	Ratschendorf		AT	Steiermark	ort		601	46.74222	15.81583
2768148	Rabenwald		AT	Steiermark	ort		600	47.40000	15.90000
2773722	Kopfing im Innkreis		AT	Oberösterreich	ort		600	48.43991	13.65841
2761442	Wettmannstätten		AT	Steiermark	ort		599	46.83056	15.38722
2764140	Strem		AT	Burgenland	ort		599	47.04498	16.41426
2770479	Nikolsdorf		AT	Tirol	ort		598	46.78583	12.91333
2776959	Halbenrain		AT	Steiermark	ort		598	46.72194	15.94667
2776648	Hauskirchen		AT	Niederösterreich	ort		597	48.60000	16.76667
2770496	Niederwölz		AT	Steiermark	ort		596	47.15126	14.37479
2773915	Klösterle		AT	Vorarlberg	ort		596	47.13333	10.08333
2768829	Pilgersdorf		AT	Burgenland	ort		594	47.44106	16.34920
2769333	Otterthal		AT	Niederösterreich	ort		592	47.61667	15.93333
2775399	Hundsheim		AT	Niederösterreich	ort		590	48.11749	16.93581
2781376	Bruck am Ziller		AT	Tirol	ort		590	47.38998	11.85124
2768281	Puch bei Weiz		AT	Steiermark	ort		589	47.21667	15.71667
2771677	Mellach		AT	Steiermark	ort		589	46.93333	15.51667
2774589	Kautzen		AT	Niederösterreich	ort		589	48.93000	15.23932
2761914	Wang		AT	Niederösterreich	ort		588	48.04538	15.02672
2778290	Gosdorf		AT	Steiermark	ort		587	46.72778	15.79250
2761475	Wernberg		AT	Kärnten	ort		584	46.61667	13.93333
2778682	Gerersdorf		AT	Niederösterreich	ort		584	48.20088	15.55613
2760704	Zederhaus		AT	Salzburg	ort		583	47.15570	13.50576
2778636	Gersdorf an der Feistritz		AT	Steiermark	ort		583	47.16667	15.85000
2776433	Hieflau		AT	Steiermark	ort		580	47.60639	14.74503
2780109	Eltendorf		AT	Burgenland	ort		579	47.00870	16.20239
2764645	Stanz bei Landeck		AT	Tirol	ort		577	47.14758	10.55340
2767529	Rettenegg		AT	Steiermark	ort		575	47.52694	15.78104
2775796	Hofstätten an der Raab		AT	Steiermark	ort		574	47.06667	15.73333
3323924	Rohrberg		AT	Tirol	ort		574	47.23333	11.91667
2778897	Bad Gams		AT	Steiermark	ort		573	46.87111	15.22472
2779922	Eschenau		AT	Niederösterreich	ort		572	48.04825	15.56694
7580215	Bürserberg		AT	Vorarlberg	ort		572	47.14644	9.77736
2772001	Mannersdorf an der Rabnitz		AT	Burgenland	ort		568	47.42815	16.52678
2658867	Saint-Livres		CH	Waadt	ort		568	46.50794	6.38753
2761865	Wartmannstetten		AT	Niederösterreich	ort		566	47.69359	16.07506
2761547	Weitensfeld		AT	Kärnten	ort		565	46.84743	14.19213
2762039	Wald am Schoberpaß		AT	Steiermark	ort		565	47.44936	14.67567
2766513	Sankt Martin an der Raab		AT	Burgenland	ort		564	46.92250	16.13611
2776395	Himmelberg		AT	Kärnten	ort		563	46.75667	14.03056
2774015	Kleinsölk		AT	Steiermark	ort		562	47.39444	13.93944
2762632	Unterstinkenbrunn		AT	Niederösterreich	ort		560	48.66770	16.34607
2779271	Fresach		AT	Kärnten	ort		560	46.71556	13.69083
2771582	Mils bei Imst		AT	Tirol	ort		559	47.20616	10.67485
2779838	Faistenau		AT	Salzburg	ort		559	47.77767	13.23393
2782679	Altenmarkt an der Triesting		AT	Niederösterreich	ort		559	48.01553	15.99661
2772083	Mailberg		AT	Niederösterreich	ort		558	48.67379	16.18132
2772564	Leutschach		AT	Steiermark	ort		557	46.66722	15.46889
2772736	Leisach		AT	Tirol	ort		557	46.81250	12.74861
2764053	Stummerberg		AT	Tirol	ort		556	47.28333	11.91667
2778252	Göstling an der Ybbs		AT	Niederösterreich	ort		556	47.80664	14.93797
2775613	Hollenstein an der Ybbs		AT	Niederösterreich	ort		554	47.80305	14.77312
2761869	Warth		AT	Niederösterreich	ort		553	47.65000	16.11667
2768021	Ramingstein		AT	Salzburg	ort		553	47.07462	13.83642
2761907	Wängle		AT	Tirol	ort		552	47.48658	10.68995
2760906	Wolfsberg im Schwarzautal		AT	Steiermark	ort		551	46.84389	15.65889
2771567	Mischendorf		AT	Burgenland	ort		551	47.19277	16.31444
2774357	Kirnberg an der Mank		AT	Niederösterreich	ort		551	48.07246	15.32232
2766552	Sankt Margarethen an der Sierning		AT	Niederösterreich	ort		550	48.15910	15.49055
2763439	Trattenbach		AT	Niederösterreich	ort		545	47.60000	15.86667
2765170	Semmering		AT	Niederösterreich	ort		544	47.63347	15.82993
2770873	Nestelbach im Ilztal		AT	Steiermark	ort		543	47.08333	15.86667
2777641	Großmugl		AT	Niederösterreich	ort		543	48.49917	16.23056
2764368	Stetteldorf am Wagram		AT	Niederösterreich	ort		542	48.40815	16.01862
2781790	Bichlbach		AT	Tirol	ort		542	47.42033	10.79042
2776855	Harmannsdorf		AT	Niederösterreich	ort		541	48.39724	16.37220
2766699	Sankt Georgen an der Stiefing		AT	Steiermark	ort		540	46.87333	15.57972
2779414	Forstau		AT	Salzburg	ort		540	47.37842	13.55558
2776748	Häselgehr		AT	Tirol	ort		537	47.31667	10.50000
2780715	Drasenhofen		AT	Niederösterreich	ort		537	48.75000	16.65000
2764692	Stallhof		AT	Steiermark	ort		534	46.88333	15.28333
2771321	Möggers		AT	Vorarlberg	ort		534	47.56667	9.81667
2765221	Seibersdorf		AT	Niederösterreich	ort		533	47.95858	16.51842
2776546	Heiterwang		AT	Tirol	ort		532	47.45000	10.75000
11903709	Vals		AT	Tirol	ort		532	47.04507	11.53281
2773165	Ladis		AT	Tirol	ort		531	47.07459	10.64949
2779982	Erl		AT	Tirol	ort		528	47.68333	12.18333
2771870	Markt Neuhodis		AT	Burgenland	ort		526	47.29565	16.39564
2765224	Seggauberg		AT	Steiermark	ort		525	46.76667	15.51667
2766626	Sankt Kathrein am Hauenstein		AT	Steiermark	ort		525	47.48943	15.69414
2766747	Sankt Blasen		AT	Steiermark	ort		525	47.08333	14.30000
2770377	Oberaich		AT	Steiermark	ort		523	47.40000	15.21667
2766751	Sankt Bartholomä		AT	Steiermark	ort		522	47.05457	15.25889
2764138	Strengberg		AT	Niederösterreich	ort		520	48.14685	14.65147
2774406	Kirchberg am Walde		AT	Niederösterreich	ort		520	48.72477	15.08826
2773614	Krakauhintermühlen		AT	Steiermark	ort		517	47.18333	13.98333
2778926	Gams bei Hieflau		AT	Steiermark	ort		517	47.66667	14.78333
2763575	Tobadill		AT	Tirol	ort		516	47.12513	10.51404
2771643	Metnitz		AT	Kärnten	ort		515	46.98056	14.21667
2766581	Sankt Lorenzen am Wechsel		AT	Steiermark	ort		514	47.44153	15.95498
2776190	Hirschbach		AT	Niederösterreich	ort		514	48.74329	15.12521
2767526	Rettenschöss		AT	Tirol	ort		513	47.65718	12.26872
2769614	Oberweg		AT	Steiermark	ort		513	47.15000	14.63333
2766580	Sankt Lorenzen bei Knittelfeld		AT	Steiermark	ort		510	47.25078	14.89549
2767977	Raning		AT	Steiermark	ort		510	46.85000	15.81667
2776467	Herzogsdorf		AT	Oberösterreich	ort		509	48.43011	14.11280
2776586	Heiligenkreuz		AT	Niederösterreich	ort		509	48.05559	16.12493
2764480	Steindorf am Ossiacher See		AT	Kärnten	ort		507	46.69833	14.00917
2764702	Stall		AT	Kärnten	ort		505	46.89056	13.03694
2767915	Rastenfeld		AT	Niederösterreich	ort		503	48.57348	15.33176
2782389	Arzberg		AT	Steiermark	ort		503	47.25000	15.51667
2774593	Kauns		AT	Tirol	ort		502	47.07822	10.69219
2780089	Empersdorf		AT	Steiermark	ort		499	46.99892	15.59959
2766936	Rüstorf		AT	Oberösterreich	ort		498	48.04326	13.78982
2769307	Pabneukirchen		AT	Oberösterreich	ort		497	48.32367	14.81747
2780527	Eberschwang		AT	Oberösterreich	ort		497	48.15504	13.56194
2760920	Wolfpassing		AT	Niederösterreich	ort		493	48.07785	15.06453
2775763	Hohenau an der Raab		AT	Steiermark	ort		492	47.30000	15.55000
2608246	Neuhaus am Klausenbach		AT	Burgenland	ort		489	46.86667	16.03333
2782572	Amlach		AT	Tirol	ort		489	46.81639	12.76361
2760846	Wörterberg		AT	Burgenland	ort		488	47.21667	16.10000
2764881	Sonntagberg		AT	Niederösterreich	ort		488	47.99561	14.76065
2771638	Mettersdorf am Saßbach		AT	Steiermark	ort		487	46.80583	15.71111
2774427	Kirchbach		AT	Kärnten	ort		487	46.64160	13.18454
2771854	Martinsberg		AT	Niederösterreich	ort		483	48.37549	15.14997
2777685	Großharras		AT	Niederösterreich	ort		482	48.66389	16.24556
2782047	Bad Schönau		AT	Niederösterreich	ort		481	47.49473	16.23410
2763488	Traboch		AT	Steiermark	ort		478	47.37705	14.98647
2770514	Niederthalheim		AT	Oberösterreich	ort		478	48.09901	13.76870
2780490	Eckartsau		AT	Niederösterreich	ort		478	48.14507	16.79737
2761117	Windhaag bei Freistadt		AT	Oberösterreich	ort		477	48.58774	14.56186
2767696	Reinsberg		AT	Niederösterreich	ort		477	47.98567	15.07067
2780335	Eggern		AT	Niederösterreich	ort		477	48.90829	15.14877
2767264	Rohr im Gebirge		AT	Niederösterreich	ort		476	47.89471	15.73603
2768325	Hofamt Priel		AT	Niederösterreich	ort		475	48.19581	15.07746
2772255	Loretto		AT	Burgenland	ort		475	47.91559	16.51790
2770656	Neustift bei Güssing		AT	Burgenland	ort		474	47.02474	16.26041
3217367	Schlaiten		AT	Tirol	ort		474	46.87944	12.65417
2776485	Hernstein		AT	Niederösterreich	ort		473	47.89465	16.10561
2778691	Geras		AT	Niederösterreich	ort		473	48.79725	15.67268
2778763	Gedersdorf		AT	Niederösterreich	ort		471	48.43319	15.68865
2766484	Sankt Nikolai im Sölktal		AT	Steiermark	ort		470	47.31667	14.05000
2767220	Rosegg		AT	Kärnten	ort		468	46.58833	14.01718
2782926	Aibl		AT	Steiermark	ort		466	46.68145	15.22619
2766437	Sankt Peter im Sulmtal		AT	Steiermark	ort		465	46.75000	15.25000
3323920	Gerlosberg		AT	Tirol	ort		465	47.21667	11.93333
2761261	Wildalpen		AT	Steiermark	ort		464	47.65000	14.98333
2765991	Schildorn		AT	Oberösterreich	ort		463	48.14564	13.46314
2766700	Sankt Georgen an der Leys		AT	Niederösterreich	ort		463	48.03149	15.22722
2779477	Floing		AT	Steiermark	ort		463	47.26356	15.74650
2765637	Schottwien		AT	Niederösterreich	ort		462	47.65683	15.87250
2777587	Großsölk		AT	Steiermark	ort		462	47.41667	13.96667
2774977	Kainach bei Voitsberg		AT	Steiermark	ort		460	47.13637	15.09530
2782079	Bachmanning		AT	Oberösterreich	ort		460	48.13104	13.79436
2770543	Niederöblarn		AT	Steiermark	ort		459	47.47667	14.01937
2781668	Bad Blumau		AT	Steiermark	ort		459	47.11667	16.05000
2764569	Stein		AT	Steiermark	ort		458	46.99778	16.08694
2774641	Kasten bei Böheimkirchen		AT	Niederösterreich	ort		457	48.15320	15.77946
2779819	Falkenstein		AT	Niederösterreich	ort		457	48.71667	16.58333
2782283	Atzbach		AT	Oberösterreich	ort		457	48.08364	13.70347
2764648	Stanzach		AT	Tirol	ort		455	47.38333	10.56667
2773713	Koppl		AT	Salzburg	ort		453	47.80808	13.15561
2777082	Hafnerbach		AT	Niederösterreich	ort		452	48.21667	15.48333
2777205	Gutenbrunn		AT	Niederösterreich	ort		452	48.36520	15.11899
2767301	Rohrau		AT	Niederösterreich	ort		451	48.06667	16.85000
2781773	Bierbaum am Auersbach		AT	Steiermark	ort		451	46.82949	15.79237
2768213	Pusterwald		AT	Steiermark	ort		450	47.30611	14.37556
2764067	Studenzen		AT	Steiermark	ort		449	47.00583	15.75417
2772470	Lilienfeld		AT	Niederösterreich	ort		447	48.01312	15.59664
2770271	Oberdorf am Hochegg		AT	Steiermark	ort		446	46.97861	15.72167
2771243	Moosdorf		AT	Oberösterreich	ort		445	48.04492	12.98902
2778035	Greisdorf		AT	Steiermark	ort		445	46.92647	15.21906
2760592	Zettling		AT	Steiermark	ort		444	46.95220	15.43420
2769662	Obertilliach		AT	Tirol	ort		443	46.71056	12.61444
2763683	Thomasberg		AT	Niederösterreich	ort		442	47.56667	16.13333
2607522	Edelstauden		AT	Steiermark	ort		440	46.98333	15.61667
2766233	Schachendorf		AT	Burgenland	ort		440	47.26667	16.43333
2779379	Frankenfels		AT	Niederösterreich	ort		439	47.98234	15.32593
2782697	Altenburg		AT	Niederösterreich	ort		439	48.64765	15.59295
2774772	Kapfenstein		AT	Steiermark	ort		437	46.88611	15.97167
2771631	Michaelerberg		AT	Steiermark	ort		434	47.41083	13.89333
2771903	Mariasdorf		AT	Burgenland	ort		434	47.36580	16.23136
2774482	Keutschach am See		AT	Kärnten	ort		434	46.59306	14.18889
3319569	Gschnitz		AT	Tirol	ort		434	47.04469	11.35089
2764736	Stadl an der Mur		AT	Steiermark	ort		433	47.08333	13.96667
2765766	Schöder		AT	Steiermark	ort		433	47.18333	14.10000
2766210	Schäffern		AT	Steiermark	ort		432	47.47771	16.10956
2775185	Irschen		AT	Kärnten	ort		430	46.75694	13.02528
2659262	Pailly		CH	Waadt	ort		430	46.70123	6.67540
2769339	Ottenthal		AT	Niederösterreich	ort		428	48.76100	16.57914
2774782	Kapellen		AT	Steiermark	ort		428	47.64784	15.62863
2769199	Pattigham		AT	Oberösterreich	ort		427	48.15521	13.48443
2780264	Eichenberg		AT	Vorarlberg	ort		427	47.53333	9.78333
2780936	Diex		AT	Kärnten	ort		427	46.75000	14.60000
2763150	Unken		AT	Salzburg	ort		426	47.64966	12.72946
2782861	Aigen im Ennstal		AT	Steiermark	ort		425	47.51667	14.13333
2777607	Großriedenthal		AT	Niederösterreich	ort		423	48.48333	15.86667
2775611	Hollenthon		AT	Niederösterreich	ort		422	47.58938	16.26131
2782163	Aurach am Hongar		AT	Oberösterreich	ort		422	47.95182	13.67291
2763800	Terfens		AT	Tirol	ort		417	47.32355	11.64388
2775600	Hollersbach im Pinzgau		AT	Salzburg	ort		415	47.27658	12.42326
2766449	Sankt Peter am Hart		AT	Oberösterreich	ort		412	48.25268	13.09613
7581189	Holzgau		AT	Tirol	ort		412	47.26045	10.34419
2762376	Viktorsberg		AT	Vorarlberg	ort		411	47.30092	9.67484
2767902	Rattenberg		AT	Tirol	ort		411	47.43941	11.89407
2780641	Düns		AT	Vorarlberg	ort		411	47.22353	9.71663
2768426	Pramet		AT	Oberösterreich	ort		410	48.14295	13.48752
2769300	Pack		AT	Steiermark	ort		410	46.97917	14.98417
2775375	Hüttau		AT	Salzburg	ort		410	47.41610	13.30775
2761326	Wies		AT	Steiermark	ort		409	46.72028	15.27194
2762024	Waldegg		AT	Niederösterreich	ort		408	47.86852	16.05154
2766143	Scharndorf		AT	Niederösterreich	ort		408	48.09399	16.79883
2774329	Klaffer am Hochficht		AT	Oberösterreich	ort		408	48.69544	13.88131
2776891	Hannersdorf		AT	Burgenland	ort		407	47.22895	16.38250
2778766	Geboltskirchen		AT	Oberösterreich	ort		407	48.15338	13.63360
2782848	Aistersheim		AT	Oberösterreich	ort		407	48.18680	13.74175
2765139	Sibratsgfäll		AT	Vorarlberg	ort		401	47.42667	10.03806
2766563	Sankt Marein bei Neumarkt		AT	Steiermark	ort		401	47.06591	14.42908
2780153	Elbigenalp		AT	Tirol	ort		401	47.29041	10.43607
2782287	Attersee		AT	Oberösterreich	ort		401	47.91646	13.53953
2771194	Moschendorf		AT	Burgenland	ort		400	47.05843	16.47728
2769580	Oberwölz Stadt		AT	Steiermark	ort		396	47.20117	14.28321
2771078	Mühlgraben		AT	Burgenland	ort		396	46.88972	16.04083
2773929	Klöch		AT	Steiermark	ort		396	46.76472	15.96556
2779504	Flattach		AT	Kärnten	ort		396	46.93861	13.13444
2766645	Sankt Johann bei Herberstein		AT	Steiermark	ort		395	47.20000	15.80000
2763861	Taufkirchen an der Trattnach		AT	Oberösterreich	ort		394	48.24731	13.74767
2771660	Merkendorf		AT	Steiermark	ort		393	46.85722	15.90389
2770991	Musau		AT	Tirol	ort		391	47.53195	10.67339
2774767	Kappel am Krappfeld		AT	Kärnten	ort		391	46.83861	14.48639
2782955	Aggsbach		AT	Niederösterreich	ort		391	48.29404	15.40382
2762071	Waidmannsfeld		AT	Niederösterreich	ort		390	47.87042	15.98116
2766739	Sankt Corona am Wechsel		AT	Niederösterreich	ort		390	47.58333	16.00000
2661045	Därligen		CH	Bern	ort		390	46.66175	7.80808
2767807	Redlham		AT	Oberösterreich	ort		389	48.02443	13.74738
2778148	Grafenschlag		AT	Niederösterreich	ort		389	48.50000	15.16667
2661633	Ballens		CH	Waadt	ort		389	46.55485	6.37310
2774981	Kaibing		AT	Steiermark	ort		388	47.20000	15.83333
2766845	Sallingberg		AT	Niederösterreich	ort		387	48.46667	15.23333
2767980	Rangersdorf		AT	Kärnten	ort		387	46.86001	12.94923
2775138	Jaidhof		AT	Niederösterreich	ort		385	48.53333	15.48333
2781049	Desselbrunn		AT	Oberösterreich	ort		384	48.02145	13.77027
2760627	Zellberg		AT	Tirol	ort		383	47.23333	11.85000
2771629	Michaelnbach		AT	Oberösterreich	ort		383	48.28788	13.83144
2781033	Deutsch Goritz		AT	Steiermark	ort		382	46.75083	15.82944
2760839	Wörth an der Lafnitz		AT	Steiermark	ort		381	47.21368	16.08081
2769053	Perwang am Grabensee		AT	Oberösterreich	ort		381	48.00692	13.08300
2770879	Nesselwängle		AT	Tirol	ort		381	47.48333	10.61667
2766640	Sankt Johann im Saggautal		AT	Steiermark	ort		380	46.70389	15.40278
2767265	Rohr im Burgenland		AT	Burgenland	ort		380	47.11667	16.16667
2775847	Hof bei Straden		AT	Steiermark	ort		380	46.80000	15.93333
2780274	Eichberg		AT	Steiermark	ort		380	47.38188	15.97356
2781465	Breitenfeld an der Rittschein		AT	Steiermark	ort		380	47.03333	15.95000
2766432	Sankt Peter ob Judenburg		AT	Steiermark	ort		377	47.18417	14.58639
2772641	Leogang		AT	Salzburg	ort		377	47.43906	12.76109
2778785	Gaubitsch		AT	Niederösterreich	ort		375	48.65000	16.38333
2762000	Wald im Pinzgau		AT	Salzburg	ort		373	47.25000	12.23333
2761508	Wendling		AT	Oberösterreich	ort		372	48.23182	13.66622
2762102	Wagrain		AT	Salzburg	ort		372	47.33528	13.29889
2782796	Allerheiligen im Mühlkreis		AT	Oberösterreich	ort		371	48.30215	14.65061
2762021	Waldenstein		AT	Niederösterreich	ort		370	48.72845	15.01419
2782206	Auersbach		AT	Steiermark	ort		370	47.01667	15.86667
2769283	Palfau		AT	Steiermark	ort		369	47.70000	14.80000
2761557	Weiten		AT	Niederösterreich	ort		368	48.29564	15.26010
2766688	Sankt Georgen ob Judenburg		AT	Steiermark	ort		366	47.20744	14.49736
2774087	Kleinlobming		AT	Steiermark	ort		366	47.14954	14.84875
2780539	Eberau		AT	Burgenland	ort		366	47.10764	16.46044
2767518	Retznei		AT	Steiermark	ort		365	46.73333	15.56667
2771139	Muggendorf		AT	Niederösterreich	ort		365	47.91059	15.93533
2780964	Dietersdorf am Gnasbach		AT	Steiermark	ort		365	46.80917	15.81167
2761697	Weinburg am Saßbach		AT	Steiermark	ort		364	46.75361	15.72111
2781031	Deutsch Griffen		AT	Kärnten	ort		364	46.85606	14.07501
2761689	Weingraben		AT	Burgenland	ort		363	47.51393	16.36375
3319486	Obernberg am Brenner		AT	Tirol	ort		363	47.01667	11.41667
2771902	Mariastein		AT	Tirol	ort		362	47.52772	12.05479
2782292	Attendorf		AT	Steiermark	ort		362	47.00426	15.33897
2760597	Zerlach		AT	Steiermark	ort		361	46.94593	15.65093
2762458	Veitsch		AT	Steiermark	ort		360	47.57815	15.49450
2780176	Eisgarn		AT	Niederösterreich	ort		359	48.91675	15.10320
2778396	Going		AT	Tirol	ort		358	47.51332	12.33164
2777111	Hackerberg		AT	Burgenland	ort		357	47.20000	16.11667
2775155	Jagerberg		AT	Steiermark	ort		355	46.85361	15.73806
2777196	Gutenstein		AT	Niederösterreich	ort		355	47.87600	15.88881
2781982	Bärnkopf		AT	Niederösterreich	ort		355	48.39046	15.00479
8379136	Saubraz		CH	Waadt	ort		354	46.51606	6.33018
2767565	Rennweg am Katschberg		AT	Kärnten	ort		353	47.01667	13.61667
2778424	Gnesau		AT	Kärnten	ort		353	46.77544	13.96251
2779064	Gabersdorf		AT	Steiermark	ort		353	46.77722	15.58417
2781814	Berwang		AT	Tirol	ort		353	47.40807	10.74735
2767231	Röns		AT	Vorarlberg	ort		352	47.21667	9.70000
2774398	Kirchberg ob der Donau		AT	Oberösterreich	ort		351	48.44440	13.93805
2781683	Blons		AT	Vorarlberg	ort		349	47.22327	9.83414
2769074	Pernersdorf		AT	Niederösterreich	ort		348	48.70000	16.01667
2778805	Gastern		AT	Niederösterreich	ort		347	48.89446	15.22027
2780260	Eichfeld		AT	Steiermark	ort		347	46.72528	15.76806
2771090	Mühldorf		AT	Niederösterreich	ort		346	48.37432	15.34672
2773197	Labuch		AT	Steiermark	ort		346	47.06667	15.66667
2778127	Grän		AT	Tirol	ort		345	47.50000	10.55000
2761541	Weitersfelden		AT	Oberösterreich	ort		342	48.47730	14.72546
2763382	Treglwang		AT	Steiermark	ort		342	47.47458	14.59083
2771994	Mannsdorf an der Donau		AT	Niederösterreich	ort		342	48.15200	16.66506
2766687	Sankt Georgen ob Murau		AT	Steiermark	ort		339	47.10000	14.10000
2775365	Hüttenberg		AT	Kärnten	ort		338	46.94139	14.55000
2769096	Perlsdorf		AT	Steiermark	ort		337	46.91361	15.81417
2768076	Ragnitz		AT	Steiermark	ort		335	46.83667	15.59278
2767909	Ratsch an der Weinstraße		AT	Steiermark	ort		334	46.68944	15.57111
2775207	Inzenhof		AT	Burgenland	ort		334	47.01667	16.31667
2763609	Tieschen		AT	Steiermark	ort		333	46.78611	15.94222
2767928	Rassach		AT	Steiermark	ort		333	46.86028	15.27000
2770736	Neukirchen an der Vöckla		AT	Oberösterreich	ort		333	48.04053	13.53760
2770264	Oberdrauburg		AT	Kärnten	ort		331	46.74306	12.97028
2778191	Grabersdorf		AT	Steiermark	ort		330	46.84306	15.82472
2782402	Arriach		AT	Kärnten	ort		329	46.72921	13.85046
2766579	Sankt Lorenzen bei Scheifling		AT	Steiermark	ort		328	47.14556	14.40583
2772821	Lavamünd		AT	Kärnten	ort		328	46.64019	14.94733
2775722	Hohentauern		AT	Steiermark	ort		327	47.43333	14.48333
2782482	Anras		AT	Tirol	ort		327	46.77389	12.56083
2767987	Randegg		AT	Niederösterreich	ort		326	48.01198	14.97334
2771908	Maria Schmolln		AT	Oberösterreich	ort		323	48.13820	13.21981
2780123	Elmen		AT	Tirol	ort		323	47.34039	10.54318
2780604	Dürnstein		AT	Niederösterreich	ort		322	48.39582	15.51973
2778456	Glödnitz		AT	Kärnten	ort		321	46.87398	14.11915
2772820	Lavant		AT	Tirol	ort		320	46.79889	12.83806
2767827	Raxendorf		AT	Niederösterreich	ort		319	48.34108	15.27666
2766680	Sankt Gotthard im Mühlkreis		AT	Oberösterreich	ort		317	48.38020	14.13185
2766598	Sankt Leonhard am Hornerwald		AT	Niederösterreich	ort		316	48.60000	15.53333
2763410	Bad Traunstein		AT	Niederösterreich	ort		315	48.43850	15.11712
2761037	Winklern bei Oberwölz		AT	Steiermark	ort		314	47.20000	14.23333
2771716	Meggenhofen		AT	Oberösterreich	ort		313	48.18017	13.79582
6949508	Damüls		AT	Vorarlberg	ort		313	47.28034	9.89164
2762953	Unterfladnitz		AT	Steiermark	ort		312	47.18333	15.66667
2782724	Altaussee		AT	Steiermark	ort		309	47.63844	13.76278
2779243	Friedberg		AT	Steiermark	ort		308	47.43333	16.05000
3324790	Eppenstein		AT	Steiermark	ort		308	47.12833	14.73750
2660540	Grancy		CH	Waadt	ort		308	46.59214	6.46391
2767936	Rappottenstein		AT	Niederösterreich	ort		307	48.52161	15.07925
2769113	Perchau am Sattel		AT	Steiermark	ort		304	47.10000	14.45000
2776982	Hainersdorf		AT	Steiermark	ort		304	47.11506	15.94374
2780811	Dorfbeuern		AT	Salzburg	ort		304	48.01667	13.01667
2766564	Sankt Marein bei Knittelfeld		AT	Steiermark	ort		303	47.27396	14.86085
2761105	Windigsteig		AT	Niederösterreich	ort		302	48.76667	15.28333
2776676	Haunoldstein		AT	Niederösterreich	ort		302	48.20000	15.45000
2781317	Brunn an der Wild		AT	Niederösterreich	ort		302	48.69425	15.52008
2782628	Altmelon		AT	Niederösterreich	ort		302	48.46222	14.96552
2775000	Jungholz		AT	Tirol	ort		301	47.57409	10.44723
2781387	Bromberg		AT	Niederösterreich	ort		301	47.66539	16.20990
2764621	Statzendorf		AT	Niederösterreich	ort		299	48.30752	15.64127
2765601	Schrems bei Frohnleiten		AT	Steiermark	ort		299	47.28109	15.35932
2768139	Rachau		AT	Steiermark	ort		299	47.21667	14.90000
2769484	Oepping		AT	Oberösterreich	ort		299	48.60284	13.94586
2773264	Kulm am Zirbitz		AT	Steiermark	ort		299	47.05814	14.48702
2763677	Thomatal		AT	Salzburg	ort		298	47.06667	13.75000
2765095	Siegersdorf bei Herberstein		AT	Steiermark	ort		298	47.20000	15.78333
2773818	Kohlberg		AT	Steiermark	ort		298	46.90000	15.78333
2781411	Bretstein		AT	Steiermark	ort		298	47.33333	14.41667
2781727	Blaindorf		AT	Steiermark	ort		297	47.17498	15.86795
2774776	Kapelln		AT	Niederösterreich	ort		296	48.25817	15.75731
2777272	Gundersdorf		AT	Steiermark	ort		296	46.95000	15.23333
2771083	Mühlen		AT	Steiermark	ort		295	47.03071	14.50848
2778470	Glinzendorf		AT	Niederösterreich	ort		295	48.24605	16.64060
2766485	Sankt Nikolai im Sausal		AT	Steiermark	ort		294	46.82111	15.45194
2772254	Lorüns		AT	Vorarlberg	ort		294	47.13306	9.85000
2765614	Schrattenthal		AT	Niederösterreich	ort		293	48.70000	15.90000
2773613	Krakauschatten		AT	Steiermark	ort		293	47.18333	13.96667
2778467	Globasnitz		AT	Kärnten	ort		293	46.55694	14.70278
3339261	Sankt Oswald ob Eibiswald		AT	Steiermark	ort		292	46.70833	15.14667
2764972	Soboth		AT	Steiermark	ort		291	46.68139	15.07833
2660545	Gottlieben		CH	Thurgau	ort		290	47.66380	9.13371
2764699	Stallehr		AT	Vorarlberg	ort		289	47.13306	9.85000
2780846	Donnersbach		AT	Steiermark	ort		289	47.46139	14.12972
7279898	Bad Leonfelden		AT	Oberösterreich	ort		288	48.52047	14.29459
2779703	Feistritz ob Bleiburg		AT	Kärnten	ort		287	46.55000	14.76667
2782061	Badersdorf		AT	Burgenland	ort		287	47.20000	16.36667
2778013	Gressenberg		AT	Steiermark	ort		286	46.80000	15.11667
2763574	Tobaj		AT	Burgenland	ort		285	47.08333	16.30000
2764222	Straden		AT	Steiermark	ort		283	46.80917	15.86806
2778968	Gallizien		AT	Kärnten	ort		283	46.55000	14.51667
2659638	Mollens		CH	Waadt	ort		282	46.57760	6.36320
2768512	Poppendorf		AT	Steiermark	ort		281	46.85611	15.85639
2771978	Marbach an der Donau		AT	Niederösterreich	ort		280	48.21667	15.15000
2765725	Schönbach		AT	Niederösterreich	ort		278	48.45000	15.03333
2763215	Tweng		AT	Salzburg	ort		276	47.18333	13.60000
2766162	Schandorf		AT	Burgenland	ort		276	47.24183	16.42267
2779094	Furth an der Triesting		AT	Niederösterreich	ort		276	47.97326	15.97326
2764704	Stainz bei Straden		AT	Steiermark	ort		275	46.82444	15.89222
2764682	Stambach		AT	Steiermark	ort		274	47.33333	15.93333
2766629	Sankt Katharein an der Laming		AT	Steiermark	ort		274	47.47069	15.16319
2768839	Pierbach		AT	Oberösterreich	ort		274	48.34815	14.75575
2769782	Oberrettenbach		AT	Steiermark	ort		273	47.15000	15.80000
2776906	Handenberg		AT	Oberösterreich	ort		273	48.13356	13.00751
2763099	Unterbergla		AT	Steiermark	ort		272	46.80746	15.31516
2765798	Schnepfau		AT	Vorarlberg	ort		272	47.35206	9.94520
2768359	Preitenegg		AT	Kärnten	ort		271	46.94000	14.92583
2772538	Lichtenegg		AT	Niederösterreich	ort		271	47.60000	16.20000
3217418	Thurn		AT	Tirol	ort		270	46.85056	12.76861
2766677	Sankt Ilgen		AT	Steiermark	ort		269	47.55000	15.16667
2766546	Sankt Margareten im Rosental		AT	Kärnten	ort		268	46.54417	14.42444
2782795	Allerheiligen im Mürztal		AT	Steiermark	ort		268	47.46667	15.40000
2768320	Prigglitz		AT	Niederösterreich	ort		264	47.70318	15.92794
2771900	Maria Taferl		AT	Niederösterreich	ort		264	48.22702	15.15954
2766779	Sankt Aegidi		AT	Oberösterreich	ort		263	48.47929	13.73737
2765487	Schwarzau im Schwarzautal		AT	Steiermark	ort		259	46.87886	15.66421
2779433	Forchach		AT	Tirol	ort		259	47.41667	10.58333
2779648	Fendels		AT	Tirol	ort		259	47.05390	10.67777
2766856	Salla		AT	Steiermark	ort		258	47.10000	14.96667
2778431	Gnadendorf		AT	Niederösterreich	ort		258	48.61667	16.40000
2762619	Untertauern		AT	Salzburg	ort		257	47.30000	13.50000
2763313	Trössing		AT	Steiermark	ort		257	46.81667	15.81667
2770966	Naas		AT	Steiermark	ort		257	47.25086	15.59449
2764230	Stössing		AT	Niederösterreich	ort		256	48.12267	15.81379
2771925	Maria Laach am Jauerling		AT	Niederösterreich	ort		256	48.30412	15.34472
2773317	Krusdorf		AT	Steiermark	ort		256	46.83944	15.86083
2773343	Krumau am Kamp		AT	Niederösterreich	ort		256	48.58879	15.44914
2764605	Steeg		AT	Tirol	ort		254	47.24393	10.29436
2764284	Stockenboi		AT	Kärnten	ort		253	46.72611	13.52306
2773804	Kohlschwarz		AT	Steiermark	ort		253	47.11667	15.11667
2776240	Hintersee		AT	Salzburg	ort		252	47.70000	13.28333
2780259	Eichgraben		AT	Niederösterreich	ort		251	48.17204	15.98391
2771200	Mörtschach		AT	Kärnten	ort		249	46.92389	12.91778
2775542	Hopfgarten in Defereggen		AT	Tirol	ort		249	46.91917	12.53639
2778642	Gerolding		AT	Niederösterreich	ort		246	48.25000	15.41667
2762223	Vorderhornbach		AT	Tirol	ort		245	47.37009	10.53947
2778533	Glanegg		AT	Kärnten	ort		245	46.72259	14.19893
2776594	Heiligenbrunn		AT	Burgenland	ort		244	47.02705	16.41688
2658365	Tiefencastel		CH	Graubünden	ort		244	46.66014	9.57883
2767809	Redleiten		AT	Oberösterreich	ort		243	48.08138	13.46894
2768466	Pötting		AT	Oberösterreich	ort		243	48.28325	13.77059
2780603	Dürnstein in der Steiermark		AT	Steiermark	ort		242	46.98833	14.39167
2774370	Kirchschlag		AT	Niederösterreich	ort		240	48.39345	15.22285
2761670	Weinzierl am Walde		AT	Niederösterreich	ort		239	48.43211	15.43210
2776682	Haugschlag		AT	Niederösterreich	ort		239	48.98333	15.05000
3217911	Untertilliach		AT	Tirol	ort		237	46.70346	12.67758
2763672	Thörl		AT	Steiermark	ort		235	47.51952	15.22276
2775125	Japons		AT	Niederösterreich	ort		234	48.79250	15.56831
2778718	Geistthal		AT	Steiermark	ort		233	47.16667	15.16667
2769424	Oppenberg		AT	Steiermark	ort		232	47.48333	14.26667
2760485	Zöblen		AT	Tirol	ort		231	47.50772	10.47971
2762843	Unterkohlstätten		AT	Burgenland	ort		228	47.38333	16.31667
2771432	Mitterlabill		AT	Steiermark	ort		227	46.88917	15.63556
2774076	Kleinmürbisch		AT	Burgenland	ort		226	47.03299	16.32448
2781273	Buchbach		AT	Niederösterreich	ort		226	47.69648	15.98425
2762732	Unterperfuss		AT	Tirol	ort		224	47.26667	11.25000
7667386	Schröcken		AT	Vorarlberg	ort		224	47.25755	10.09197
2779424	Fornach		AT	Oberösterreich	ort		223	48.02277	13.42941
2763118	Unterauersbach		AT	Steiermark	ort		218	46.86556	15.77028
2772302	Loich		AT	Niederösterreich	ort		216	47.99578	15.40163
2776441	Heugraben		AT	Burgenland	ort		216	47.11783	16.19041
2782453	Apfelberg		AT	Steiermark	ort		214	47.20000	14.83333
2760590	Zeutschach		AT	Steiermark	ort		213	47.06667	14.36667
2764382	Stenzengreith		AT	Steiermark	ort		212	47.20000	15.51667
2766520	Sankt Martin am Grimming		AT	Steiermark	ort		211	47.48873	13.98105
2775721	Hohenthurn		AT	Kärnten	ort		209	46.55774	13.66038
2779372	Frannach		AT	Steiermark	ort		209	46.91306	15.63361
2658543	Sottens		CH	Waadt	ort		209	46.65521	6.74197
2762013	Waldhausen		AT	Niederösterreich	ort		208	48.52183	15.26250
2769078	Pernegg		AT	Niederösterreich	ort		207	48.73333	15.61667
2782991	Aderklaa		AT	Niederösterreich	ort		207	48.28333	16.53333
2661595	Bauen		CH	Uri	ort		206	46.93559	8.57836
2771330	Modriach		AT	Steiermark	ort		202	46.95000	15.05000
2767088	Röthelstein		AT	Steiermark	ort		201	47.31667	15.36667
2775619	Hollenegg		AT	Steiermark	ort		201	46.79147	15.21345
2778967	Gallmannsegg		AT	Steiermark	ort		200	47.18333	15.06667
2771313	Mölbling		AT	Kärnten	ort		199	46.85000	14.43333
2780563	Ebenau		AT	Salzburg	ort		198	47.79073	13.17527
2776523	Hengsberg		AT	Steiermark	ort		196	46.86667	15.43333
2768274	Puchenstuben		AT	Niederösterreich	ort		195	47.92819	15.28748
2763160	Ungenach		AT	Oberösterreich	ort		194	48.04756	13.61472
2767707	Reingers		AT	Niederösterreich	ort		194	48.96667	15.13333
2782693	Altendorf		AT	Niederösterreich	ort		194	47.65000	16.01667
2760635	Zell am Pettenfirst		AT	Oberösterreich	ort		193	48.08009	13.59936
2771207	Mortantsch		AT	Steiermark	ort		191	47.20752	15.57954
2781941	Baumgarten bei Gnas		AT	Steiermark	ort		191	46.91667	15.76667
2767005	Ruden		AT	Kärnten	ort		189	46.65833	14.77639
2770734	Neukirchen bei Lambach		AT	Oberösterreich	ort		186	48.10000	13.81667
2773038	Lang		AT	Steiermark	ort		183	46.83765	15.50471
2781466	Breitenfeld am Tannenriegel		AT	Steiermark	ort		183	46.85000	15.63333
2778864	Garanas		AT	Steiermark	ort		182	46.76667	15.11667
2779506	Flatschach		AT	Steiermark	ort		180	47.21667	14.75000
2779814	Fallbach		AT	Niederösterreich	ort		180	48.65000	16.41667
2771436	Mitterkirchen im Machland		AT	Oberösterreich	ort		179	48.18795	14.69593
2772226	Ludmannsdorf		AT	Kärnten	ort		179	46.54139	14.13425
2761714	Weilbach		AT	Oberösterreich	ort		176	48.27725	13.37165
2771473	Mitterdorf an der Raab		AT	Steiermark	ort		176	47.16667	15.60000
2761996	Waldkirchen am Wesen		AT	Oberösterreich	ort		174	48.44059	13.82174
2763395	Trebesing		AT	Kärnten	ort		174	46.88639	13.51028
2768897	Piberegg		AT	Steiermark	ort		174	47.09424	15.11658
2763476	Trahütten		AT	Steiermark	ort		173	46.82500	15.15694
2764988	Sittersdorf		AT	Kärnten	ort		173	46.54444	14.60583
2770042	Oberhofen am Irrsee		AT	Oberösterreich	ort		173	47.95000	13.30000
2770995	Mürzsteg		AT	Steiermark	ort		173	47.67556	15.49145
2768748	Pitschgau		AT	Steiermark	ort		171	46.70000	15.26667
2761995	Waldkirchen an der Thaya		AT	Niederösterreich	ort		170	48.93333	15.35000
2765488	Schwarzau im Gebirge		AT	Niederösterreich	ort		169	47.81223	15.70581
2769246	Parbasdorf		AT	Niederösterreich	ort		169	48.28333	16.60000
2765928	Schlatt		AT	Oberösterreich	ort		167	48.07177	13.78904
6692405	St. Georgen am Längsee		AT	Kärnten	ort		167	46.78061	14.43033
2769344	Ottenschlag im Mühlkreis		AT	Oberösterreich	ort		164	48.46632	14.38471
2760996	Wippenham		AT	Oberösterreich	ort		162	48.22250	13.37920
2761473	Wernersdorf		AT	Steiermark	ort		161	46.71592	15.20718
2764527	Steinbach am Attersee		AT	Oberösterreich	ort		155	47.83087	13.54613
2775043	Johnsbach		AT	Steiermark	ort		154	47.53333	14.58333
2767273	Röhrenbach		AT	Niederösterreich	ort		152	48.65000	15.50000
2768175	Raach am Hochgebirge		AT	Niederösterreich	ort		151	47.63333	15.93333
2771894	Maria Wörth		AT	Kärnten	ort		151	46.61639	14.16306
2768961	Pfaffing		AT	Oberösterreich	ort		150	48.01800	13.47507
2779288	Freiland bei Deutschlandsberg		AT	Steiermark	ort		150	46.83333	15.13333
2761870	Warth		AT	Vorarlberg	ort		148	47.25000	10.18333
2782887	Aichkirchen		AT	Oberösterreich	ort		148	48.10944	13.79158
2769697	Oberstorcha		AT	Steiermark	ort		146	46.96667	15.80000
2764364	Steuerberg		AT	Kärnten	ort		144	46.78804	14.11290
7909799	Nebelberg		AT	Oberösterreich	ort		144	48.62854	13.84629
2782406	Arnreit		AT	Oberösterreich	ort		141	48.52513	13.99487
2782942	Ahorn		AT	Oberösterreich	ort		141	48.52382	14.17408
2766695	Sankt Georgen bei Obernberg am Inn		AT	Oberösterreich	ort		140	48.29193	13.33320
2772105	Maierdorf		AT	Steiermark	ort		139	46.89250	15.84972
2782544	Andlersdorf		AT	Niederösterreich	ort		137	48.18333	16.66667
2769378	Osterwitz		AT	Steiermark	ort		135	46.85943	15.08998
2776975	Hainsdorf im Schwarzautal		AT	Steiermark	ort		134	46.83583	15.64139
2778871	Ganz		AT	Steiermark	ort		134	47.60000	15.68333
2761772	Weichselbaum		AT	Burgenland	ort		133	46.94250	16.18750
11694169	Doppl		AT	Oberösterreich	ort		129	48.28245	14.56851
2778832	Gasen		AT	Steiermark	ort		125	47.38333	15.56667
2761754	Weiden bei Rechnitz		AT	Burgenland	ort		123	47.30000	16.35000
2770889	Neidling		AT	Niederösterreich	ort		122	48.24005	15.55591
2771998	Manning		AT	Oberösterreich	ort		122	48.08851	13.66682
2779073	Gaal		AT	Steiermark	ort		119	47.27268	14.67003
2768738	Pitzenberg		AT	Oberösterreich	ort		118	48.07361	13.72484
2769994	Oberkurzheim		AT	Steiermark	ort		118	47.23333	14.58333
2769391	Ossiach		AT	Kärnten	ort		116	46.67435	13.98358
2764029	Sulztal an der Weinstraße		AT	Steiermark	ort		114	46.68333	15.55000
2773426	Krispl		AT	Salzburg	ort		110	47.71667	13.18333
2773921	Kloster		AT	Steiermark	ort		108	46.88333	15.08333
2660341	Hinterrhein		CH	Graubünden	ort		108	46.53333	9.20000
2769131	Pennewang		AT	Oberösterreich	ort		107	48.13333	13.85000
2766115	Schattwald		AT	Tirol	ort		106	47.51427	10.46143
2770780	Neuhaus		AT	Kärnten	ort		101	46.63333	14.88333
2777674	Großhofen		AT	Niederösterreich	ort		98	48.25834	16.61940
2766710	Sankt Georgen am Fillmannsbach		AT	Oberösterreich	ort		96	48.12560	13.00811
2661704	Arvigo		CH	Graubünden	ort		92	46.30211	9.11300
2661307	Buseno		CH	Graubünden	ort		90	46.27381	9.10735
2769263	Palting		AT	Oberösterreich	ort		87	48.01542	13.12712
11592075	Dünserberg		AT	Vorarlberg	ort		84	47.22752	9.72372
2776872	Hardegg		AT	Niederösterreich	ort		82	48.85000	15.85000
2777041	Haibach im Mühlkreis		AT	Oberösterreich	ort		80	48.44429	14.34411
11591941	Seitenberg		AT	Kärnten	ort		73	46.74801	14.08825
2779339	Frauenberg		AT	Steiermark	ort		69	47.42855	15.34206
2763300	Tschanigraben		AT	Burgenland	ort		62	47.01667	16.30000
11592464	Mautbrücken		AT	Kärnten	ort		62	46.72037	14.19399
2767734	Reifling		AT	Steiermark	ort		60	47.13333	14.66667
3319503	Mühlbachl		AT	Tirol	ort		60	47.13333	11.45000
11862778	Wudmath		AT	Kärnten	ort		60	46.59634	13.98067
2782274	Atzesberg		AT	Oberösterreich	ort		57	48.53959	13.86936
2768263	Pühret		AT	Oberösterreich	ort		49	48.03488	13.72252
2765621	Schrattenbach		AT	Niederösterreich	ort		45	47.77902	15.99060
2770941	Namlos		AT	Tirol	ort		45	47.35000	10.66667
2778135	Gramais		AT	Tirol	ort		45	47.26667	10.53333
2778152	Grafenegg		AT	Niederösterreich	ort		45	48.43040	15.74907
2766932	Rutzenham		AT	Oberösterreich	ort		36	48.06076	13.71883
2661248	Cauco		CH	Graubünden	ort		34	46.33541	9.12129
11609705	Weißenkirchen im Attergau		AT	Oberösterreich	ort		31	47.94964	13.41843
11862776	Schleben		AT	Kärnten	ort		27	46.62039	13.93301
11695224	Tiefenbach		AT	Niederösterreich	ort		25	47.53540	16.21346
2780397	Edt bei Lambach		AT	Oberösterreich	ort		24	48.11667	13.88333
11612324	Wagnergraben		AT	Salzburg	ort		21	48.02036	13.02395
2778454	Glojach		AT	Steiermark	ort		18	46.86667	15.66667
11862809	Höfling		AT	Niederösterreich	ort		11	48.05444	15.03672
11592519	Draschen		AT	Kärnten	ort		10	46.76909	14.06758
11694168	Unterjosefstal		AT	Oberösterreich	ort		8	48.29216	14.57525
3324645	Frauenstein		AT	Kärnten	ort		7	46.81417	14.29417
11592518	Fresen		AT	Kärnten	ort		7	46.70516	14.04513
2763360	Triebendorf		AT	Steiermark	ort		2	47.11667	14.23333
2764625	Stattegg		AT	Steiermark	ort		0	47.13333	15.41667
2764721	Stadl-Paura		AT	Oberösterreich	ort		0	48.08333	13.86667
2764746	Staatz		AT	Niederösterreich	ort		0	48.67617	16.48726
2765464	Schwarzenbach an der Pielach		AT	Niederösterreich	ort		0	47.93333	15.38333
2765837	Schmirn		AT	Tirol	ort		0	47.08333	11.56667
2766350	Sankt Veit in Defereggen		AT	Tirol	ort		0	46.92722	12.42972
2766419	Sankt Roman		AT	Oberösterreich	ort		0	48.48183	13.61056
2766508	Sankt Martin im Sulmtal		AT	Steiermark	ort		0	46.75611	15.29722
2766510	Sankt Martin im Innkreis		AT	Oberösterreich	ort		0	48.29387	13.43868
2766565	Sankt Marein bei Graz		AT	Steiermark	ort		0	47.01583	15.68389
2766625	Sankt Kathrein am Offenegg		AT	Steiermark	ort		0	47.30000	15.58333
2766648	Sankt Johann am Tauern		AT	Steiermark	ort		0	47.35000	14.46667
2766661	Sankt Jakob im Walde		AT	Steiermark	ort		0	47.46667	15.78333
2766758	Sankt Anna am Aigen		AT	Steiermark	ort		0	46.83111	15.97139
2767904	Ratten		AT	Steiermark	ort		0	47.48333	15.71667
2768437	Prägraten		AT	Tirol	ort		0	47.01667	12.38333
2768578	Pöllauberg		AT	Steiermark	ort		0	47.31667	15.85000
2769423	Opponitz		AT	Niederösterreich	ort		0	47.87776	14.82283
2770844	Neuberg an der Mürz		AT	Steiermark	ort		0	47.66423	15.57226
2771053	Muhr		AT	Salzburg	ort		0	47.09893	13.49756
2771271	Mönichwald		AT	Steiermark	ort		0	47.44655	15.88275
2771507	Mitterbach am Erlaufsee		AT	Niederösterreich	ort		0	47.81396	15.29537
2771601	Miesenbach bei Birkfeld		AT	Steiermark	ort		0	47.36667	15.76667
2771606	Mieming		AT	Tirol	ort		0	47.30000	10.98333
2772333	Lödersdorf		AT	Steiermark	ort		0	46.95861	15.94333
2772891	Lassing		AT	Steiermark	ort		0	47.53374	14.25808
2773020	Langegg bei Graz		AT	Steiermark	ort		0	47.05000	15.63333
2773056	Landl		AT	Steiermark	ort		0	47.65666	14.73189
2773605	Kramsach		AT	Tirol	ort		0	47.44312	11.87545
2774341	Kitzeck im Sausal		AT	Steiermark	ort		0	46.78072	15.45384
2776106	Hochburg-Ach		AT	Oberösterreich	ort		0	48.13001	12.87735
2778272	Gössenberg		AT	Steiermark	ort		0	47.41667	13.81667
2778385	Goldegg		AT	Salzburg	ort		0	47.31875	13.09922
2779827	St. Ruprecht-Falkendorf		AT	Steiermark	ort		0	47.10110	14.01752
2780570	Eben am Achensee		AT	Tirol	ort		0	47.41380	11.76138
2780760	Dorfstetten		AT	Niederösterreich	ort		0	48.32573	14.98218
2781924	Behamberg		AT	Niederösterreich	ort		0	48.01667	14.48333
2782496	Annaberg		AT	Niederösterreich	ort		0	47.87134	15.37648
2782878	Bad Kleinkirchheim		AT	Kärnten	ort		0	46.81556	13.78056
2782915	Aich		AT	Steiermark	ort		0	47.42280	13.82145
3221665	Sankt Jakob in Defereggen		AT	Tirol	ort		0	46.91972	12.33139
3319571	Navis		AT	Tirol	ort		0	47.54030	11.13070
3323819	Heinfels		AT	Tirol	ort		0	46.75000	12.45000
3323885	Kals am Großglockner		AT	Tirol	ort		0	47.00227	12.64552
3333673	Hochleithen		AT	Niederösterreich	ort		0	48.45317	16.53090
6355129	Wildschönau		AT	Tirol	ort		0	47.40619	12.03784
6559656	Langkampfen		AT	Tirol	ort		0	47.54878	12.10127
6692402	Berg im Drautal		AT	Kärnten	ort		0	46.74915	13.13536
6697276	Afiesl		AT	Oberösterreich	ort		0	48.58229	14.12777
6942812	Großkirchheim		AT	Kärnten	ort		0	46.97270	12.89589
7290052	Pfarrwerfen		AT	Salzburg	ort		0	47.45729	13.20531
8126035	Sonnberg im Mühlkreis		AT	Oberösterreich	ort		0	48.46080	14.31167
8520921	Sonntag		AT	Vorarlberg	ort		0	47.23857	9.89765
11524771	Micheldorf in Kärnten		AT	Kärnten	ort		0	46.91465	14.42733
11592306	Assling		AT	Tirol	ort		0	46.78663	12.63951
11592321	Thiersee		AT	Tirol	ort		0	47.59424	12.11758
11592461	Mauer		AT	Kärnten	ort		0	46.74104	14.22937
11594660	Sticklberg		AT	Steiermark	ort		0	47.53036	15.77911
11594661	Klaffenegg		AT	Steiermark	ort		0	47.51813	15.76006
11610092	Klausner		AT	Steiermark	ort		0	47.57560	14.35029
11668522	Illitsch		AT	Kärnten	ort		0	46.53855	13.86681
11694166	Wasserburg		AT	Oberösterreich	ort		0	48.27425	14.56152
11694167	Loitzenberg		AT	Oberösterreich	ort		0	48.27291	14.55259
11703834	Kreuzstetten		AT	Niederösterreich	ort		0	48.48046	16.47323
2658801	Santa Maria in Calanca		CH	Graubünden	ort		0	46.26285	9.14485
2659133	Promontogno		CH	Graubünden	ort		0	46.33939	9.55759
2659177	La Punt Chamues-ch		CH	Graubünden	ort		0	46.57887	9.92015
2659272	Ostermundigen		CH	Bern	ort		0	46.95694	7.49019
2660042	Landquart		CH	Graubünden	ort		0	46.95000	9.56667
2660074	St-Légier-La Chiésaz		CH	Waadt	ort		0	46.47227	6.87366
2660080	L'Abbaye		CH	Waadt	ort		0	46.64966	6.31907
2661016	Diessenhofen		CH	Thurgau	ort		0	47.68908	8.74958
6613214	Rottenschwil		CH	Aargau	ort		0	47.31375	8.36137
6692367	Münchenwiler		CH	Bern	ort		0	46.91334	7.12556
7288522	Veyras		CH	Wallis	ort		0	46.30212	7.53619
7290028	Känerkinden		CH	Basel-Landschaft	ort		0	47.41188	7.83716
7303237	Saint Saphorin		CH	Waadt	ort		0	46.47329	6.79601
7667389	Cuarnens		CH	Waadt	ort		0	46.62545	6.43713
7910920	Bünzen		CH	Aargau	ort		0	47.30977	8.32384
8334613	Biberstein		CH	Aargau	ort		0	47.41641	8.08508
8334626	Braggio		CH	Graubünden	ort		0	46.30277	9.12380
8379126	Saint-George		CH	Waadt	ort		0	46.51428	6.25980
8379137	Berolle		CH	Waadt	ort		0	46.55798	6.33551
8379138	Mauraz		CH	Waadt	ort		0	46.60558	6.42074
8379139	Chavannes-le-Veyron		CH	Waadt	ort		0	46.60700	6.45086
8379141	La Chaux		CH	Waadt	ort		0	46.61714	6.47223
8379142	Chevilly		CH	Waadt	ort		0	46.64272	6.47661
8379143	Moiry		CH	Waadt	ort		0	46.64914	6.45335
8379144	Ferreyres		CH	Waadt	ort		0	46.65804	6.48520
8379145	Orny		CH	Waadt	ort		0	46.66758	6.52639
8379146	Pompaples		CH	Waadt	ort		0	46.66699	6.50966
8379147	Penthéréaz		CH	Waadt	ort		0	46.68171	6.60390
8379148	Vuarrens		CH	Waadt	ort		0	46.68578	6.64793
8379149	Rueyres		CH	Waadt	ort		0	46.69337	6.69213
8469000	Tägertschi		CH	Bern	ort		0	46.87548	7.58529
8521664	Kirchleerau		CH	Aargau	ort		0	47.27579	8.06581
8521665	Matran		CH	Freiburg	ort		0	46.78593	7.09768
8533211	Oberhof		CH	Aargau	ort		0	47.44874	8.00273
8533238	Besenbüren		CH	Aargau	ort		0	47.31439	8.34586
8693092	Tenniken		CH	Basel-Landschaft	ort		0	47.43712	7.81149
10295648	Gansingen		CH	Aargau	ort		0	47.54290	8.13516
11048363	Vuisternens-devant-Romont		CH	Freiburg	ort		0	46.65312	6.92958
11789318	Wettswil		CH	Zürich	ort		0	47.33725	8.47527
11789322	Oberkulm		CH	Aargau	ort		0	47.29908	8.12242
11789352	Savosa		CH	Tessin	ort		0	46.01902	8.94236
11789668	Aeugst am Albis		CH	Zürich	ort		0	47.26703	8.48539
11789669	Pont-la-Ville		CH	Freiburg	ort		0	46.69793	7.11094
11790338	Servion		CH	Waadt	ort		0	46.57096	6.77835
11790339	Chéserex		CH	Waadt	ort		0	46.39935	6.17524
11790499	Hohentannen		CH	Thurgau	ort		0	47.50862	9.22500
11790500	Valeyres-sous-Montagny		CH	Waadt	ort		0	46.79859	6.61094
11790501	Bedigliora		CH	Tessin	ort		0	46.00252	8.84052
11790502	Uebeschi		CH	Bern	ort		0	46.73774	7.55580
11790503	Kleinbösingen		CH	Freiburg	ort		0	46.89404	7.20531
11790504	Niedermuhlern		CH	Bern	ort		0	46.85846	7.46663
11790563	Cheseaux-Noréaz		CH	Waadt	ort		0	46.78184	6.67029
11790564	Rochefort		CH	Neuenburg	ort		0	46.97768	6.80835
11790566	Corcelles-le-Jorat		CH	Waadt	ort		0	46.60647	6.74273
11790567	Rüegsau		CH	Bern	ort		0	47.02483	7.67395
11790569	Auswil		CH	Bern	ort		0	47.13632	7.83226
11790571	Rümligen		CH	Bern	ort		0	46.82975	7.49542
11790572	Donat		CH	Graubünden	ort		0	46.62843	9.42970
11790576	Surpierre		CH	Freiburg	ort		0	46.74612	6.85929
11790577	Oberhünigen		CH	Bern	ort		0	46.88049	7.65696
11791265	Les Clées		CH	Waadt	ort		0	46.73210	6.46266
11791556	Busswil bei Melchnau		CH	Bern	ort		0	47.18583	7.83194
11791557	Walliswil bei Niederbipp		CH	Bern	ort		0	47.23625	7.68991
11791558	Rüti bei Lyssach		CH	Bern	ort		0	47.05684	7.57679
2856405	Osterode am Harz		DE	Niedersachsen	ort		0	51.72686	10.25089
7302786	Haselbachtal		DE	Sachsen	ort		0	51.23570	14.02576
8378906	Burg Unter-Falkenstein		DE	Bayern	ort		0	47.70440	12.10466
